{
"type": "FeatureCollection",
"name": "landuse",
"crs": { "type": "name", "properties": { "name": "urn:ogc:def:crs:OGC:1.3:CRS84" } },
"features": [
{ "type": "Feature", "properties": { "LEV1": "Grünlandnutzung", "LEV2": "Erholungs- u. Freizeiteinrichtungen", "LEV3": "Parkanlage", "FLAECHE": 6273.0296782900004 }, "geometry": { "type": "Polygon", "coordinates": [ [ [ 16.39126426, 48.22140557 ], [ 16.39116877, 48.22247022 ], [ 16.39050166, 48.22240534 ], [ 16.39039573, 48.22239437 ], [ 16.39062522, 48.22134125 ], [ 16.39126426, 48.22140557 ] ] ] } },
{ "type": "Feature", "properties": { "LEV1": "Grünlandnutzung", "LEV2": "Erholungs- u. Freizeiteinrichtungen", "LEV3": "Parkanlage", "FLAECHE": 5796.27720813 }, "geometry": { "type": "Polygon", "coordinates": [ [ [ 16.43836164, 48.20037687 ], [ 16.4379065, 48.20070593 ], [ 16.43783895, 48.20075477 ], [ 16.43763447, 48.20090129 ], [ 16.43717235, 48.20060392 ], [ 16.43706398, 48.2005604 ], [ 16.43688908, 48.20055497 ], [ 16.43687263, 48.20055208 ], [ 16.43690737, 48.20055134 ], [ 16.43709762, 48.20004341 ], [ 16.43714705, 48.20004951 ], [ 16.43748754, 48.20012466 ], [ 16.43771385, 48.20014713 ], [ 16.43814474, 48.20021716 ], [ 16.43836164, 48.20037687 ] ] ] } },
{ "type": "Feature", "properties": { "LEV1": "Grünlandnutzung", "LEV2": "Erholungs- u. Freizeiteinrichtungen", "LEV3": "Parkanlage", "FLAECHE": 4051.8638258199999 }, "geometry": { "type": "Polygon", "coordinates": [ [ [ 16.40604475, 48.21713618 ], [ 16.40596642, 48.21715046 ], [ 16.40560079, 48.2172066 ], [ 16.40509935, 48.21721633 ], [ 16.40509912, 48.217206 ], [ 16.40504502, 48.21720343 ], [ 16.40502871, 48.21698517 ], [ 16.40504059, 48.2169116 ], [ 16.40506258, 48.21685268 ], [ 16.40508442, 48.21678036 ], [ 16.4051325, 48.21670668 ], [ 16.40522234, 48.21657551 ], [ 16.4054512, 48.21664498 ], [ 16.4055291, 48.21660423 ], [ 16.40583065, 48.21674683 ], [ 16.40593167, 48.2167946 ], [ 16.40604475, 48.21713618 ] ] ] } },
{ "type": "Feature", "properties": { "LEV1": "Grünlandnutzung", "LEV2": "Erholungs- u. Freizeiteinrichtungen", "LEV3": "Sportanlage, Freibad, Camping", "FLAECHE": 62594.477263809997 }, "geometry": { "type": "Polygon", "coordinates": [ [ [ 16.42625549, 48.2081856 ], [ 16.42603775, 48.20805272 ], [ 16.42460338, 48.2090689 ], [ 16.42455225, 48.20907245 ], [ 16.42446754, 48.20902548 ], [ 16.42338204, 48.20834334 ], [ 16.42336955, 48.20833546 ], [ 16.42414996, 48.20757988 ], [ 16.42491531, 48.20691946 ], [ 16.42561493, 48.20638616 ], [ 16.42605093, 48.20612969 ], [ 16.4264517, 48.20596138 ], [ 16.42659909, 48.20591556 ], [ 16.42691124, 48.20581852 ], [ 16.42708072, 48.20576583 ], [ 16.42795302, 48.2061557 ], [ 16.42787658, 48.20626141 ], [ 16.42833822, 48.20654533 ], [ 16.42893336, 48.20612368 ], [ 16.42901113, 48.20617221 ], [ 16.42906458, 48.20620103 ], [ 16.42900679, 48.20624363 ], [ 16.42822683, 48.20679622 ], [ 16.42778404, 48.20710931 ], [ 16.42772625, 48.20715018 ], [ 16.42757688, 48.20703704 ], [ 16.42718843, 48.20729028 ], [ 16.42756721, 48.20750076 ], [ 16.42700034, 48.20792277 ], [ 16.42677718, 48.20781474 ], [ 16.42625549, 48.2081856 ] ] ] } },
{ "type": "Feature", "properties": { "LEV1": "Grünlandnutzung", "LEV2": "Erholungs- u. Freizeiteinrichtungen", "LEV3": "Parkanlage", "FLAECHE": 11491.763271080001 }, "geometry": { "type": "Polygon", "coordinates": [ [ [ 16.4056672, 48.22504792 ], [ 16.40566006, 48.22505336 ], [ 16.40562195, 48.22508238 ], [ 16.40554986, 48.22512101 ], [ 16.40548965, 48.22513424 ], [ 16.40543129, 48.22512693 ], [ 16.40540497, 48.22514455 ], [ 16.40539956, 48.22514817 ], [ 16.40432088, 48.22457505 ], [ 16.40414555, 48.22450689 ], [ 16.40391553, 48.22449597 ], [ 16.40346268, 48.22462565 ], [ 16.40338498, 48.22459162 ], [ 16.40337582, 48.22458523 ], [ 16.40461027, 48.22358697 ], [ 16.404621, 48.2235924 ], [ 16.40527298, 48.2239317 ], [ 16.40549929, 48.22404941 ], [ 16.40555704, 48.22406475 ], [ 16.40562931, 48.22405707 ], [ 16.40568701, 48.22402996 ], [ 16.40645915, 48.22444075 ], [ 16.40636275, 48.22451789 ], [ 16.40634229, 48.22451466 ], [ 16.4057645, 48.22420564 ], [ 16.40561715, 48.22432579 ], [ 16.40513102, 48.22404032 ], [ 16.40470176, 48.22436701 ], [ 16.40512293, 48.22461378 ], [ 16.40503527, 48.22467957 ], [ 16.40564827, 48.22504037 ], [ 16.4056672, 48.22504792 ] ] ] } },
{ "type": "Feature", "properties": { "LEV1": "Grünlandnutzung", "LEV2": "Erholungs- u. Freizeiteinrichtungen", "LEV3": "Sportanlage, Freibad, Camping", "FLAECHE": 146456.49518056001 }, "geometry": { "type": "Polygon", "coordinates": [ [ [ 16.41733066, 48.20779891 ], [ 16.41776252, 48.20807625 ], [ 16.41874698, 48.20882541 ], [ 16.41910039, 48.20913272 ], [ 16.41925588, 48.20927128 ], [ 16.4187911, 48.20957523 ], [ 16.4186868, 48.20963835 ], [ 16.41801542, 48.20998542 ], [ 16.41730155, 48.21036113 ], [ 16.41705132, 48.21054908 ], [ 16.41538091, 48.21144642 ], [ 16.41427603, 48.21202076 ], [ 16.41410414, 48.21206576 ], [ 16.41398698, 48.21209326 ], [ 16.41389874, 48.21210852 ], [ 16.41376811, 48.21212309 ], [ 16.41353809, 48.21212781 ], [ 16.41339095, 48.21211903 ], [ 16.41326888, 48.21210157 ], [ 16.41309768, 48.21206949 ], [ 16.41296293, 48.21203181 ], [ 16.41282264, 48.21197633 ], [ 16.41269998, 48.21192074 ], [ 16.41258107, 48.21185319 ], [ 16.4124398, 48.21176785 ], [ 16.41235305, 48.21170414 ], [ 16.41225239, 48.21160196 ], [ 16.41220871, 48.21154668 ], [ 16.41214709, 48.21145868 ], [ 16.4120857, 48.21134459 ], [ 16.4120638, 48.21127779 ], [ 16.4120462, 48.21120459 ], [ 16.41203735, 48.21113436 ], [ 16.4120328, 48.21105801 ], [ 16.4120371, 48.21096421 ], [ 16.41205003, 48.2108856 ], [ 16.41209117, 48.21076893 ], [ 16.41210874, 48.21073142 ], [ 16.41213826, 48.21067969 ], [ 16.41218164, 48.21062201 ], [ 16.41221858, 48.21057774 ], [ 16.41228347, 48.21051196 ], [ 16.41232445, 48.21047623 ], [ 16.41236262, 48.21044617 ], [ 16.41240859, 48.21041322 ], [ 16.4124715, 48.21037559 ], [ 16.41345711, 48.20985836 ], [ 16.4134241, 48.20982987 ], [ 16.41244844, 48.21034197 ], [ 16.4123952, 48.2103715 ], [ 16.41231657, 48.21042668 ], [ 16.41228257, 48.21045359 ], [ 16.41223984, 48.21049085 ], [ 16.41219537, 48.21053441 ], [ 16.4121505, 48.2105848 ], [ 16.41208833, 48.21066767 ], [ 16.41196868, 48.21064266 ], [ 16.41189168, 48.21061735 ], [ 16.41185598, 48.21059282 ], [ 16.4118139, 48.21055642 ], [ 16.41170275, 48.21046025 ], [ 16.41323912, 48.20960776 ], [ 16.41286861, 48.20930291 ], [ 16.41499165, 48.2082022 ], [ 16.41518791, 48.208091 ], [ 16.415229, 48.20812506 ], [ 16.41578583, 48.20800533 ], [ 16.41622428, 48.20807761 ], [ 16.41655598, 48.2081897 ], [ 16.41733066, 48.20779891 ] ] ] } },
{ "type": "Feature", "properties": { "LEV1": "Grünlandnutzung", "LEV2": "Erholungs- u. Freizeiteinrichtungen", "LEV3": "Parkanlage", "FLAECHE": 13612.235902 }, "geometry": { "type": "Polygon", "coordinates": [ [ [ 16.39529346, 48.21716673 ], [ 16.39509172, 48.21722592 ], [ 16.39497644, 48.21725033 ], [ 16.39485376, 48.21729582 ], [ 16.39431497, 48.21751745 ], [ 16.3939585, 48.21762365 ], [ 16.39393318, 48.21762185 ], [ 16.39392307, 48.21761645 ], [ 16.3939166, 48.21760889 ], [ 16.39391363, 48.21758855 ], [ 16.39385584, 48.21755814 ], [ 16.39351078, 48.21699608 ], [ 16.3933258, 48.21687118 ], [ 16.39330936, 48.21685399 ], [ 16.39329992, 48.21683707 ], [ 16.39329668, 48.21682069 ], [ 16.39329762, 48.21680116 ], [ 16.39330636, 48.21678027 ], [ 16.39338219, 48.21674301 ], [ 16.39338728, 48.21673435 ], [ 16.39441273, 48.2161911 ], [ 16.39443407, 48.21621845 ], [ 16.39471011, 48.21653575 ], [ 16.39477234, 48.21658689 ], [ 16.39483402, 48.21662957 ], [ 16.39488533, 48.21666048 ], [ 16.39490822, 48.21667306 ], [ 16.39490774, 48.21672864 ], [ 16.39519378, 48.21680116 ], [ 16.39524857, 48.21681795 ], [ 16.39530875, 48.21684166 ], [ 16.39541202, 48.21689404 ], [ 16.39549605, 48.21694103 ], [ 16.39561064, 48.21701121 ], [ 16.39562306, 48.21704573 ], [ 16.39529346, 48.21716673 ] ] ] } },
{ "type": "Feature", "properties": { "LEV1": "Grünlandnutzung", "LEV2": "Erholungs- u. Freizeiteinrichtungen", "LEV3": "Parkanlage", "FLAECHE": 7849.3736731400004 }, "geometry": { "type": "Polygon", "coordinates": [ [ [ 16.40043329, 48.22067397 ], [ 16.40016209, 48.22043157 ], [ 16.39992249, 48.22040192 ], [ 16.39966639, 48.22072998 ], [ 16.39945322, 48.22061579 ], [ 16.39996633, 48.2196133 ], [ 16.40088426, 48.2196136 ], [ 16.40095539, 48.21967228 ], [ 16.40043329, 48.22067397 ] ] ] } },
{ "type": "Feature", "properties": { "LEV1": "Grünlandnutzung", "LEV2": "Erholungs- u. Freizeiteinrichtungen", "LEV3": "Sportanlage, Freibad, Camping", "FLAECHE": 171961.69227276999 }, "geometry": { "type": "Polygon", "coordinates": [ [ [ 16.4421063, 48.18853064 ], [ 16.44197426, 48.1884822 ], [ 16.44130273, 48.18927295 ], [ 16.44122201, 48.189368 ], [ 16.44042082, 48.19031139 ], [ 16.4404333, 48.19031673 ], [ 16.44045069, 48.19032415 ], [ 16.43985115, 48.19101141 ], [ 16.43957282, 48.19098666 ], [ 16.43884312, 48.19069764 ], [ 16.43851071, 48.19045029 ], [ 16.43837222, 48.19034724 ], [ 16.43751731, 48.18949884 ], [ 16.43765331, 48.18937121 ], [ 16.4377239, 48.18930482 ], [ 16.43848399, 48.18851948 ], [ 16.43835625, 48.18840325 ], [ 16.43932046, 48.18741706 ], [ 16.43872306, 48.18685746 ], [ 16.4399531, 48.18608905 ], [ 16.44038099, 48.18599674 ], [ 16.44130124, 48.18564994 ], [ 16.4441497, 48.18452287 ], [ 16.44456321, 48.18438758 ], [ 16.4448425, 48.18430773 ], [ 16.44507939, 48.18427531 ], [ 16.44547351, 48.18425524 ], [ 16.44557941, 48.18422339 ], [ 16.44561997, 48.1841961 ], [ 16.44563806, 48.18416587 ], [ 16.4456414, 48.18408711 ], [ 16.44566976, 48.18421044 ], [ 16.4450397, 48.18477618 ], [ 16.44491328, 48.1849004 ], [ 16.44456994, 48.18534697 ], [ 16.44445892, 48.18550455 ], [ 16.44440528, 48.18551332 ], [ 16.44436351, 48.18553657 ], [ 16.44434611, 48.18557912 ], [ 16.44437378, 48.18562748 ], [ 16.44429291, 48.18573107 ], [ 16.44433491, 48.18575045 ], [ 16.4442268, 48.18588788 ], [ 16.44421521, 48.18593915 ], [ 16.44406953, 48.18611637 ], [ 16.44411583, 48.18613467 ], [ 16.44225154, 48.18839659 ], [ 16.44222556, 48.18838753 ], [ 16.4421063, 48.18853064 ] ] ] } },
{ "type": "Feature", "properties": { "LEV1": "Grünlandnutzung", "LEV2": "Erholungs- u. Freizeiteinrichtungen", "LEV3": "Parkanlage", "FLAECHE": 2425.9686479699999 }, "geometry": { "type": "Polygon", "coordinates": [ [ [ 16.39772196, 48.20698689 ], [ 16.39767139, 48.20734161 ], [ 16.39764801, 48.20747535 ], [ 16.39761668, 48.20760649 ], [ 16.39757235, 48.20777046 ], [ 16.39754139, 48.20787722 ], [ 16.39749204, 48.20800945 ], [ 16.39746935, 48.20804579 ], [ 16.39743801, 48.20805921 ], [ 16.39742443, 48.20806048 ], [ 16.39739656, 48.20805204 ], [ 16.39738592, 48.20804269 ], [ 16.39738978, 48.20800186 ], [ 16.3974877, 48.20753245 ], [ 16.39760236, 48.2068811 ], [ 16.39767646, 48.20640721 ], [ 16.3976775, 48.20637294 ], [ 16.39767275, 48.20634345 ], [ 16.39766425, 48.20631836 ], [ 16.39760815, 48.20621074 ], [ 16.39760019, 48.20618889 ], [ 16.39759598, 48.2061621 ], [ 16.39759891, 48.20612963 ], [ 16.39760278, 48.20610894 ], [ 16.39764342, 48.20611342 ], [ 16.39764141, 48.20612358 ], [ 16.39770936, 48.20612903 ], [ 16.39770575, 48.20614954 ], [ 16.39770711, 48.20615502 ], [ 16.39772012, 48.20615898 ], [ 16.39784745, 48.20616871 ], [ 16.39786655, 48.20617121 ], [ 16.39789496, 48.20618397 ], [ 16.39790156, 48.2061899 ], [ 16.3979114, 48.2062059 ], [ 16.39787913, 48.20644523 ], [ 16.39780405, 48.20644041 ], [ 16.39772196, 48.20698689 ] ] ] } },
{ "type": "Feature", "properties": { "LEV1": "Grünlandnutzung", "LEV2": "Erholungs- u. Freizeiteinrichtungen", "LEV3": "Parkanlage", "FLAECHE": 32994.553683680002 }, "geometry": { "type": "Polygon", "coordinates": [ [ [ 16.39687812, 48.21888668 ], [ 16.39664799, 48.21949144 ], [ 16.39629683, 48.22002321 ], [ 16.39625139, 48.22006056 ], [ 16.39479775, 48.21927712 ], [ 16.39426573, 48.21970374 ], [ 16.39401675, 48.21956546 ], [ 16.39394364, 48.21952717 ], [ 16.39393515, 48.21952273 ], [ 16.39392225, 48.21951597 ], [ 16.39385205, 48.21946563 ], [ 16.39382239, 48.21941969 ], [ 16.39375081, 48.21919139 ], [ 16.39375069, 48.21908751 ], [ 16.39375609, 48.21905387 ], [ 16.39388439, 48.21825343 ], [ 16.39388941, 48.21822212 ], [ 16.39394263, 48.21816076 ], [ 16.39404446, 48.21812761 ], [ 16.39606722, 48.21812605 ], [ 16.39605339, 48.21817874 ], [ 16.39605193, 48.21831252 ], [ 16.3961679, 48.21839958 ], [ 16.39614342, 48.21875539 ], [ 16.39654894, 48.21883218 ], [ 16.39682033, 48.21888375 ], [ 16.39687812, 48.21888668 ] ] ] } },
{ "type": "Feature", "properties": { "LEV1": "Grünlandnutzung", "LEV2": "Erholungs- u. Freizeiteinrichtungen", "LEV3": "Parkanlage", "FLAECHE": 15849.57081522 }, "geometry": { "type": "Polygon", "coordinates": [ [ [ 16.39862887, 48.21459115 ], [ 16.39859471, 48.21460484 ], [ 16.3981167, 48.21478721 ], [ 16.39722257, 48.21492708 ], [ 16.39708446, 48.21486386 ], [ 16.39843821, 48.21416048 ], [ 16.40033261, 48.21317 ], [ 16.40042525, 48.21312216 ], [ 16.4008278, 48.21360267 ], [ 16.4008186, 48.21360886 ], [ 16.40074739, 48.21364055 ], [ 16.40007275, 48.21397432 ], [ 16.39967694, 48.21424299 ], [ 16.39885341, 48.21466513 ], [ 16.39883471, 48.21466964 ], [ 16.39881857, 48.21467091 ], [ 16.39880592, 48.21467019 ], [ 16.39877361, 48.21466176 ], [ 16.3987487, 48.21464882 ], [ 16.39872863, 48.21463525 ], [ 16.3987184, 48.21462645 ], [ 16.39870641, 48.21461341 ], [ 16.39868145, 48.21456639 ], [ 16.39862887, 48.21459115 ] ] ] } },
{ "type": "Feature", "properties": { "LEV1": "Grünlandnutzung", "LEV2": "Erholungs- u. Freizeiteinrichtungen", "LEV3": "Parkanlage", "FLAECHE": 30780.578596840001 }, "geometry": { "type": "Polygon", "coordinates": [ [ [ 16.42101692, 48.2149667 ], [ 16.42089541, 48.21505487 ], [ 16.41908874, 48.21636579 ], [ 16.41794624, 48.21719473 ], [ 16.41727764, 48.21767982 ], [ 16.41709148, 48.21781488 ], [ 16.41646196, 48.21827161 ], [ 16.41646021, 48.21835812 ], [ 16.41624008, 48.21822295 ], [ 16.41579035, 48.21794679 ], [ 16.41807711, 48.2162675 ], [ 16.41895065, 48.21563867 ], [ 16.42001943, 48.21486927 ], [ 16.42025344, 48.21470437 ], [ 16.42057132, 48.21489972 ], [ 16.42087541, 48.21489122 ], [ 16.42101692, 48.2149667 ] ] ] } },
{ "type": "Feature", "properties": { "LEV1": "Grünlandnutzung", "LEV2": "Erholungs- u. Freizeiteinrichtungen", "LEV3": "Sportanlage, Freibad, Camping", "FLAECHE": 31850.082329829998 }, "geometry": { "type": "Polygon", "coordinates": [ [ [ 16.4792147, 48.17148328 ], [ 16.47932427, 48.17159132 ], [ 16.47922369, 48.17163732 ], [ 16.47908011, 48.1717375 ], [ 16.47902607, 48.17178685 ], [ 16.47895144, 48.17183245 ], [ 16.47858525, 48.1719964 ], [ 16.47714414, 48.17265325 ], [ 16.47680079, 48.17281708 ], [ 16.47661577, 48.17291047 ], [ 16.47564813, 48.17330933 ], [ 16.47449225, 48.17376372 ], [ 16.47038181, 48.1753471 ], [ 16.46916697, 48.17580905 ], [ 16.4682376, 48.17613137 ], [ 16.46579904, 48.17688436 ], [ 16.46546732, 48.17698825 ], [ 16.46545764, 48.17698835 ], [ 16.46544849, 48.17698683 ], [ 16.46544055, 48.17698387 ], [ 16.46543394, 48.17697731 ], [ 16.46509858, 48.17707922 ], [ 16.46509358, 48.17706871 ], [ 16.46507826, 48.17707331 ], [ 16.46507922, 48.17708041 ], [ 16.46505383, 48.17708917 ], [ 16.46502912, 48.17710142 ], [ 16.46500871, 48.17711458 ], [ 16.4649918, 48.17712836 ], [ 16.46496011, 48.17714494 ], [ 16.46421735, 48.17736691 ], [ 16.46417988, 48.17729034 ], [ 16.46412855, 48.17718009 ], [ 16.46858969, 48.17578351 ], [ 16.47264115, 48.17420831 ], [ 16.47544861, 48.17312228 ], [ 16.4782022, 48.17189348 ], [ 16.4792147, 48.17148328 ] ] ] } },
{ "type": "Feature", "properties": { "LEV1": "Grünlandnutzung", "LEV2": "Erholungs- u. Freizeiteinrichtungen", "LEV3": "Sportanlage, Freibad, Camping", "FLAECHE": 166515.51938914999 }, "geometry": { "type": "Polygon", "coordinates": [ [ [ 16.42439726, 48.20468702 ], [ 16.42415247, 48.20449358 ], [ 16.42145554, 48.20592104 ], [ 16.41816779, 48.20376507 ], [ 16.41815805, 48.20375868 ], [ 16.42375902, 48.2008188 ], [ 16.42390386, 48.20095651 ], [ 16.42489643, 48.20190017 ], [ 16.42524567, 48.20223221 ], [ 16.4260333, 48.20298099 ], [ 16.42479302, 48.20372939 ], [ 16.42531988, 48.204137 ], [ 16.42439726, 48.20468702 ] ] ] } },
{ "type": "Feature", "properties": { "LEV1": "Grünlandnutzung", "LEV2": "Erholungs- u. Freizeiteinrichtungen", "LEV3": "Parkanlage", "FLAECHE": 11836.913531210001 }, "geometry": { "type": "Polygon", "coordinates": [ [ [ 16.44972554, 48.19530135 ], [ 16.44922611, 48.19563625 ], [ 16.44895006, 48.19580461 ], [ 16.44865926, 48.19593304 ], [ 16.448499, 48.1959759 ], [ 16.44836861, 48.19601076 ], [ 16.448292, 48.19602933 ], [ 16.44801167, 48.19609726 ], [ 16.44793575, 48.19613268 ], [ 16.44788297, 48.19617257 ], [ 16.44780817, 48.19624125 ], [ 16.44728007, 48.19600257 ], [ 16.44898385, 48.19481588 ], [ 16.44972554, 48.19530135 ] ] ] } },
{ "type": "Feature", "properties": { "LEV1": "Grünlandnutzung", "LEV2": "Erholungs- u. Freizeiteinrichtungen", "LEV3": "Sportanlage, Freibad, Camping", "FLAECHE": 51394.101350019999 }, "geometry": { "type": "Polygon", "coordinates": [ [ [ 16.42086109, 48.20596744 ], [ 16.42123062, 48.20601915 ], [ 16.42155483, 48.20616181 ], [ 16.42189435, 48.20637101 ], [ 16.42216726, 48.20656803 ], [ 16.42242171, 48.20683287 ], [ 16.42259144, 48.20711602 ], [ 16.42263869, 48.20760963 ], [ 16.42255882, 48.2077989 ], [ 16.42244804, 48.20801006 ], [ 16.42193413, 48.20827538 ], [ 16.42169445, 48.20832323 ], [ 16.42146119, 48.20834939 ], [ 16.42124742, 48.2083625 ], [ 16.4210141, 48.20834972 ], [ 16.42071585, 48.20828924 ], [ 16.42052794, 48.20823748 ], [ 16.42030741, 48.20815095 ], [ 16.42010638, 48.20805586 ], [ 16.41988577, 48.20791734 ], [ 16.4196911, 48.20775723 ], [ 16.41947691, 48.20751052 ], [ 16.41931449, 48.20724642 ], [ 16.41922309, 48.20688693 ], [ 16.41931337, 48.20655331 ], [ 16.41948792, 48.20633663 ], [ 16.41976624, 48.20614586 ], [ 16.42010305, 48.20601566 ], [ 16.42042047, 48.20595913 ], [ 16.42086109, 48.20596744 ] ] ] } },
{ "type": "Feature", "properties": { "LEV1": "Grünlandnutzung", "LEV2": "Erholungs- u. Freizeiteinrichtungen", "LEV3": "Parkanlage", "FLAECHE": 5998.27637684 }, "geometry": { "type": "Polygon", "coordinates": [ [ [ 16.39116877, 48.22247022 ], [ 16.39110342, 48.22329311 ], [ 16.39105637, 48.22370891 ], [ 16.39104276, 48.22370696 ], [ 16.39041562, 48.22361706 ], [ 16.3906699, 48.22263991 ], [ 16.39045623, 48.2226186 ], [ 16.39050166, 48.22240534 ], [ 16.39116877, 48.22247022 ] ] ] } },
{ "type": "Feature", "properties": { "LEV1": "Grünlandnutzung", "LEV2": "Erholungs- u. Freizeiteinrichtungen", "LEV3": "Sportanlage, Freibad, Camping", "FLAECHE": 5747.6267106599998 }, "geometry": { "type": "Polygon", "coordinates": [ [ [ 16.38088026, 48.22278894 ], [ 16.37987374, 48.22306683 ], [ 16.37943064, 48.22258051 ], [ 16.38066164, 48.22222035 ], [ 16.38088026, 48.22278894 ] ] ] } },
{ "type": "Feature", "properties": { "LEV1": "Grünlandnutzung", "LEV2": "Erholungs- u. Freizeiteinrichtungen", "LEV3": "Parkanlage", "FLAECHE": 35081.966473679997 }, "geometry": { "type": "Polygon", "coordinates": [ [ [ 16.40209496, 48.22930479 ], [ 16.40102165, 48.23014716 ], [ 16.40087995, 48.23006963 ], [ 16.39938156, 48.2312662 ], [ 16.39948367, 48.23133026 ], [ 16.3992887, 48.23149953 ], [ 16.3978759, 48.23263182 ], [ 16.39776855, 48.23258017 ], [ 16.39565458, 48.2343667 ], [ 16.39522545, 48.23473141 ], [ 16.39518578, 48.23476606 ], [ 16.39514739, 48.23474593 ], [ 16.39513545, 48.23473966 ], [ 16.39510038, 48.23472122 ], [ 16.39475021, 48.23453756 ], [ 16.3945798, 48.23444818 ], [ 16.39457675, 48.23444658 ], [ 16.39467125, 48.23436696 ], [ 16.39574925, 48.23347219 ], [ 16.39597978, 48.2333144 ], [ 16.39638437, 48.23303748 ], [ 16.39663886, 48.23287421 ], [ 16.39673894, 48.23292713 ], [ 16.39674622, 48.23293711 ], [ 16.39675283, 48.23294934 ], [ 16.39676294, 48.23296147 ], [ 16.39677615, 48.23297262 ], [ 16.39666183, 48.23306387 ], [ 16.39666187, 48.23309175 ], [ 16.3966969, 48.23312123 ], [ 16.39676752, 48.23307451 ], [ 16.39670007, 48.23306484 ], [ 16.39679513, 48.23297827 ], [ 16.39681479, 48.23297898 ], [ 16.39683524, 48.23297456 ], [ 16.39684802, 48.23296628 ], [ 16.39686039, 48.23295584 ], [ 16.39686616, 48.23294208 ], [ 16.39687651, 48.2329249 ], [ 16.39689548, 48.23291725 ], [ 16.39731747, 48.23268158 ], [ 16.39740423, 48.23263018 ], [ 16.39748466, 48.23257825 ], [ 16.39757518, 48.23251399 ], [ 16.3976591, 48.23245099 ], [ 16.39779411, 48.23233779 ], [ 16.39784399, 48.23229387 ], [ 16.39785731, 48.23228955 ], [ 16.39787064, 48.2322926 ], [ 16.39788035, 48.23230222 ], [ 16.39793678, 48.23232593 ], [ 16.39799472, 48.23226681 ], [ 16.39792509, 48.23223357 ], [ 16.39790571, 48.23223754 ], [ 16.39788579, 48.23224025 ], [ 16.39787045, 48.23224134 ], [ 16.39784703, 48.23224621 ], [ 16.39782726, 48.232258 ], [ 16.39780736, 48.23227411 ], [ 16.3977572, 48.2323182 ], [ 16.39762246, 48.23243114 ], [ 16.39754056, 48.2324926 ], [ 16.39745152, 48.23255587 ], [ 16.39737257, 48.23260691 ], [ 16.39728634, 48.23265794 ], [ 16.39686651, 48.23289235 ], [ 16.39684054, 48.23290316 ], [ 16.39682412, 48.23290658 ], [ 16.39680608, 48.23290659 ], [ 16.39678293, 48.23290498 ], [ 16.39676502, 48.23290077 ], [ 16.39667316, 48.23285216 ], [ 16.39736358, 48.23240924 ], [ 16.39942187, 48.23077011 ], [ 16.40018031, 48.23020088 ], [ 16.40134403, 48.22930467 ], [ 16.4013219, 48.22929018 ], [ 16.40107555, 48.22912883 ], [ 16.40124062, 48.22895508 ], [ 16.40146246, 48.22908454 ], [ 16.40151464, 48.22904503 ], [ 16.40158573, 48.22907685 ], [ 16.40209496, 48.22930479 ] ] ] } },
{ "type": "Feature", "properties": { "LEV1": "Grünlandnutzung", "LEV2": "Erholungs- u. Freizeiteinrichtungen", "LEV3": "Parkanlage", "FLAECHE": 3285.6739999500001 }, "geometry": { "type": "Polygon", "coordinates": [ [ [ 16.40479792, 48.21707497 ], [ 16.40483869, 48.21767839 ], [ 16.4048344, 48.21768757 ], [ 16.4048266, 48.21769585 ], [ 16.40481423, 48.21770224 ], [ 16.40479943, 48.21770621 ], [ 16.40426748, 48.21770733 ], [ 16.40425981, 48.21770491 ], [ 16.40425563, 48.21769942 ], [ 16.40425494, 48.21768513 ], [ 16.40369971, 48.21768491 ], [ 16.40368394, 48.21767242 ], [ 16.40424472, 48.21738629 ], [ 16.40422047, 48.21736868 ], [ 16.4042214, 48.21735743 ], [ 16.40434887, 48.21728056 ], [ 16.40468457, 48.21704545 ], [ 16.40479792, 48.21707497 ] ] ] } },
{ "type": "Feature", "properties": { "LEV1": "Grünlandnutzung", "LEV2": "Erholungs- u. Freizeiteinrichtungen", "LEV3": "Sportanlage, Freibad, Camping", "FLAECHE": 106365.35694999 }, "geometry": { "type": "Polygon", "coordinates": [ [ [ 16.4057218, 48.20968227 ], [ 16.40573554, 48.20969449 ], [ 16.40442473, 48.21037381 ], [ 16.40418052, 48.20996288 ], [ 16.40394244, 48.20981436 ], [ 16.40350714, 48.20979168 ], [ 16.40300785, 48.2099115 ], [ 16.40293828, 48.20969822 ], [ 16.40263652, 48.20920179 ], [ 16.40253498, 48.20892162 ], [ 16.40253037, 48.20868852 ], [ 16.40244448, 48.20864333 ], [ 16.40090101, 48.2085684 ], [ 16.40084362, 48.20851015 ], [ 16.4006083, 48.20818761 ], [ 16.40045317, 48.20776007 ], [ 16.40040777, 48.20738454 ], [ 16.40020216, 48.20714768 ], [ 16.40011615, 48.20701094 ], [ 16.40041502, 48.20662002 ], [ 16.40068067, 48.2063561 ], [ 16.40140788, 48.20648339 ], [ 16.4018456, 48.20653027 ], [ 16.40392743, 48.20670308 ], [ 16.40422741, 48.2067672 ], [ 16.40452569, 48.20687521 ], [ 16.40474233, 48.20699541 ], [ 16.4049037, 48.20713516 ], [ 16.40521131, 48.20757438 ], [ 16.40527045, 48.20782589 ], [ 16.40529062, 48.20802229 ], [ 16.40525542, 48.20845641 ], [ 16.40520308, 48.20845402 ], [ 16.40509907, 48.20905114 ], [ 16.40515559, 48.20916019 ], [ 16.4057218, 48.20968227 ] ] ] } },
{ "type": "Feature", "properties": { "LEV1": "Grünlandnutzung", "LEV2": "Erholungs- u. Freizeiteinrichtungen", "LEV3": "Parkanlage", "FLAECHE": 33331.997020119998 }, "geometry": { "type": "Polygon", "coordinates": [ [ [ 16.42440544, 48.21251756 ], [ 16.42401579, 48.21279539 ], [ 16.4239617, 48.21283395 ], [ 16.42391871, 48.2128059 ], [ 16.42374456, 48.2126923 ], [ 16.42336789, 48.21245995 ], [ 16.4233522, 48.2124526 ], [ 16.42334621, 48.21244828 ], [ 16.42584304, 48.21065956 ], [ 16.43165896, 48.20658012 ], [ 16.43166726, 48.20658425 ], [ 16.43185476, 48.20667764 ], [ 16.43039923, 48.20771679 ], [ 16.43081387, 48.20799326 ], [ 16.43063434, 48.20811839 ], [ 16.42990169, 48.20862898 ], [ 16.42937124, 48.20896009 ], [ 16.42890549, 48.2092844 ], [ 16.4286844, 48.20948999 ], [ 16.42810894, 48.20989451 ], [ 16.42801138, 48.20983186 ], [ 16.42799716, 48.20982273 ], [ 16.42799046, 48.20982176 ], [ 16.42752888, 48.20975508 ], [ 16.42721543, 48.20996772 ], [ 16.42713065, 48.21002525 ], [ 16.4246397, 48.21180053 ], [ 16.42454907, 48.21186511 ], [ 16.42415422, 48.2121465 ], [ 16.42447713, 48.21233106 ], [ 16.42433751, 48.21239343 ], [ 16.42425301, 48.21243117 ], [ 16.42428146, 48.21244729 ], [ 16.42431751, 48.21246773 ], [ 16.42440544, 48.21251756 ] ] ] } },
{ "type": "Feature", "properties": { "LEV1": "Grünlandnutzung", "LEV2": "Erholungs- u. Freizeiteinrichtungen", "LEV3": "Sportanlage, Freibad, Camping", "FLAECHE": 13607.93576253 }, "geometry": { "type": "Polygon", "coordinates": [ [ [ 16.37466968, 48.22725979 ], [ 16.37436121, 48.22782815 ], [ 16.37420269, 48.22786923 ], [ 16.37205162, 48.22716002 ], [ 16.3727128, 48.22686192 ], [ 16.37412907, 48.22677771 ], [ 16.37466968, 48.22725979 ] ] ] } },
{ "type": "Feature", "properties": { "LEV1": "Grünlandnutzung", "LEV2": "Erholungs- u. Freizeiteinrichtungen", "LEV3": "Parkanlage", "FLAECHE": 41874.74044786 }, "geometry": { "type": "Polygon", "coordinates": [ [ [ 16.39114134, 48.23103628 ], [ 16.39075996, 48.23136738 ], [ 16.39028463, 48.23111786 ], [ 16.38959513, 48.23075819 ], [ 16.38931332, 48.23061423 ], [ 16.38920378, 48.23055827 ], [ 16.38875813, 48.23033059 ], [ 16.3888423, 48.23024943 ], [ 16.38917236, 48.22987238 ], [ 16.38945408, 48.22948392 ], [ 16.38953928, 48.22935213 ], [ 16.38958872, 48.22926272 ], [ 16.38983186, 48.22879298 ], [ 16.3901064, 48.22811441 ], [ 16.39040938, 48.2281443 ], [ 16.39043845, 48.22853492 ], [ 16.39018305, 48.22875804 ], [ 16.39025609, 48.22879776 ], [ 16.39053755, 48.22897797 ], [ 16.39077214, 48.22882166 ], [ 16.39193453, 48.22943035 ], [ 16.39128939, 48.22994796 ], [ 16.39124877, 48.23019036 ], [ 16.39185697, 48.23050993 ], [ 16.39138634, 48.23094692 ], [ 16.39125777, 48.23105825 ], [ 16.39124677, 48.23106777 ], [ 16.39124177, 48.23104699 ], [ 16.39117537, 48.23100674 ], [ 16.39114134, 48.23103628 ] ] ] } },
{ "type": "Feature", "properties": { "LEV1": "Grünlandnutzung", "LEV2": "Erholungs- u. Freizeiteinrichtungen", "LEV3": "Parkanlage", "FLAECHE": 14112.81197226 }, "geometry": { "type": "Polygon", "coordinates": [ [ [ 16.39219385, 48.23205053 ], [ 16.39201256, 48.23220315 ], [ 16.39185585, 48.2320507 ], [ 16.39167862, 48.23184484 ], [ 16.39153136, 48.23166211 ], [ 16.39141151, 48.23143522 ], [ 16.39130117, 48.23116676 ], [ 16.39125777, 48.23105825 ], [ 16.39138634, 48.23094692 ], [ 16.39185697, 48.23050993 ], [ 16.39186906, 48.23051631 ], [ 16.39198703, 48.23057862 ], [ 16.3928409, 48.23102959 ], [ 16.39319499, 48.2312166 ], [ 16.39219385, 48.23205053 ] ] ] } },
{ "type": "Feature", "properties": { "LEV1": "Grünlandnutzung", "LEV2": "Erholungs- u. Freizeiteinrichtungen", "LEV3": "Parkanlage", "FLAECHE": 669.56733123000004 }, "geometry": { "type": "Polygon", "coordinates": [ [ [ 16.4057224, 48.2301278 ], [ 16.40515793, 48.23056786 ], [ 16.40513177, 48.23058822 ], [ 16.40507103, 48.23063563 ], [ 16.40518258, 48.23044785 ], [ 16.4056515, 48.23006708 ], [ 16.40562453, 48.23003882 ], [ 16.40565907, 48.22997196 ], [ 16.4057668, 48.22996418 ], [ 16.40583611, 48.23000013 ], [ 16.40578233, 48.230067 ], [ 16.40574562, 48.23010482 ], [ 16.40572777, 48.23012321 ], [ 16.4057224, 48.2301278 ] ] ] } },
{ "type": "Feature", "properties": { "LEV1": "Grünlandnutzung", "LEV2": "Erholungs- u. Freizeiteinrichtungen", "LEV3": "Parkanlage", "FLAECHE": 18721.425182170002 }, "geometry": { "type": "Polygon", "coordinates": [ [ [ 16.45743246, 48.18980882 ], [ 16.45569842, 48.19096293 ], [ 16.45567205, 48.19097917 ], [ 16.45546485, 48.19083731 ], [ 16.45512252, 48.19060238 ], [ 16.45516182, 48.1905756 ], [ 16.45876659, 48.1882433 ], [ 16.45885012, 48.18825066 ], [ 16.45899867, 48.18823286 ], [ 16.45876283, 48.18874042 ], [ 16.4588956, 48.18882772 ], [ 16.45890613, 48.18883173 ], [ 16.45785065, 48.18953047 ], [ 16.45772543, 48.1896133 ], [ 16.45751666, 48.18965658 ], [ 16.45698098, 48.18976254 ], [ 16.45616274, 48.19033948 ], [ 16.45622599, 48.19041671 ], [ 16.45713887, 48.18986074 ], [ 16.4571281, 48.18979743 ], [ 16.45739084, 48.1897691 ], [ 16.45741383, 48.18980326 ], [ 16.45743246, 48.18980882 ] ] ] } },
{ "type": "Feature", "properties": { "LEV1": "Grünlandnutzung", "LEV2": "Erholungs- u. Freizeiteinrichtungen", "LEV3": "Sportanlage, Freibad, Camping", "FLAECHE": 8680.6528999900002 }, "geometry": { "type": "Polygon", "coordinates": [ [ [ 16.39625139, 48.22006056 ], [ 16.39575798, 48.22047594 ], [ 16.39572692, 48.22049691 ], [ 16.39568464, 48.22047949 ], [ 16.39426573, 48.21970374 ], [ 16.39479775, 48.21927712 ], [ 16.39625139, 48.22006056 ] ] ] } },
{ "type": "Feature", "properties": { "LEV1": "Grünlandnutzung", "LEV2": "Erholungs- u. Freizeiteinrichtungen", "LEV3": "Sportanlage, Freibad, Camping", "FLAECHE": 2273.0609253900002 }, "geometry": { "type": "Polygon", "coordinates": [ [ [ 16.40043329, 48.22067397 ], [ 16.40027607, 48.2209756 ], [ 16.40016547, 48.22099733 ], [ 16.39966639, 48.22072998 ], [ 16.39992249, 48.22040192 ], [ 16.40016209, 48.22043157 ], [ 16.40043329, 48.22067397 ] ] ] } },
{ "type": "Feature", "properties": { "LEV1": "Grünlandnutzung", "LEV2": "Erholungs- u. Freizeiteinrichtungen", "LEV3": "Sportanlage, Freibad, Camping", "FLAECHE": 6862.2850059299999 }, "geometry": { "type": "Polygon", "coordinates": [ [ [ 16.37952906, 48.22532705 ], [ 16.37958406, 48.22538071 ], [ 16.37961068, 48.22540655 ], [ 16.37926471, 48.22578412 ], [ 16.37874863, 48.22538102 ], [ 16.37868788, 48.22533355 ], [ 16.37828251, 48.22502624 ], [ 16.3780918, 48.22452325 ], [ 16.37835643, 48.22440034 ], [ 16.37952906, 48.22532705 ] ] ] } },
{ "type": "Feature", "properties": { "LEV1": "Grünlandnutzung", "LEV2": "Erholungs- u. Freizeiteinrichtungen", "LEV3": "Parkanlage", "FLAECHE": 17120.273850099999 }, "geometry": { "type": "Polygon", "coordinates": [ [ [ 16.36874107, 48.2240721 ], [ 16.36876424, 48.22346631 ], [ 16.36889223, 48.22347041 ], [ 16.3688957, 48.22342373 ], [ 16.36876474, 48.2234199 ], [ 16.36876694, 48.22221212 ], [ 16.36880213, 48.22190157 ], [ 16.36882827, 48.22173771 ], [ 16.3688693, 48.22149371 ], [ 16.36889881, 48.22134378 ], [ 16.36892122, 48.22123856 ], [ 16.36893907, 48.22116454 ], [ 16.36897639, 48.22102298 ], [ 16.36906703, 48.22070306 ], [ 16.36910733, 48.22059108 ], [ 16.36915194, 48.22048162 ], [ 16.36921443, 48.22034122 ], [ 16.36926148, 48.22026171 ], [ 16.36923819, 48.22025416 ], [ 16.36927853, 48.22019866 ], [ 16.36932371, 48.22014046 ], [ 16.36933406, 48.22012931 ], [ 16.36940392, 48.22015555 ], [ 16.36943474, 48.22015266 ], [ 16.36946004, 48.22015931 ], [ 16.36956196, 48.22022943 ], [ 16.36956479, 48.22023617 ], [ 16.36956399, 48.22024642 ], [ 16.36955525, 48.22025731 ], [ 16.36948331, 48.22033863 ], [ 16.36943867, 48.2204069 ], [ 16.3693782, 48.22055 ], [ 16.36935823, 48.22066566 ], [ 16.36936612, 48.22079453 ], [ 16.36952356, 48.22180765 ], [ 16.36952943, 48.22194003 ], [ 16.36952692, 48.22201144 ], [ 16.36948176, 48.22230526 ], [ 16.36928434, 48.22357255 ], [ 16.36925157, 48.22368129 ], [ 16.36922106, 48.22375279 ], [ 16.36918388, 48.22390272 ], [ 16.36906892, 48.22407902 ], [ 16.36874107, 48.2240721 ] ] ] } },
{ "type": "Feature", "properties": { "LEV1": "Grünlandnutzung", "LEV2": "Erholungs- u. Freizeiteinrichtungen", "LEV3": "Parkanlage", "FLAECHE": 14300.804337699999 }, "geometry": { "type": "Polygon", "coordinates": [ [ [ 16.39176359, 48.22414232 ], [ 16.3915526, 48.22474477 ], [ 16.3918861, 48.22479379 ], [ 16.39145059, 48.22608493 ], [ 16.39138012, 48.226074 ], [ 16.39099482, 48.22720689 ], [ 16.39077219, 48.22797851 ], [ 16.39020122, 48.22792361 ], [ 16.39024554, 48.22783474 ], [ 16.39030262, 48.22784317 ], [ 16.39046053, 48.2274884 ], [ 16.3907483, 48.22660693 ], [ 16.3908197, 48.22654655 ], [ 16.39083413, 48.2265039 ], [ 16.39094904, 48.2261641 ], [ 16.39091599, 48.22608939 ], [ 16.39085985, 48.22608132 ], [ 16.39088547, 48.22599722 ], [ 16.39093336, 48.22584719 ], [ 16.39095097, 48.22583216 ], [ 16.39099715, 48.22583889 ], [ 16.39126489, 48.22499924 ], [ 16.39150147, 48.22410485 ], [ 16.39176359, 48.22414232 ] ] ] } },
{ "type": "Feature", "properties": { "LEV1": "Grünlandnutzung", "LEV2": "Erholungs- u. Freizeiteinrichtungen", "LEV3": "Parkanlage", "FLAECHE": 3350.69425004 }, "geometry": { "type": "Polygon", "coordinates": [ [ [ 16.37064333, 48.2193011 ], [ 16.37065344, 48.21932133 ], [ 16.37066355, 48.21935091 ], [ 16.37064339, 48.2193859 ], [ 16.37057706, 48.21941956 ], [ 16.37032149, 48.21959051 ], [ 16.3699372, 48.21987984 ], [ 16.36978626, 48.21996289 ], [ 16.36974804, 48.21995391 ], [ 16.36957396, 48.21984856 ], [ 16.36963718, 48.2198043 ], [ 16.36962302, 48.21976023 ], [ 16.36962702, 48.21970501 ], [ 16.36966118, 48.21965932 ], [ 16.36986842, 48.2194561 ], [ 16.37006357, 48.21928382 ], [ 16.37024665, 48.21916668 ], [ 16.37038966, 48.21909946 ], [ 16.37064333, 48.2193011 ] ] ] } },
{ "type": "Feature", "properties": { "LEV1": "Grünlandnutzung", "LEV2": "Erholungs- u. Freizeiteinrichtungen", "LEV3": "Sportanlage, Freibad, Camping", "FLAECHE": 5778.2459382500001 }, "geometry": { "type": "Polygon", "coordinates": [ [ [ 16.40296541, 48.21287146 ], [ 16.40294217, 48.21288126 ], [ 16.40278603, 48.21295757 ], [ 16.40240281, 48.21316098 ], [ 16.40163714, 48.21249026 ], [ 16.40228741, 48.21215149 ], [ 16.40235907, 48.212109 ], [ 16.40236864, 48.21212699 ], [ 16.40256205, 48.21232687 ], [ 16.40257371, 48.21233893 ], [ 16.40267015, 48.21246858 ], [ 16.40295854, 48.21285626 ], [ 16.40296541, 48.21287146 ] ] ] } },
{ "type": "Feature", "properties": { "LEV1": "Grünlandnutzung", "LEV2": "Erholungs- u. Freizeiteinrichtungen", "LEV3": "Parkanlage", "FLAECHE": 4602.6230927300003 }, "geometry": { "type": "Polygon", "coordinates": [ [ [ 16.4174128, 48.21631061 ], [ 16.41668082, 48.2168445 ], [ 16.41664943, 48.216826 ], [ 16.41666524, 48.21675365 ], [ 16.41668043, 48.21668415 ], [ 16.41669211, 48.21657973 ], [ 16.41669367, 48.21645715 ], [ 16.41669097, 48.21642578 ], [ 16.4166827, 48.21632955 ], [ 16.41665587, 48.21620744 ], [ 16.41661151, 48.21606673 ], [ 16.41654332, 48.21591758 ], [ 16.41644458, 48.21576836 ], [ 16.41636381, 48.21565969 ], [ 16.41635137, 48.21564687 ], [ 16.41627108, 48.21556415 ], [ 16.41618767, 48.21549272 ], [ 16.41609041, 48.21542399 ], [ 16.41624028, 48.21531479 ], [ 16.41635697, 48.21538466 ], [ 16.41662617, 48.21554583 ], [ 16.41684256, 48.21565136 ], [ 16.41676182, 48.21569296 ], [ 16.41683085, 48.21578728 ], [ 16.41696207, 48.21601046 ], [ 16.41703479, 48.21625669 ], [ 16.41737172, 48.21630399 ], [ 16.4174128, 48.21631061 ] ] ] } },
{ "type": "Feature", "properties": { "LEV1": "Grünlandnutzung", "LEV2": "Erholungs- u. Freizeiteinrichtungen", "LEV3": "Sportanlage, Freibad, Camping", "FLAECHE": 33498.26393565 }, "geometry": { "type": "Polygon", "coordinates": [ [ [ 16.40306943, 48.21255843 ], [ 16.40305614, 48.21254591 ], [ 16.40260606, 48.21212185 ], [ 16.40256603, 48.21208413 ], [ 16.4025571, 48.21207571 ], [ 16.40253031, 48.21205048 ], [ 16.40250537, 48.21202844 ], [ 16.40555192, 48.21042287 ], [ 16.4055732, 48.21043347 ], [ 16.40553501, 48.21055113 ], [ 16.40553156, 48.21058553 ], [ 16.4055289, 48.2106121 ], [ 16.40554027, 48.210663 ], [ 16.4055616, 48.21071056 ], [ 16.40558979, 48.21076567 ], [ 16.40557636, 48.21078259 ], [ 16.40569595, 48.21088582 ], [ 16.40580456, 48.21097958 ], [ 16.40585419, 48.21106408 ], [ 16.40581929, 48.21117 ], [ 16.40581211, 48.21119181 ], [ 16.40562416, 48.21170319 ], [ 16.40552341, 48.21192503 ], [ 16.40545199, 48.21206364 ], [ 16.40539404, 48.2121761 ], [ 16.40529361, 48.21233624 ], [ 16.4052274, 48.21241468 ], [ 16.40516746, 48.2124857 ], [ 16.40508569, 48.21256096 ], [ 16.40497407, 48.2126637 ], [ 16.40481774, 48.21278313 ], [ 16.40468331, 48.21286951 ], [ 16.40432231, 48.21234973 ], [ 16.40393804, 48.2125189 ], [ 16.40328857, 48.2127342 ], [ 16.40306943, 48.21255843 ] ] ] } },
{ "type": "Feature", "properties": { "LEV1": "Grünlandnutzung", "LEV2": "Erholungs- u. Freizeiteinrichtungen", "LEV3": "Parkanlage", "FLAECHE": 7152.53255825 }, "geometry": { "type": "Polygon", "coordinates": [ [ [ 16.39201256, 48.23220315 ], [ 16.39219385, 48.23205053 ], [ 16.39238162, 48.2321678 ], [ 16.39229424, 48.23224722 ], [ 16.39229003, 48.23224393 ], [ 16.39223274, 48.23229207 ], [ 16.39245582, 48.23244152 ], [ 16.39267981, 48.23257235 ], [ 16.39291887, 48.23268842 ], [ 16.39312973, 48.23277481 ], [ 16.39316707, 48.2327901 ], [ 16.39317869, 48.23279087 ], [ 16.39317033, 48.23279798 ], [ 16.39254308, 48.23333153 ], [ 16.39189049, 48.23299246 ], [ 16.3915811, 48.23282977 ], [ 16.39215779, 48.23235518 ], [ 16.39201256, 48.23220315 ] ] ] } },
{ "type": "Feature", "properties": { "LEV1": "Grünlandnutzung", "LEV2": "Erholungs- u. Freizeiteinrichtungen", "LEV3": "Parkanlage", "FLAECHE": 2037.30026131 }, "geometry": { "type": "Polygon", "coordinates": [ [ [ 16.38652715, 48.22492586 ], [ 16.38620912, 48.22506347 ], [ 16.38562231, 48.22531738 ], [ 16.38550564, 48.22519917 ], [ 16.38561461, 48.22515083 ], [ 16.3855011, 48.22496229 ], [ 16.38551791, 48.22494187 ], [ 16.3864295, 48.22482825 ], [ 16.38646827, 48.22483687 ], [ 16.38651073, 48.22490104 ], [ 16.38652715, 48.22492586 ] ] ] } },
{ "type": "Feature", "properties": { "LEV1": "Grünlandnutzung", "LEV2": "Erholungs- u. Freizeiteinrichtungen", "LEV3": "Parkanlage", "FLAECHE": 2119.41289951 }, "geometry": { "type": "Polygon", "coordinates": [ [ [ 16.36906892, 48.22407902 ], [ 16.36902509, 48.2241463 ], [ 16.36893461, 48.22429597 ], [ 16.3689049, 48.22434814 ], [ 16.3688549, 48.22445499 ], [ 16.36881313, 48.22458388 ], [ 16.36877029, 48.22472994 ], [ 16.36874717, 48.2247866 ], [ 16.36868831, 48.22492323 ], [ 16.36847984, 48.22535208 ], [ 16.36845976, 48.22538371 ], [ 16.3683688, 48.22535859 ], [ 16.36829194, 48.22533739 ], [ 16.36828454, 48.22533532 ], [ 16.36834006, 48.2252451 ], [ 16.36848565, 48.22497221 ], [ 16.36856494, 48.2247827 ], [ 16.36865415, 48.22453896 ], [ 16.36869752, 48.22437977 ], [ 16.36870813, 48.22433318 ], [ 16.36873756, 48.22426311 ], [ 16.36873025, 48.22420376 ], [ 16.36874107, 48.2240721 ], [ 16.36906892, 48.22407902 ] ] ] } },
{ "type": "Feature", "properties": { "LEV1": "Grünlandnutzung", "LEV2": "Erholungs- u. Freizeiteinrichtungen", "LEV3": "Sportanlage, Freibad, Camping", "FLAECHE": 10355.00771872 }, "geometry": { "type": "Polygon", "coordinates": [ [ [ 16.3775374, 48.22731837 ], [ 16.37560543, 48.22767316 ], [ 16.37586094, 48.22667033 ], [ 16.3767492, 48.22661999 ], [ 16.3775374, 48.22731837 ] ] ] } },
{ "type": "Feature", "properties": { "LEV1": "Grünlandnutzung", "LEV2": "Erholungs- u. Freizeiteinrichtungen", "LEV3": "Parkanlage", "FLAECHE": 7373.2785500199998 }, "geometry": { "type": "Polygon", "coordinates": [ [ [ 16.372749, 48.21816847 ], [ 16.37265258, 48.21826095 ], [ 16.37238707, 48.21844639 ], [ 16.37125468, 48.21908822 ], [ 16.37121227, 48.21905478 ], [ 16.37105421, 48.21913955 ], [ 16.37099927, 48.21909828 ], [ 16.37100852, 48.21904468 ], [ 16.37090498, 48.21896989 ], [ 16.37084389, 48.21897818 ], [ 16.37068949, 48.21891267 ], [ 16.37095625, 48.21875575 ], [ 16.3709238, 48.21872986 ], [ 16.37217548, 48.21800426 ], [ 16.37232808, 48.21800232 ], [ 16.37243461, 48.21793097 ], [ 16.37270282, 48.21813935 ], [ 16.372749, 48.21816847 ] ] ] } },
{ "type": "Feature", "properties": { "LEV1": "Grünlandnutzung", "LEV2": "Erholungs- u. Freizeiteinrichtungen", "LEV3": "Sportanlage, Freibad, Camping", "FLAECHE": 5488.0041172499996 }, "geometry": { "type": "Polygon", "coordinates": [ [ [ 16.40516643, 48.21271943 ], [ 16.40536468, 48.21276582 ], [ 16.40560409, 48.21289334 ], [ 16.4057035, 48.2129536 ], [ 16.40574728, 48.21300904 ], [ 16.40570107, 48.21306499 ], [ 16.40456194, 48.21367271 ], [ 16.40418959, 48.21335763 ], [ 16.40419159, 48.21334477 ], [ 16.40429512, 48.21328652 ], [ 16.40460914, 48.21310025 ], [ 16.40469579, 48.21305129 ], [ 16.40497556, 48.2128673 ], [ 16.40516643, 48.21271943 ] ] ] } },
{ "type": "Feature", "properties": { "LEV1": "Grünlandnutzung", "LEV2": "Erholungs- u. Freizeiteinrichtungen", "LEV3": "Parkanlage", "FLAECHE": 11116.853534039999 }, "geometry": { "type": "Polygon", "coordinates": [ [ [ 16.42407502, 48.21151033 ], [ 16.42339299, 48.21199928 ], [ 16.42325953, 48.21200801 ], [ 16.42204483, 48.2112137 ], [ 16.42208399, 48.21116827 ], [ 16.42214806, 48.21109397 ], [ 16.42211991, 48.21107519 ], [ 16.42270707, 48.21065842 ], [ 16.42271594, 48.21065638 ], [ 16.42407502, 48.21151033 ] ] ] } },
{ "type": "Feature", "properties": { "LEV1": "Grünlandnutzung", "LEV2": "Erholungs- u. Freizeiteinrichtungen", "LEV3": "Sportanlage, Freibad, Camping", "FLAECHE": 2394.3234182900001 }, "geometry": { "type": "Polygon", "coordinates": [ [ [ 16.37545329, 48.22796352 ], [ 16.37594182, 48.228431 ], [ 16.37588517, 48.22846868 ], [ 16.374958, 48.22813934 ], [ 16.37469121, 48.22805034 ], [ 16.37473449, 48.22797444 ], [ 16.37500439, 48.22793529 ], [ 16.37539124, 48.22787417 ], [ 16.37545329, 48.22796352 ] ] ] } },
{ "type": "Feature", "properties": { "LEV1": "Grünlandnutzung", "LEV2": "Erholungs- u. Freizeiteinrichtungen", "LEV3": "Parkanlage", "FLAECHE": 3871.8011929200002 }, "geometry": { "type": "Polygon", "coordinates": [ [ [ 16.40248801, 48.20287181 ], [ 16.40247762, 48.20284817 ], [ 16.40247398, 48.20284286 ], [ 16.40246658, 48.20283747 ], [ 16.40245689, 48.20283415 ], [ 16.40244612, 48.20283317 ], [ 16.40240792, 48.20283849 ], [ 16.4023977, 48.20283787 ], [ 16.40237858, 48.20282628 ], [ 16.40233769, 48.20271678 ], [ 16.4025026, 48.2027093 ], [ 16.40404827, 48.20244264 ], [ 16.40418989, 48.20241531 ], [ 16.4042995, 48.20239159 ], [ 16.404482, 48.20234958 ], [ 16.40496776, 48.20223031 ], [ 16.40506527, 48.20220947 ], [ 16.40519183, 48.20218997 ], [ 16.40527213, 48.20218111 ], [ 16.40532258, 48.20217901 ], [ 16.40534291, 48.20219375 ], [ 16.40533574, 48.20226201 ], [ 16.40534023, 48.20230194 ], [ 16.40462625, 48.20247908 ], [ 16.40428438, 48.2025533 ], [ 16.40386018, 48.2026344 ], [ 16.40248801, 48.20287181 ] ] ] } },
{ "type": "Feature", "properties": { "LEV1": "Grünlandnutzung", "LEV2": "Erholungs- u. Freizeiteinrichtungen", "LEV3": "Parkanlage", "FLAECHE": 17595.405071559999 }, "geometry": { "type": "Polygon", "coordinates": [ [ [ 16.39460037, 48.21540707 ], [ 16.39472832, 48.2155088 ], [ 16.39472169, 48.21559532 ], [ 16.39280781, 48.21659551 ], [ 16.39267049, 48.21666726 ], [ 16.39265628, 48.21667224 ], [ 16.39231202, 48.21670534 ], [ 16.39219096, 48.21671786 ], [ 16.39221102, 48.21638204 ], [ 16.39221805, 48.21626432 ], [ 16.39230256, 48.21625834 ], [ 16.3923096, 48.21581164 ], [ 16.39233229, 48.21564247 ], [ 16.39234705, 48.21557807 ], [ 16.39243369, 48.21558522 ], [ 16.39246215, 48.21552802 ], [ 16.3925534, 48.21554354 ], [ 16.39281142, 48.21522668 ], [ 16.39383424, 48.21535826 ], [ 16.39405779, 48.21527327 ], [ 16.39460037, 48.21540707 ] ] ] } },
{ "type": "Feature", "properties": { "LEV1": "Grünlandnutzung", "LEV2": "Erholungs- u. Freizeiteinrichtungen", "LEV3": "Parkanlage", "FLAECHE": 27549.75596129 }, "geometry": { "type": "Polygon", "coordinates": [ [ [ 16.39895889, 48.21179174 ], [ 16.39918308, 48.21214047 ], [ 16.39927046, 48.21227001 ], [ 16.39935118, 48.21238967 ], [ 16.39938019, 48.2124589 ], [ 16.39963752, 48.21272478 ], [ 16.39970166, 48.21273895 ], [ 16.39971222, 48.21274128 ], [ 16.3997952, 48.21281732 ], [ 16.39693039, 48.21432191 ], [ 16.39677164, 48.21434699 ], [ 16.39625154, 48.21433063 ], [ 16.39706394, 48.21335318 ], [ 16.39876097, 48.21179869 ], [ 16.39885954, 48.2117516 ], [ 16.39895889, 48.21179174 ] ] ] } },
{ "type": "Feature", "properties": { "LEV1": "Grünlandnutzung", "LEV2": "Erholungs- u. Freizeiteinrichtungen", "LEV3": "Parkanlage", "FLAECHE": 12800.20810364 }, "geometry": { "type": "Polygon", "coordinates": [ [ [ 16.40296541, 48.21287146 ], [ 16.40300118, 48.21295058 ], [ 16.40299264, 48.21295784 ], [ 16.40283048, 48.21309565 ], [ 16.40285115, 48.21315814 ], [ 16.40278624, 48.21321708 ], [ 16.40278092, 48.21327122 ], [ 16.4028051, 48.21333659 ], [ 16.40286654, 48.21339951 ], [ 16.40292916, 48.21344039 ], [ 16.40293203, 48.21347357 ], [ 16.40293438, 48.21352097 ], [ 16.40271289, 48.21351966 ], [ 16.40248255, 48.21353553 ], [ 16.40197535, 48.21349535 ], [ 16.40143522, 48.2134846 ], [ 16.40125316, 48.21349452 ], [ 16.40123851, 48.21349532 ], [ 16.40107156, 48.21352905 ], [ 16.4010249, 48.21354353 ], [ 16.4008278, 48.21360267 ], [ 16.40042525, 48.21312216 ], [ 16.40163714, 48.21249026 ], [ 16.40240281, 48.21316098 ], [ 16.40278603, 48.21295757 ], [ 16.40294217, 48.21288126 ], [ 16.40296541, 48.21287146 ] ] ] } },
{ "type": "Feature", "properties": { "LEV1": "Grünlandnutzung", "LEV2": "Erholungs- u. Freizeiteinrichtungen", "LEV3": "Parkanlage", "FLAECHE": 7590.7618974899997 }, "geometry": { "type": "Polygon", "coordinates": [ [ [ 16.37396531, 48.22366414 ], [ 16.37398957, 48.22373031 ], [ 16.3739676, 48.22378474 ], [ 16.37390491, 48.22383624 ], [ 16.37377512, 48.22393335 ], [ 16.37364093, 48.2240312 ], [ 16.37358484, 48.22407901 ], [ 16.37354746, 48.22413565 ], [ 16.37351668, 48.22417758 ], [ 16.37338249, 48.22428425 ], [ 16.3732769, 48.22436076 ], [ 16.3731086, 48.22447701 ], [ 16.37290181, 48.2246212 ], [ 16.37276542, 48.22471832 ], [ 16.37260043, 48.22484412 ], [ 16.37244973, 48.22494933 ], [ 16.37235403, 48.22501775 ], [ 16.37223633, 48.2250972 ], [ 16.37215712, 48.22514135 ], [ 16.37204821, 48.22519139 ], [ 16.37195469, 48.2252326 ], [ 16.37177424, 48.22528707 ], [ 16.37154757, 48.22534524 ], [ 16.37129119, 48.22540856 ], [ 16.37103114, 48.22548684 ], [ 16.37100459, 48.22549465 ], [ 16.37087013, 48.22553188 ], [ 16.3710353, 48.22542885 ], [ 16.37103637, 48.22542424 ], [ 16.37143234, 48.22521084 ], [ 16.37208696, 48.22477863 ], [ 16.37267863, 48.22439694 ], [ 16.37315969, 48.22406394 ], [ 16.37349333, 48.22383956 ], [ 16.37386929, 48.2235809 ], [ 16.37396531, 48.22366414 ] ] ] } },
{ "type": "Feature", "properties": { "LEV1": "Grünlandnutzung", "LEV2": "Erholungs- u. Freizeiteinrichtungen", "LEV3": "Sportanlage, Freibad, Camping", "FLAECHE": 6240.1171811900003 }, "geometry": { "type": "Polygon", "coordinates": [ [ [ 16.4034954, 48.22145546 ], [ 16.40291473, 48.2219004 ], [ 16.4027577, 48.22181955 ], [ 16.40194725, 48.22136407 ], [ 16.40246152, 48.22090185 ], [ 16.4034954, 48.22145546 ] ] ] } },
{ "type": "Feature", "properties": { "LEV1": "Grünlandnutzung", "LEV2": "Erholungs- u. Freizeiteinrichtungen", "LEV3": "Parkanlage", "FLAECHE": 2860.0893938099998 }, "geometry": { "type": "Polygon", "coordinates": [ [ [ 16.37810802, 48.21368668 ], [ 16.37799448, 48.21386864 ], [ 16.37808162, 48.21407067 ], [ 16.37833837, 48.21403183 ], [ 16.37843182, 48.21434597 ], [ 16.37827861, 48.21438201 ], [ 16.37831063, 48.21449 ], [ 16.37841412, 48.21461853 ], [ 16.37810696, 48.21471934 ], [ 16.37803301, 48.21451255 ], [ 16.37771541, 48.21362431 ], [ 16.37788224, 48.21359593 ], [ 16.37789532, 48.21363405 ], [ 16.37810802, 48.21368668 ] ] ] } },
{ "type": "Feature", "properties": { "LEV1": "Grünlandnutzung", "LEV2": "Erholungs- u. Freizeiteinrichtungen", "LEV3": "Parkanlage", "FLAECHE": 15529.17932587 }, "geometry": { "type": "Polygon", "coordinates": [ [ [ 16.40295042, 48.22495167 ], [ 16.40302873, 48.22500658 ], [ 16.40295534, 48.22518577 ], [ 16.40289776, 48.22530523 ], [ 16.40287563, 48.22547198 ], [ 16.40300639, 48.22562847 ], [ 16.40386555, 48.22609373 ], [ 16.40402922, 48.22620038 ], [ 16.40405316, 48.22628589 ], [ 16.40338307, 48.2268023 ], [ 16.40337146, 48.22680592 ], [ 16.40324401, 48.22681283 ], [ 16.40174764, 48.22600152 ], [ 16.40174768, 48.22592993 ], [ 16.40274137, 48.22509758 ], [ 16.40293928, 48.22494692 ], [ 16.40295042, 48.22495167 ] ] ] } },
{ "type": "Feature", "properties": { "LEV1": "Grünlandnutzung", "LEV2": "Erholungs- u. Freizeiteinrichtungen", "LEV3": "Parkanlage", "FLAECHE": 3428.69430259 }, "geometry": { "type": "Polygon", "coordinates": [ [ [ 16.41168886, 48.21773731 ], [ 16.41194975, 48.21789288 ], [ 16.41174878, 48.21798098 ], [ 16.4101619, 48.21799179 ], [ 16.41008869, 48.21793319 ], [ 16.41038773, 48.21772036 ], [ 16.41164152, 48.21773807 ], [ 16.41168886, 48.21773731 ] ] ] } },
{ "type": "Feature", "properties": { "LEV1": "Grünlandnutzung", "LEV2": "Erholungs- u. Freizeiteinrichtungen", "LEV3": "Parkanlage", "FLAECHE": 42205.217651289997 }, "geometry": { "type": "Polygon", "coordinates": [ [ [ 16.41646021, 48.21835812 ], [ 16.41595169, 48.21871973 ], [ 16.41583355, 48.21872719 ], [ 16.4143907, 48.21980178 ], [ 16.41443421, 48.21982936 ], [ 16.41447406, 48.21985462 ], [ 16.41438031, 48.21992371 ], [ 16.4130142, 48.22093056 ], [ 16.4129264, 48.22089221 ], [ 16.41123351, 48.22215288 ], [ 16.41093886, 48.2223723 ], [ 16.41032363, 48.22283042 ], [ 16.40971109, 48.22248379 ], [ 16.4130334, 48.22000451 ], [ 16.41314264, 48.22007234 ], [ 16.41317477, 48.22004848 ], [ 16.41306566, 48.21998039 ], [ 16.41579035, 48.21794679 ], [ 16.41624008, 48.21822295 ], [ 16.41646021, 48.21835812 ] ] ] } },
{ "type": "Feature", "properties": { "LEV1": "Grünlandnutzung", "LEV2": "Erholungs- u. Freizeiteinrichtungen", "LEV3": "Parkanlage", "FLAECHE": 5686.0623919099999 }, "geometry": { "type": "Polygon", "coordinates": [ [ [ 16.41027162, 48.19817232 ], [ 16.41026064, 48.1982056 ], [ 16.41017683, 48.19839244 ], [ 16.41006744, 48.19856276 ], [ 16.40966571, 48.19911403 ], [ 16.4096483, 48.19914183 ], [ 16.40933145, 48.19957182 ], [ 16.40867757, 48.20045357 ], [ 16.40853063, 48.20061743 ], [ 16.40841712, 48.20072839 ], [ 16.40829512, 48.20083962 ], [ 16.40818722, 48.20092881 ], [ 16.40797168, 48.20109712 ], [ 16.40779522, 48.20122242 ], [ 16.40766377, 48.20130613 ], [ 16.4075006, 48.2014057 ], [ 16.40734131, 48.20149897 ], [ 16.40716548, 48.20159522 ], [ 16.40698978, 48.20168508 ], [ 16.4067295, 48.20180737 ], [ 16.40656024, 48.20188211 ], [ 16.40636932, 48.20196119 ], [ 16.40608521, 48.20206955 ], [ 16.40581829, 48.20216109 ], [ 16.40565195, 48.20221254 ], [ 16.40556225, 48.20223912 ], [ 16.40554549, 48.20217519 ], [ 16.40556764, 48.20214469 ], [ 16.40561819, 48.20212056 ], [ 16.40603882, 48.20199224 ], [ 16.40638602, 48.20187871 ], [ 16.40660331, 48.20179971 ], [ 16.40689815, 48.20167326 ], [ 16.40712413, 48.20155792 ], [ 16.40729484, 48.20145628 ], [ 16.40750195, 48.20131622 ], [ 16.40761215, 48.20123638 ], [ 16.40782583, 48.20107734 ], [ 16.40797498, 48.20095368 ], [ 16.40821199, 48.20074246 ], [ 16.40840597, 48.20055114 ], [ 16.4085337, 48.20041031 ], [ 16.40870825, 48.20017377 ], [ 16.40906902, 48.19968071 ], [ 16.40920152, 48.19949375 ], [ 16.40940265, 48.19922185 ], [ 16.40973698, 48.19878636 ], [ 16.40990952, 48.19856736 ], [ 16.40999895, 48.19845542 ], [ 16.41009699, 48.198346 ], [ 16.41025682, 48.19817017 ], [ 16.41027162, 48.19817232 ] ] ] } },
{ "type": "Feature", "properties": { "LEV1": "Grünlandnutzung", "LEV2": "Erholungs- u. Freizeiteinrichtungen", "LEV3": "Sportanlage, Freibad, Camping", "FLAECHE": 16323.92999681 }, "geometry": { "type": "Polygon", "coordinates": [ [ [ 16.42058382, 48.19966845 ], [ 16.41973543, 48.20011196 ], [ 16.41947034, 48.20022826 ], [ 16.41934434, 48.20033816 ], [ 16.41885289, 48.20056041 ], [ 16.41866575, 48.20064504 ], [ 16.41830649, 48.20089204 ], [ 16.41799733, 48.20067367 ], [ 16.41801635, 48.20053062 ], [ 16.41804245, 48.20037322 ], [ 16.41822487, 48.19991599 ], [ 16.41835758, 48.19973807 ], [ 16.41914967, 48.19939609 ], [ 16.41936551, 48.19958962 ], [ 16.42000398, 48.19920774 ], [ 16.42012086, 48.1993004 ], [ 16.42058382, 48.19966845 ] ] ] } },
{ "type": "Feature", "properties": { "LEV1": "Grünlandnutzung", "LEV2": "Erholungs- u. Freizeiteinrichtungen", "LEV3": "Sportanlage, Freibad, Camping", "FLAECHE": 21413.207320019999 }, "geometry": { "type": "Polygon", "coordinates": [ [ [ 16.42218808, 48.19209367 ], [ 16.42215392, 48.19210678 ], [ 16.42090843, 48.19258484 ], [ 16.42024078, 48.19284713 ], [ 16.41955535, 48.19306762 ], [ 16.41954589, 48.19307066 ], [ 16.41944974, 48.19308395 ], [ 16.41943556, 48.19285625 ], [ 16.41941204, 48.19247883 ], [ 16.41949748, 48.19226798 ], [ 16.41955552, 48.19212475 ], [ 16.4199349, 48.19171482 ], [ 16.41994975, 48.19171149 ], [ 16.4199892, 48.19174123 ], [ 16.42018808, 48.1916275 ], [ 16.42019454, 48.19163244 ], [ 16.42079692, 48.19127047 ], [ 16.42083228, 48.19126676 ], [ 16.42087332, 48.19127716 ], [ 16.42096942, 48.19133055 ], [ 16.42203514, 48.19198691 ], [ 16.42215831, 48.19206392 ], [ 16.42218808, 48.19209367 ] ] ] } },
{ "type": "Feature", "properties": { "LEV1": "Grünlandnutzung", "LEV2": "Erholungs- u. Freizeiteinrichtungen", "LEV3": "Parkanlage", "FLAECHE": 4491.1697058099999 }, "geometry": { "type": "Polygon", "coordinates": [ [ [ 16.43465791, 48.19569615 ], [ 16.43399808, 48.19571265 ], [ 16.4338343, 48.19588281 ], [ 16.43311283, 48.19585419 ], [ 16.43468803, 48.19502131 ], [ 16.43465791, 48.19569615 ] ] ] } },
{ "type": "Feature", "properties": { "LEV1": "Grünlandnutzung", "LEV2": "Erholungs- u. Freizeiteinrichtungen", "LEV3": "Sportanlage, Freibad, Camping", "FLAECHE": 837506.11102746997 }, "geometry": { "type": "Polygon", "coordinates": [ [ [ 16.45796214, 48.18266501 ], [ 16.45778052, 48.18268823 ], [ 16.45743628, 48.18246713 ], [ 16.45743113, 48.18341986 ], [ 16.45734723, 48.18399215 ], [ 16.45627698, 48.18524446 ], [ 16.45437415, 48.18699393 ], [ 16.45418344, 48.18722655 ], [ 16.45303396, 48.18797332 ], [ 16.45215259, 48.18851521 ], [ 16.45165931, 48.18876864 ], [ 16.45147342, 48.18929353 ], [ 16.45112966, 48.18935852 ], [ 16.44981934, 48.18957791 ], [ 16.443772, 48.19058985 ], [ 16.44296749, 48.19094302 ], [ 16.44272875, 48.19100395 ], [ 16.44233934, 48.19118754 ], [ 16.44172721, 48.19136853 ], [ 16.44078778, 48.19139862 ], [ 16.44031858, 48.19130068 ], [ 16.43999722, 48.19107046 ], [ 16.44141111, 48.18936783 ], [ 16.4421063, 48.18853064 ], [ 16.44222556, 48.18838753 ], [ 16.44225154, 48.18839659 ], [ 16.44411583, 48.18613467 ], [ 16.44406953, 48.18611637 ], [ 16.44421521, 48.18593915 ], [ 16.4442268, 48.18588788 ], [ 16.44433491, 48.18575045 ], [ 16.44429291, 48.18573107 ], [ 16.44437378, 48.18562748 ], [ 16.44434611, 48.18557912 ], [ 16.44436351, 48.18553657 ], [ 16.44440528, 48.18551332 ], [ 16.44445892, 48.18550455 ], [ 16.44456994, 48.18534697 ], [ 16.44491328, 48.1849004 ], [ 16.4450397, 48.18477618 ], [ 16.44566976, 48.18421044 ], [ 16.4456414, 48.18408711 ], [ 16.44619805, 48.18404617 ], [ 16.44628601, 48.18403378 ], [ 16.44641665, 48.18401538 ], [ 16.44684881, 48.18392369 ], [ 16.44722207, 48.18383088 ], [ 16.44769437, 48.18368033 ], [ 16.44785852, 48.183628 ], [ 16.44829481, 48.18345589 ], [ 16.44867793, 48.18326666 ], [ 16.44902039, 48.18305831 ], [ 16.44942197, 48.18276645 ], [ 16.44980571, 48.18242342 ], [ 16.45007934, 48.18217881 ], [ 16.45041799, 48.18183079 ], [ 16.45074538, 48.18145761 ], [ 16.45083944, 48.1813504 ], [ 16.45198695, 48.18101416 ], [ 16.45494032, 48.18016848 ], [ 16.45577024, 48.17992435 ], [ 16.45652571, 48.17969954 ], [ 16.45696071, 48.17958226 ], [ 16.45805091, 48.17926319 ], [ 16.45858313, 48.17909023 ], [ 16.45903811, 48.17895376 ], [ 16.45922965, 48.17889448 ], [ 16.4591709, 48.17897587 ], [ 16.45939085, 48.17907656 ], [ 16.45945065, 48.17912203 ], [ 16.45958177, 48.17917978 ], [ 16.45965821, 48.17920977 ], [ 16.46002102, 48.17910286 ], [ 16.46018776, 48.1791544 ], [ 16.45985886, 48.17950769 ], [ 16.45970142, 48.17967681 ], [ 16.45895788, 48.1804915 ], [ 16.45838187, 48.18125092 ], [ 16.45825208, 48.18188704 ], [ 16.45815921, 48.18206169 ], [ 16.45810848, 48.18228926 ], [ 16.45805937, 48.18237728 ], [ 16.45796214, 48.18266501 ] ] ] } },
{ "type": "Feature", "properties": { "LEV1": "Grünlandnutzung", "LEV2": "Erholungs- u. Freizeiteinrichtungen", "LEV3": "Parkanlage", "FLAECHE": 5356.0514838899999 }, "geometry": { "type": "Polygon", "coordinates": [ [ [ 16.41638473, 48.21483967 ], [ 16.41598164, 48.21513637 ], [ 16.41563285, 48.21495729 ], [ 16.41514782, 48.21482929 ], [ 16.41491281, 48.21478295 ], [ 16.41477308, 48.21501507 ], [ 16.4142886, 48.21488464 ], [ 16.4142797, 48.21487692 ], [ 16.41532243, 48.21434393 ], [ 16.41571599, 48.21459506 ], [ 16.41605178, 48.21480933 ], [ 16.41619361, 48.21482225 ], [ 16.41638473, 48.21483967 ] ] ] } },
{ "type": "Feature", "properties": { "LEV1": "Grünlandnutzung", "LEV2": "Erholungs- u. Freizeiteinrichtungen", "LEV3": "Parkanlage", "FLAECHE": 118891.55624911 }, "geometry": { "type": "Polygon", "coordinates": [ [ [ 16.40828818, 48.20471775 ], [ 16.40835738, 48.20491972 ], [ 16.4082431, 48.20519839 ], [ 16.40800527, 48.20559579 ], [ 16.40763435, 48.20589682 ], [ 16.40731556, 48.20614104 ], [ 16.40709766, 48.20634422 ], [ 16.40672125, 48.2064906 ], [ 16.40644818, 48.20650294 ], [ 16.40591333, 48.20650028 ], [ 16.40533403, 48.20657026 ], [ 16.40497448, 48.20668691 ], [ 16.40492147, 48.20663899 ], [ 16.40456648, 48.20648803 ], [ 16.40229425, 48.20628799 ], [ 16.40210209, 48.20627107 ], [ 16.40160115, 48.20622696 ], [ 16.40104424, 48.20617792 ], [ 16.40085707, 48.2061595 ], [ 16.40114996, 48.20583881 ], [ 16.40185932, 48.20526743 ], [ 16.40252619, 48.20482719 ], [ 16.40322139, 48.2044604 ], [ 16.40417902, 48.2040618 ], [ 16.40616999, 48.20337625 ], [ 16.40676078, 48.20383448 ], [ 16.40689176, 48.20393649 ], [ 16.40693303, 48.20394079 ], [ 16.40693286, 48.2039685 ], [ 16.40710378, 48.20410161 ], [ 16.40726097, 48.2043195 ], [ 16.40750848, 48.20442462 ], [ 16.40790403, 48.20449023 ], [ 16.40796996, 48.20451668 ], [ 16.40811204, 48.20457368 ], [ 16.40828818, 48.20471775 ] ] ] } },
{ "type": "Feature", "properties": { "LEV1": "Grünlandnutzung", "LEV2": "Erholungs- u. Freizeiteinrichtungen", "LEV3": "Parkanlage", "FLAECHE": 4415.5732749099998 }, "geometry": { "type": "Polygon", "coordinates": [ [ [ 16.39005899, 48.21374194 ], [ 16.39002698, 48.21375086 ], [ 16.39000357, 48.21375996 ], [ 16.38998512, 48.21376961 ], [ 16.38997896, 48.21377283 ], [ 16.38989976, 48.21382377 ], [ 16.38988833, 48.2138289 ], [ 16.38987596, 48.21383322 ], [ 16.3898586, 48.213838 ], [ 16.38984098, 48.21384133 ], [ 16.38982133, 48.21384296 ], [ 16.38965287, 48.21384951 ], [ 16.38947391, 48.21385319 ], [ 16.38937784, 48.21385369 ], [ 16.3892901, 48.21385308 ], [ 16.38923144, 48.21385268 ], [ 16.38908705, 48.21384969 ], [ 16.38894199, 48.21384445 ], [ 16.38870421, 48.21382999 ], [ 16.38847961, 48.21380958 ], [ 16.38833911, 48.21379247 ], [ 16.38823886, 48.21377861 ], [ 16.3881246, 48.2137628 ], [ 16.38792798, 48.21373393 ], [ 16.3877296, 48.21369877 ], [ 16.3877039, 48.21369365 ], [ 16.38768371, 48.21368611 ], [ 16.38766849, 48.21367784 ], [ 16.3876487, 48.21366355 ], [ 16.38763051, 48.21364467 ], [ 16.38759387, 48.2135972 ], [ 16.38756612, 48.21356628 ], [ 16.3875373, 48.21354732 ], [ 16.38749786, 48.21353115 ], [ 16.38750202, 48.21352431 ], [ 16.38747659, 48.21352108 ], [ 16.38734617, 48.21348976 ], [ 16.38724846, 48.21346453 ], [ 16.38704979, 48.21341012 ], [ 16.38683982, 48.213346 ], [ 16.38665515, 48.21328358 ], [ 16.38649618, 48.21322528 ], [ 16.3853333, 48.21277109 ], [ 16.38534631, 48.21273286 ], [ 16.38649584, 48.2131581 ], [ 16.38665764, 48.21321775 ], [ 16.38679305, 48.21326634 ], [ 16.38691379, 48.21330739 ], [ 16.38717545, 48.21338677 ], [ 16.38737397, 48.21344066 ], [ 16.38744235, 48.21345923 ], [ 16.38760413, 48.21350025 ], [ 16.38777977, 48.21353849 ], [ 16.38791839, 48.21356441 ], [ 16.38802807, 48.21358235 ], [ 16.38837658, 48.21363035 ], [ 16.38838928, 48.2136321 ], [ 16.38855494, 48.2136528 ], [ 16.38868345, 48.21366461 ], [ 16.38877954, 48.21367158 ], [ 16.38891262, 48.21367791 ], [ 16.38922022, 48.21367965 ], [ 16.38936663, 48.21367813 ], [ 16.38946471, 48.21367711 ], [ 16.38969158, 48.21367368 ], [ 16.38981605, 48.21367515 ], [ 16.38987001, 48.21367917 ], [ 16.3900359, 48.21366443 ], [ 16.39005899, 48.21374194 ] ] ] } },
{ "type": "Feature", "properties": { "LEV1": "Grünlandnutzung", "LEV2": "Erholungs- u. Freizeiteinrichtungen", "LEV3": "Parkanlage", "FLAECHE": 22085.03878848 }, "geometry": { "type": "Polygon", "coordinates": [ [ [ 16.40584121, 48.22638366 ], [ 16.40375824, 48.22799918 ], [ 16.40209496, 48.22930479 ], [ 16.40158573, 48.22907685 ], [ 16.40163218, 48.22904207 ], [ 16.40152744, 48.22898433 ], [ 16.40211453, 48.22850998 ], [ 16.40278961, 48.22800671 ], [ 16.40392248, 48.22715468 ], [ 16.40464274, 48.22659086 ], [ 16.40468587, 48.22661546 ], [ 16.40504628, 48.22636833 ], [ 16.40516075, 48.22643587 ], [ 16.40551886, 48.22621114 ], [ 16.40584121, 48.22638366 ] ] ] } },
{ "type": "Feature", "properties": { "LEV1": "Grünlandnutzung", "LEV2": "Erholungs- u. Freizeiteinrichtungen", "LEV3": "Parkanlage", "FLAECHE": 12912.989980279999 }, "geometry": { "type": "Polygon", "coordinates": [ [ [ 16.40157486, 48.21188702 ], [ 16.40000779, 48.21270308 ], [ 16.39977422, 48.21249573 ], [ 16.39957724, 48.21229044 ], [ 16.39945764, 48.21212486 ], [ 16.39941919, 48.21207163 ], [ 16.3994112, 48.21206057 ], [ 16.39922977, 48.2118094 ], [ 16.399122, 48.21160932 ], [ 16.39918324, 48.21161212 ], [ 16.3992123, 48.21161012 ], [ 16.39932033, 48.21159594 ], [ 16.39941059, 48.21157894 ], [ 16.39959274, 48.21154462 ], [ 16.39968259, 48.21152461 ], [ 16.39976236, 48.21150559 ], [ 16.3998471, 48.21148288 ], [ 16.39997367, 48.21144908 ], [ 16.40010357, 48.21138426 ], [ 16.40012917, 48.21136742 ], [ 16.40083992, 48.21186267 ], [ 16.4010852, 48.2117445 ], [ 16.401169, 48.21174045 ], [ 16.40157486, 48.21188702 ] ] ] } },
{ "type": "Feature", "properties": { "LEV1": "Grünlandnutzung", "LEV2": "Erholungs- u. Freizeiteinrichtungen", "LEV3": "Parkanlage", "FLAECHE": 8441.1757281499995 }, "geometry": { "type": "Polygon", "coordinates": [ [ [ 16.40602077, 48.21017906 ], [ 16.40720771, 48.21120638 ], [ 16.40671233, 48.21145987 ], [ 16.4065301, 48.21157251 ], [ 16.40599683, 48.21140459 ], [ 16.4060261, 48.21132604 ], [ 16.40604336, 48.21125168 ], [ 16.40606484, 48.21112331 ], [ 16.40606208, 48.21107088 ], [ 16.40604385, 48.21102656 ], [ 16.40597014, 48.21093462 ], [ 16.40582635, 48.21077884 ], [ 16.40579087, 48.21072004 ], [ 16.40577321, 48.21068741 ], [ 16.40575256, 48.21063661 ], [ 16.4057459, 48.21059237 ], [ 16.40574623, 48.21053553 ], [ 16.40575648, 48.21045099 ], [ 16.40577308, 48.21038856 ], [ 16.40579194, 48.21030698 ], [ 16.40580794, 48.21029699 ], [ 16.40580322, 48.21029277 ], [ 16.40602077, 48.21017906 ] ] ] } },
{ "type": "Feature", "properties": { "LEV1": "Grünlandnutzung", "LEV2": "Erholungs- u. Freizeiteinrichtungen", "LEV3": "Sportanlage, Freibad, Camping", "FLAECHE": 64188.10712814 }, "geometry": { "type": "Polygon", "coordinates": [ [ [ 16.40012917, 48.21136742 ], [ 16.40010357, 48.21138426 ], [ 16.39997367, 48.21144908 ], [ 16.3998471, 48.21148288 ], [ 16.39976236, 48.21150559 ], [ 16.39968259, 48.21152461 ], [ 16.39959274, 48.21154462 ], [ 16.39941059, 48.21157894 ], [ 16.39932033, 48.21159594 ], [ 16.3992123, 48.21161012 ], [ 16.39918324, 48.21161212 ], [ 16.399122, 48.21160932 ], [ 16.399074, 48.21152036 ], [ 16.3989211, 48.21104074 ], [ 16.39887591, 48.21050702 ], [ 16.39890661, 48.20997244 ], [ 16.39900507, 48.2093988 ], [ 16.39919425, 48.20874345 ], [ 16.39940648, 48.20825006 ], [ 16.39961994, 48.20775379 ], [ 16.39986381, 48.20738484 ], [ 16.40000831, 48.20716622 ], [ 16.40009332, 48.20715484 ], [ 16.40021387, 48.20725883 ], [ 16.40031507, 48.20738459 ], [ 16.4003483, 48.20771093 ], [ 16.40036911, 48.20777792 ], [ 16.400542, 48.20821049 ], [ 16.40075792, 48.20851775 ], [ 16.40107251, 48.20885141 ], [ 16.40112951, 48.20891828 ], [ 16.4012733, 48.20910319 ], [ 16.40139749, 48.20931428 ], [ 16.40148607, 48.20945848 ], [ 16.4015553, 48.20962194 ], [ 16.40163636, 48.20987757 ], [ 16.40174352, 48.21035028 ], [ 16.40180189, 48.21053992 ], [ 16.40180775, 48.210561 ], [ 16.40179493, 48.21056933 ], [ 16.40149027, 48.21074748 ], [ 16.40124381, 48.2107782 ], [ 16.4011092, 48.21081033 ], [ 16.40108346, 48.2108117 ], [ 16.40106847, 48.21082005 ], [ 16.4010259, 48.21083021 ], [ 16.40102145, 48.21083189 ], [ 16.40101647, 48.21083377 ], [ 16.4010118, 48.21083555 ], [ 16.40100713, 48.21083734 ], [ 16.40100246, 48.21083914 ], [ 16.40099839, 48.21084071 ], [ 16.4009949, 48.21084207 ], [ 16.40099142, 48.21084343 ], [ 16.40098735, 48.21084503 ], [ 16.4009833, 48.21084663 ], [ 16.40097925, 48.21084823 ], [ 16.4009752, 48.21084985 ], [ 16.40097174, 48.21085123 ], [ 16.40096828, 48.21085262 ], [ 16.40096425, 48.21085425 ], [ 16.4009608, 48.21085565 ], [ 16.40095735, 48.21085705 ], [ 16.40095334, 48.2108587 ], [ 16.40094933, 48.21086035 ], [ 16.40094475, 48.21086224 ], [ 16.40094075, 48.2108639 ], [ 16.40093732, 48.21086533 ], [ 16.40093391, 48.21086676 ], [ 16.40093049, 48.2108682 ], [ 16.40092708, 48.21086964 ], [ 16.40092367, 48.21087109 ], [ 16.4009197, 48.21087278 ], [ 16.40091573, 48.21087448 ], [ 16.40091177, 48.21087618 ], [ 16.40090782, 48.21087789 ], [ 16.40090331, 48.21087985 ], [ 16.40089993, 48.21088133 ], [ 16.40089655, 48.21088281 ], [ 16.40089318, 48.21088429 ], [ 16.40088981, 48.21088578 ], [ 16.40088589, 48.21088752 ], [ 16.40088142, 48.21088952 ], [ 16.40087695, 48.21089152 ], [ 16.4008736, 48.21089303 ], [ 16.40087026, 48.21089454 ], [ 16.40086636, 48.21089631 ], [ 16.40086303, 48.21089783 ], [ 16.40085831, 48.2109 ], [ 16.4008536, 48.21090217 ], [ 16.40084918, 48.21090422 ], [ 16.40084394, 48.21090666 ], [ 16.40083981, 48.2109086 ], [ 16.40083596, 48.21091041 ], [ 16.40083075, 48.21091288 ], [ 16.40082609, 48.2109151 ], [ 16.40082226, 48.21091693 ], [ 16.40081844, 48.21091877 ], [ 16.40081463, 48.21092062 ], [ 16.40081136, 48.2109222 ], [ 16.40080728, 48.21092419 ], [ 16.40080186, 48.21092685 ], [ 16.40079672, 48.21092939 ], [ 16.40079293, 48.21093126 ], [ 16.40078916, 48.21093314 ], [ 16.40078539, 48.21093503 ], [ 16.40078217, 48.21093665 ], [ 16.40077814, 48.21093869 ], [ 16.40077225, 48.21094168 ], [ 16.4007677, 48.210944 ], [ 16.40076397, 48.21094592 ], [ 16.40076077, 48.21094757 ], [ 16.40075705, 48.2109495 ], [ 16.40075254, 48.21095184 ], [ 16.40074751, 48.21095448 ], [ 16.40074381, 48.21095642 ], [ 16.40074012, 48.21095838 ], [ 16.40073643, 48.21096033 ], [ 16.40073275, 48.2109623 ], [ 16.40072776, 48.21096497 ], [ 16.40072331, 48.21096737 ], [ 16.40071965, 48.21096935 ], [ 16.40071652, 48.21097106 ], [ 16.40071288, 48.21097305 ], [ 16.40070872, 48.21097533 ], [ 16.40070379, 48.21097805 ], [ 16.40069939, 48.21098049 ], [ 16.40069629, 48.21098222 ], [ 16.40069242, 48.21098439 ], [ 16.40068856, 48.21098656 ], [ 16.40068497, 48.21098859 ], [ 16.4006801, 48.21099136 ], [ 16.40067626, 48.21099355 ], [ 16.4006732, 48.21099531 ], [ 16.40066887, 48.2109978 ], [ 16.40066455, 48.21100031 ], [ 16.40066049, 48.21100267 ], [ 16.40065644, 48.21100504 ], [ 16.4006524, 48.21100742 ], [ 16.40064812, 48.21100995 ], [ 16.40064434, 48.21101219 ], [ 16.40064133, 48.21101399 ], [ 16.40063733, 48.21101639 ], [ 16.40063333, 48.2110188 ], [ 16.40062934, 48.21102121 ], [ 16.40062536, 48.21102363 ], [ 16.40062139, 48.21102606 ], [ 16.40061742, 48.21102849 ], [ 16.40061347, 48.21103093 ], [ 16.40060879, 48.21103384 ], [ 16.4006051, 48.21103614 ], [ 16.40060167, 48.2110383 ], [ 16.4005975, 48.21104092 ], [ 16.40059286, 48.21104386 ], [ 16.40058946, 48.21104603 ], [ 16.40058581, 48.21104836 ], [ 16.40058169, 48.21105101 ], [ 16.40057878, 48.21105288 ], [ 16.4005754, 48.21105507 ], [ 16.40024191, 48.21129326 ], [ 16.40012917, 48.21136742 ] ] ] } },
{ "type": "Feature", "properties": { "LEV1": "Grünlandnutzung", "LEV2": "Erholungs- u. Freizeiteinrichtungen", "LEV3": "Sportanlage, Freibad, Camping", "FLAECHE": 56375.433387919998 }, "geometry": { "type": "Polygon", "coordinates": [ [ [ 16.41576009, 48.20502878 ], [ 16.41576883, 48.20494055 ], [ 16.41634123, 48.20465111 ], [ 16.41649694, 48.2046761 ], [ 16.41650665, 48.2046824 ], [ 16.4168254, 48.20488945 ], [ 16.41849578, 48.20698063 ], [ 16.41810543, 48.20737328 ], [ 16.41740628, 48.20775392 ], [ 16.41634104, 48.2077157 ], [ 16.41622368, 48.20768852 ], [ 16.41516404, 48.20744223 ], [ 16.41516122, 48.20737534 ], [ 16.41512927, 48.20661712 ], [ 16.41576009, 48.20502878 ] ] ] } },
{ "type": "Feature", "properties": { "LEV1": "Grünlandnutzung", "LEV2": "Erholungs- u. Freizeiteinrichtungen", "LEV3": "Sportanlage, Freibad, Camping", "FLAECHE": 10184.433739710001 }, "geometry": { "type": "Polygon", "coordinates": [ [ [ 16.44071226, 48.19407727 ], [ 16.44038654, 48.19424198 ], [ 16.44026905, 48.19413754 ], [ 16.43936421, 48.1946015 ], [ 16.43873119, 48.19402292 ], [ 16.43875439, 48.19388079 ], [ 16.4387559, 48.19381673 ], [ 16.43985356, 48.19347578 ], [ 16.43999291, 48.19347057 ], [ 16.44071226, 48.19407727 ] ] ] } },
{ "type": "Feature", "properties": { "LEV1": "Grünlandnutzung", "LEV2": "Erholungs- u. Freizeiteinrichtungen", "LEV3": "Parkanlage", "FLAECHE": 5611.15754999 }, "geometry": { "type": "Polygon", "coordinates": [ [ [ 16.40030025, 48.20328252 ], [ 16.40014536, 48.20335167 ], [ 16.39992404, 48.20345117 ], [ 16.39968755, 48.20357298 ], [ 16.39954788, 48.20365714 ], [ 16.39937206, 48.20377712 ], [ 16.39923886, 48.20387594 ], [ 16.39908121, 48.20400355 ], [ 16.39905913, 48.20399151 ], [ 16.39888657, 48.20414116 ], [ 16.39891228, 48.20415473 ], [ 16.39882669, 48.20423805 ], [ 16.39867875, 48.20439281 ], [ 16.39849457, 48.20461316 ], [ 16.39839907, 48.20473939 ], [ 16.39831339, 48.20486201 ], [ 16.39823388, 48.20497321 ], [ 16.39814526, 48.20511643 ], [ 16.39807453, 48.20525901 ], [ 16.39802904, 48.20525085 ], [ 16.39792646, 48.20552934 ], [ 16.39793709, 48.20553077 ], [ 16.39788627, 48.20578854 ], [ 16.39784443, 48.20578452 ], [ 16.39782945, 48.20586322 ], [ 16.39776648, 48.20585839 ], [ 16.39775454, 48.20588664 ], [ 16.39768646, 48.20588119 ], [ 16.39768419, 48.20589081 ], [ 16.39764934, 48.20588885 ], [ 16.39764743, 48.20586574 ], [ 16.39765223, 48.20583004 ], [ 16.39777349, 48.20563949 ], [ 16.39791338, 48.20528302 ], [ 16.3980016, 48.20502702 ], [ 16.39805364, 48.20489677 ], [ 16.39813539, 48.20474178 ], [ 16.3982122, 48.20462959 ], [ 16.39830865, 48.20450237 ], [ 16.39853019, 48.20425143 ], [ 16.39865421, 48.20412213 ], [ 16.39870353, 48.20407714 ], [ 16.39877653, 48.20403735 ], [ 16.39887476, 48.20394422 ], [ 16.39893992, 48.203869 ], [ 16.39900025, 48.20381006 ], [ 16.39914137, 48.20370026 ], [ 16.39923305, 48.20363645 ], [ 16.39937459, 48.2035406 ], [ 16.39952018, 48.20345238 ], [ 16.39973677, 48.20334039 ], [ 16.39989704, 48.20326053 ], [ 16.40001146, 48.2032092 ], [ 16.40013893, 48.20315976 ], [ 16.40017538, 48.20314724 ], [ 16.40030025, 48.20328252 ] ] ] } },
{ "type": "Feature", "properties": { "LEV1": "Grünlandnutzung", "LEV2": "Erholungs- u. Freizeiteinrichtungen", "LEV3": "Parkanlage", "FLAECHE": 1076.8071464699999 }, "geometry": { "type": "Polygon", "coordinates": [ [ [ 16.41822426, 48.21572429 ], [ 16.41806176, 48.21584357 ], [ 16.41805275, 48.21584385 ], [ 16.41803889, 48.2158432 ], [ 16.41767432, 48.21582631 ], [ 16.41740219, 48.21580167 ], [ 16.41737366, 48.21579909 ], [ 16.41712304, 48.21576033 ], [ 16.41685523, 48.21565754 ], [ 16.41684256, 48.21565136 ], [ 16.41662617, 48.21554583 ], [ 16.41635697, 48.21538466 ], [ 16.41624028, 48.21531479 ], [ 16.4162997, 48.21527536 ], [ 16.41644854, 48.21537355 ], [ 16.41670633, 48.21552194 ], [ 16.41684153, 48.21558606 ], [ 16.41710125, 48.21567941 ], [ 16.41718647, 48.21570363 ], [ 16.41731771, 48.21572836 ], [ 16.41748622, 48.21574982 ], [ 16.4176675, 48.2157648 ], [ 16.41789962, 48.21576266 ], [ 16.4180347, 48.2157488 ], [ 16.41822426, 48.21572429 ] ] ] } },
{ "type": "Feature", "properties": { "LEV1": "Grünlandnutzung", "LEV2": "Erholungs- u. Freizeiteinrichtungen", "LEV3": "Sportanlage, Freibad, Camping", "FLAECHE": 8070.6359343599997 }, "geometry": { "type": "Polygon", "coordinates": [ [ [ 16.37774942, 48.22752963 ], [ 16.37734654, 48.22798281 ], [ 16.37632259, 48.22840754 ], [ 16.37565668, 48.22780635 ], [ 16.37764813, 48.22743861 ], [ 16.37774942, 48.22752963 ] ] ] } },
{ "type": "Feature", "properties": { "LEV1": "Grünlandnutzung", "LEV2": "Erholungs- u. Freizeiteinrichtungen", "LEV3": "Parkanlage", "FLAECHE": 10426.11319459 }, "geometry": { "type": "Polygon", "coordinates": [ [ [ 16.37243461, 48.21793097 ], [ 16.372548, 48.21785386 ], [ 16.37248351, 48.21781422 ], [ 16.37268217, 48.21767845 ], [ 16.37274235, 48.21771989 ], [ 16.37291143, 48.21760563 ], [ 16.37286727, 48.21758208 ], [ 16.37298792, 48.21749436 ], [ 16.37303665, 48.21752303 ], [ 16.37313133, 48.2174444 ], [ 16.37308206, 48.21741743 ], [ 16.37379389, 48.21663479 ], [ 16.37452377, 48.21554395 ], [ 16.37459744, 48.21545201 ], [ 16.37464198, 48.21544507 ], [ 16.3748264, 48.21517845 ], [ 16.37479342, 48.2151629 ], [ 16.37509249, 48.21473293 ], [ 16.3751472, 48.21465862 ], [ 16.375176, 48.2146596 ], [ 16.375276, 48.21451586 ], [ 16.37555477, 48.21463294 ], [ 16.37553976, 48.21471632 ], [ 16.37556928, 48.21477224 ], [ 16.37493359, 48.21564498 ], [ 16.3744963, 48.21615641 ], [ 16.373477, 48.21721312 ], [ 16.37308586, 48.21765251 ], [ 16.37299593, 48.21779239 ], [ 16.372749, 48.21816847 ], [ 16.37270282, 48.21813935 ], [ 16.37243461, 48.21793097 ] ] ] } },
{ "type": "Feature", "properties": { "LEV1": "Grünlandnutzung", "LEV2": "Erholungs- u. Freizeiteinrichtungen", "LEV3": "Sportanlage, Freibad, Camping", "FLAECHE": 5061.4036973100001 }, "geometry": { "type": "Polygon", "coordinates": [ [ [ 16.41393127, 48.19913327 ], [ 16.4135384, 48.19941912 ], [ 16.4137296, 48.19954884 ], [ 16.41330148, 48.19985377 ], [ 16.41320843, 48.1997965 ], [ 16.41268936, 48.19946522 ], [ 16.41362524, 48.19879267 ], [ 16.41369076, 48.19885769 ], [ 16.41393127, 48.19913327 ] ] ] } },
{ "type": "Feature", "properties": { "LEV1": "Grünlandnutzung", "LEV2": "Erholungs- u. Freizeiteinrichtungen", "LEV3": "Parkanlage", "FLAECHE": 366958.46398300002 }, "geometry": { "type": "MultiPolygon", "coordinates": [ [ [ [ 16.37891445, 48.2282678 ], [ 16.37830482, 48.22852 ], [ 16.37685832, 48.22911837 ], [ 16.37671754, 48.22930827 ], [ 16.37669519, 48.22930099 ], [ 16.37446513, 48.22856702 ], [ 16.37428204, 48.22850673 ], [ 16.37342283, 48.22822679 ], [ 16.37337248, 48.22821044 ], [ 16.37251155, 48.22794361 ], [ 16.37216152, 48.22783509 ], [ 16.3712221, 48.22693953 ], [ 16.37121434, 48.22693213 ], [ 16.37071234, 48.22645355 ], [ 16.37088146, 48.22636482 ], [ 16.37139662, 48.22608102 ], [ 16.37111878, 48.22581913 ], [ 16.37122883, 48.22576082 ], [ 16.37116338, 48.22570329 ], [ 16.37126371, 48.22559606 ], [ 16.37184692, 48.22544273 ], [ 16.37203478, 48.22540409 ], [ 16.37223701, 48.22532039 ], [ 16.37239107, 48.22525271 ], [ 16.37251617, 48.22516903 ], [ 16.37335381, 48.22455723 ], [ 16.37346935, 48.22445422 ], [ 16.37376749, 48.22424369 ], [ 16.37383772, 48.22428388 ], [ 16.37453542, 48.2242814 ], [ 16.37714616, 48.2229703 ], [ 16.37665919, 48.22257702 ], [ 16.37652603, 48.22266475 ], [ 16.37641831, 48.22260015 ], [ 16.37614797, 48.22280147 ], [ 16.3759814, 48.22270035 ], [ 16.37594225, 48.22267465 ], [ 16.37603045, 48.22260939 ], [ 16.37614088, 48.22253201 ], [ 16.37645371, 48.22225833 ], [ 16.3790432, 48.22034247 ], [ 16.37992052, 48.2197404 ], [ 16.37995388, 48.21973289 ], [ 16.38007162, 48.21970635 ], [ 16.38025746, 48.22016808 ], [ 16.38007501, 48.22020161 ], [ 16.38008299, 48.22072312 ], [ 16.38016689, 48.22093867 ], [ 16.38054791, 48.22191751 ], [ 16.38061879, 48.22204165 ], [ 16.37931235, 48.2224243 ], [ 16.37943064, 48.22258051 ], [ 16.37987374, 48.22306683 ], [ 16.38088026, 48.22278894 ], [ 16.38090199, 48.22284547 ], [ 16.38100126, 48.22309562 ], [ 16.3814097, 48.22413229 ], [ 16.38142495, 48.22418039 ], [ 16.38161915, 48.22431416 ], [ 16.38117763, 48.22457775 ], [ 16.38112381, 48.22460987 ], [ 16.38116122, 48.22489851 ], [ 16.3810949, 48.22490663 ], [ 16.38112505, 48.22500979 ], [ 16.38117485, 48.22500368 ], [ 16.38117892, 48.22500318 ], [ 16.38121239, 48.22511304 ], [ 16.38123021, 48.22511109 ], [ 16.3812513, 48.22518499 ], [ 16.38125947, 48.22521358 ], [ 16.38193278, 48.22512996 ], [ 16.38192676, 48.22510831 ], [ 16.38251102, 48.22504198 ], [ 16.38054811, 48.22759194 ], [ 16.37891445, 48.2282678 ] ], [ [ 16.37545329, 48.22796352 ], [ 16.37539124, 48.22787417 ], [ 16.37500439, 48.22793529 ], [ 16.37473449, 48.22797444 ], [ 16.37469121, 48.22805034 ], [ 16.374958, 48.22813934 ], [ 16.37588517, 48.22846868 ], [ 16.37594182, 48.228431 ], [ 16.37545329, 48.22796352 ] ], [ [ 16.37774942, 48.22752963 ], [ 16.37764813, 48.22743861 ], [ 16.37565668, 48.22780635 ], [ 16.37632259, 48.22840754 ], [ 16.37734654, 48.22798281 ], [ 16.37774942, 48.22752963 ] ], [ [ 16.3775374, 48.22731837 ], [ 16.3767492, 48.22661999 ], [ 16.37586094, 48.22667033 ], [ 16.37560543, 48.22767316 ], [ 16.3775374, 48.22731837 ] ], [ [ 16.37466968, 48.22725979 ], [ 16.37412907, 48.22677771 ], [ 16.3727128, 48.22686192 ], [ 16.37205162, 48.22716002 ], [ 16.37420269, 48.22786923 ], [ 16.37436121, 48.22782815 ], [ 16.37466968, 48.22725979 ] ], [ [ 16.37952906, 48.22532705 ], [ 16.37835643, 48.22440034 ], [ 16.3780918, 48.22452325 ], [ 16.37828251, 48.22502624 ], [ 16.37868788, 48.22533355 ], [ 16.37874863, 48.22538102 ], [ 16.37926471, 48.22578412 ], [ 16.37961068, 48.22540655 ], [ 16.37958406, 48.22538071 ], [ 16.37952906, 48.22532705 ] ], [ [ 16.3811124, 48.22452187 ], [ 16.38031557, 48.22383924 ], [ 16.37940319, 48.2243072 ], [ 16.38030137, 48.22501845 ], [ 16.3811124, 48.22452187 ] ], [ [ 16.37931901, 48.22361841 ], [ 16.37893303, 48.22331027 ], [ 16.37885958, 48.22335139 ], [ 16.37883521, 48.22333243 ], [ 16.37878261, 48.22336365 ], [ 16.37884441, 48.22341333 ], [ 16.37799398, 48.22389236 ], [ 16.37829875, 48.22414518 ], [ 16.378966, 48.22427478 ], [ 16.37927124, 48.22411054 ], [ 16.37967907, 48.22389456 ], [ 16.37931901, 48.22361841 ] ], [ [ 16.37831457, 48.22159333 ], [ 16.37810295, 48.2213686 ], [ 16.37698955, 48.22218233 ], [ 16.37720752, 48.22230591 ], [ 16.37773721, 48.22275875 ], [ 16.37794652, 48.22263445 ], [ 16.37904691, 48.222371 ], [ 16.37831457, 48.22159333 ] ], [ [ 16.37991372, 48.22059638 ], [ 16.37971613, 48.22000887 ], [ 16.37918468, 48.2205579 ], [ 16.3784814, 48.2210633 ], [ 16.37825286, 48.22123826 ], [ 16.37820787, 48.22127738 ], [ 16.37840532, 48.22148523 ], [ 16.37862037, 48.22139645 ], [ 16.38001867, 48.22097744 ], [ 16.3798905, 48.22060955 ], [ 16.37991372, 48.22059638 ] ] ] ] } },
{ "type": "Feature", "properties": { "LEV1": "Grünlandnutzung", "LEV2": "Erholungs- u. Freizeiteinrichtungen", "LEV3": "Parkanlage", "FLAECHE": 2853.27497245 }, "geometry": { "type": "Polygon", "coordinates": [ [ [ 16.40017538, 48.20314724 ], [ 16.40026359, 48.2031194 ], [ 16.40035558, 48.20309435 ], [ 16.40057669, 48.20304314 ], [ 16.40085214, 48.20299056 ], [ 16.40122955, 48.20292325 ], [ 16.40189371, 48.20280938 ], [ 16.40218733, 48.20276164 ], [ 16.40228571, 48.20272654 ], [ 16.40232275, 48.20282532 ], [ 16.40231553, 48.20285626 ], [ 16.40233065, 48.20289897 ], [ 16.40099357, 48.20312996 ], [ 16.40066512, 48.20318932 ], [ 16.40053803, 48.2032188 ], [ 16.40036979, 48.20326629 ], [ 16.40030025, 48.20328252 ], [ 16.40017538, 48.20314724 ] ] ] } },
{ "type": "Feature", "properties": { "LEV1": "Grünlandnutzung", "LEV2": "Erholungs- u. Freizeiteinrichtungen", "LEV3": "Parkanlage", "FLAECHE": 29681.871018450001 }, "geometry": { "type": "Polygon", "coordinates": [ [ [ 16.45158244, 48.19370225 ], [ 16.45140665, 48.19378086 ], [ 16.45138451, 48.19379076 ], [ 16.45135368, 48.19381708 ], [ 16.45119106, 48.19395589 ], [ 16.45102941, 48.194203 ], [ 16.45096746, 48.19435362 ], [ 16.45093097, 48.19437167 ], [ 16.45069901, 48.19448645 ], [ 16.45072988, 48.19451879 ], [ 16.45073439, 48.19455116 ], [ 16.45070815, 48.19460416 ], [ 16.45030228, 48.19489813 ], [ 16.44957953, 48.19440096 ], [ 16.45052556, 48.19374196 ], [ 16.45077814, 48.19390154 ], [ 16.45081119, 48.19394548 ], [ 16.45076522, 48.19402035 ], [ 16.45057463, 48.19420544 ], [ 16.45049573, 48.19422755 ], [ 16.45048931, 48.19430679 ], [ 16.45061113, 48.19428688 ], [ 16.45087714, 48.19402464 ], [ 16.45090663, 48.19398064 ], [ 16.45091647, 48.19392775 ], [ 16.45087675, 48.19385081 ], [ 16.45061879, 48.19367875 ], [ 16.45062957, 48.19367143 ], [ 16.45221132, 48.19259734 ], [ 16.45227857, 48.19253647 ], [ 16.45282121, 48.19217267 ], [ 16.4534518, 48.1917499 ], [ 16.45426245, 48.19117287 ], [ 16.4545475, 48.19098849 ], [ 16.4545757, 48.19101157 ], [ 16.45470502, 48.1910821 ], [ 16.45462694, 48.19114757 ], [ 16.45458805, 48.19124569 ], [ 16.45467618, 48.19129791 ], [ 16.45475451, 48.19133706 ], [ 16.45486206, 48.19133041 ], [ 16.45492063, 48.19128458 ], [ 16.45512247, 48.19134764 ], [ 16.45513213, 48.19135378 ], [ 16.45473587, 48.19162727 ], [ 16.45412925, 48.19211995 ], [ 16.45369384, 48.19254879 ], [ 16.45307184, 48.19305296 ], [ 16.45265631, 48.19333307 ], [ 16.45232538, 48.19351628 ], [ 16.45232671, 48.1935034 ], [ 16.45244936, 48.19297067 ], [ 16.4529732, 48.19264904 ], [ 16.4527364, 48.19248132 ], [ 16.45141584, 48.19334715 ], [ 16.45156434, 48.19367304 ], [ 16.45158244, 48.19370225 ] ] ] } },
{ "type": "Feature", "properties": { "LEV1": "Grünlandnutzung", "LEV2": "Erholungs- u. Freizeiteinrichtungen", "LEV3": "Parkanlage", "FLAECHE": 31575.931649959999 }, "geometry": { "type": "Polygon", "coordinates": [ [ [ 16.39883101, 48.22596735 ], [ 16.39723153, 48.22731764 ], [ 16.39549191, 48.2263981 ], [ 16.39708872, 48.22504684 ], [ 16.39883101, 48.22596735 ] ] ] } },
{ "type": "Feature", "properties": { "LEV1": "Baulandnutzung", "LEV2": "Geschäfts,- Kern- und Mischnutzung (Schwerpunkt betriebl. Tätigkeit)", "LEV3": "Büro, Verwaltung", "FLAECHE": 19926.64492337 }, "geometry": { "type": "Polygon", "coordinates": [ [ [ 16.39531231, 48.22075118 ], [ 16.39531367, 48.22075964 ], [ 16.39528933, 48.22078105 ], [ 16.39537188, 48.22082732 ], [ 16.39528086, 48.22090534 ], [ 16.39531345, 48.22092367 ], [ 16.39519471, 48.22102082 ], [ 16.39422358, 48.22182139 ], [ 16.39320891, 48.2212725 ], [ 16.39308931, 48.22106734 ], [ 16.39330155, 48.22011188 ], [ 16.393322, 48.21998714 ], [ 16.39333276, 48.21997571 ], [ 16.39334984, 48.21997076 ], [ 16.39337218, 48.21997129 ], [ 16.39343247, 48.21999594 ], [ 16.39447998, 48.22042048 ], [ 16.3945061, 48.22043503 ], [ 16.39462802, 48.22042445 ], [ 16.39466029, 48.22039898 ], [ 16.39531231, 48.22075118 ] ] ] } },
{ "type": "Feature", "properties": { "LEV1": "Baulandnutzung", "LEV2": "Geschäfts,- Kern- und Mischnutzung (Schwerpunkt betriebl. Tätigkeit)", "LEV3": "Büro, Verwaltung", "FLAECHE": 20361.830815159999 }, "geometry": { "type": "Polygon", "coordinates": [ [ [ 16.39280635, 48.2203926 ], [ 16.39288307, 48.22040014 ], [ 16.39287298, 48.22044687 ], [ 16.39275073, 48.22101271 ], [ 16.3927311, 48.22110358 ], [ 16.39273522, 48.22117705 ], [ 16.39275143, 48.22123073 ], [ 16.39277867, 48.22128243 ], [ 16.39281708, 48.22133187 ], [ 16.39283017, 48.2213447 ], [ 16.39285103, 48.22136513 ], [ 16.39290505, 48.22140629 ], [ 16.39298948, 48.22145436 ], [ 16.39388228, 48.22193757 ], [ 16.39351056, 48.22300741 ], [ 16.39316446, 48.2229537 ], [ 16.3920762, 48.22278482 ], [ 16.39215903, 48.22241497 ], [ 16.39236093, 48.22151349 ], [ 16.39232216, 48.22125918 ], [ 16.39241744, 48.22083405 ], [ 16.39252264, 48.22036471 ], [ 16.39280635, 48.2203926 ] ] ] } },
{ "type": "Feature", "properties": { "LEV1": "Baulandnutzung", "LEV2": "Geschäfts,- Kern- und Mischnutzung (Schwerpunkt betriebl. Tätigkeit)", "LEV3": "solitäre Handelsstruktur", "FLAECHE": 10995.06889997 }, "geometry": { "type": "Polygon", "coordinates": [ [ [ 16.43324857, 48.20289653 ], [ 16.43345456, 48.20298134 ], [ 16.43399679, 48.20329681 ], [ 16.43399178, 48.20342173 ], [ 16.4335918, 48.20369924 ], [ 16.43338211, 48.20386247 ], [ 16.43316702, 48.20402084 ], [ 16.43314144, 48.20408498 ], [ 16.43306124, 48.2041436 ], [ 16.43272541, 48.20391176 ], [ 16.43247663, 48.20368391 ], [ 16.43238665, 48.20355034 ], [ 16.43232814, 48.20341315 ], [ 16.43232385, 48.20327799 ], [ 16.43236816, 48.20315915 ], [ 16.43244086, 48.20304587 ], [ 16.43254796, 48.20298282 ], [ 16.43266125, 48.20291843 ], [ 16.43283096, 48.20288168 ], [ 16.43302788, 48.20286218 ], [ 16.43324857, 48.20289653 ] ] ] } },
{ "type": "Feature", "properties": { "LEV1": "Baulandnutzung", "LEV2": "Geschäfts,- Kern- und Mischnutzung (Schwerpunkt betriebl. Tätigkeit)", "LEV3": "Büro, Verwaltung", "FLAECHE": 15813.640682679999 }, "geometry": { "type": "Polygon", "coordinates": [ [ [ 16.39834817, 48.2225815 ], [ 16.39833974, 48.22258849 ], [ 16.39728333, 48.22346502 ], [ 16.3959714, 48.22277017 ], [ 16.39703926, 48.22188018 ], [ 16.39704767, 48.22187317 ], [ 16.39834817, 48.2225815 ] ] ] } },
{ "type": "Feature", "properties": { "LEV1": "Baulandnutzung", "LEV2": "Geschäfts,- Kern- und Mischnutzung (Schwerpunkt betriebl. Tätigkeit)", "LEV3": "solitäre Handelsstruktur", "FLAECHE": 5596.1911999800004 }, "geometry": { "type": "Polygon", "coordinates": [ [ [ 16.38716647, 48.22303351 ], [ 16.38583111, 48.2232851 ], [ 16.38561828, 48.22281979 ], [ 16.38694905, 48.22256444 ], [ 16.38716647, 48.22303351 ] ] ] } },
{ "type": "Feature", "properties": { "LEV1": "Baulandnutzung", "LEV2": "Geschäfts,- Kern- und Mischnutzung (Schwerpunkt betriebl. Tätigkeit)", "LEV3": "Büro, Verwaltung", "FLAECHE": 9211.7026319300003 }, "geometry": { "type": "Polygon", "coordinates": [ [ [ 16.40418807, 48.21588871 ], [ 16.40352046, 48.21623441 ], [ 16.40202568, 48.21700839 ], [ 16.40186583, 48.21697216 ], [ 16.40204277, 48.21664409 ], [ 16.40228396, 48.21637669 ], [ 16.40264533, 48.21610331 ], [ 16.40310852, 48.21585932 ], [ 16.40375958, 48.21551638 ], [ 16.40418807, 48.21588871 ] ] ] } },
{ "type": "Feature", "properties": { "LEV1": "Baulandnutzung", "LEV2": "Geschäfts,- Kern- und Mischnutzung (Schwerpunkt betriebl. Tätigkeit)", "LEV3": "Büro, Verwaltung", "FLAECHE": 11104.970590229999 }, "geometry": { "type": "Polygon", "coordinates": [ [ [ 16.3945382, 48.22368588 ], [ 16.394741, 48.22379343 ], [ 16.39539764, 48.22414166 ], [ 16.39467064, 48.22474804 ], [ 16.39353722, 48.22414847 ], [ 16.39382232, 48.22330619 ], [ 16.3945382, 48.22368588 ] ] ] } },
{ "type": "Feature", "properties": { "LEV1": "Baulandnutzung", "LEV2": "Geschäfts,- Kern- und Mischnutzung (Schwerpunkt betriebl. Tätigkeit)", "LEV3": "Büro, Verwaltung", "FLAECHE": 17089.206365549999 }, "geometry": { "type": "Polygon", "coordinates": [ [ [ 16.41599871, 48.21197063 ], [ 16.4153047, 48.21234526 ], [ 16.4145347, 48.21276091 ], [ 16.41415125, 48.21296028 ], [ 16.41328861, 48.21338471 ], [ 16.41325221, 48.21336423 ], [ 16.41271577, 48.2129411 ], [ 16.41511233, 48.21168578 ], [ 16.41524463, 48.21161648 ], [ 16.41543686, 48.21151578 ], [ 16.41599871, 48.21197063 ] ] ] } },
{ "type": "Feature", "properties": { "LEV1": "Baulandnutzung", "LEV2": "Geschäfts,- Kern- und Mischnutzung (Schwerpunkt betriebl. Tätigkeit)", "LEV3": "Büro, Verwaltung", "FLAECHE": 10358.06688771 }, "geometry": { "type": "Polygon", "coordinates": [ [ [ 16.39477005, 48.222413 ], [ 16.39554822, 48.22283883 ], [ 16.39469375, 48.22354416 ], [ 16.39388587, 48.2231181 ], [ 16.39392665, 48.22299742 ], [ 16.39422499, 48.22211448 ], [ 16.39477005, 48.222413 ] ] ] } },
{ "type": "Feature", "properties": { "LEV1": "Baulandnutzung", "LEV2": "Geschäfts,- Kern- und Mischnutzung (Schwerpunkt betriebl. Tätigkeit)", "LEV3": "solitäre Handelsstruktur", "FLAECHE": 3146.7796200500002 }, "geometry": { "type": "Polygon", "coordinates": [ [ [ 16.37751649, 48.21741799 ], [ 16.37738248, 48.21777741 ], [ 16.37652854, 48.21782304 ], [ 16.37648172, 48.21765973 ], [ 16.37641438, 48.21742486 ], [ 16.37751446, 48.21739875 ], [ 16.37751649, 48.21741799 ] ] ] } },
{ "type": "Feature", "properties": { "LEV1": "Baulandnutzung", "LEV2": "Geschäfts,- Kern- und Mischnutzung (Schwerpunkt betriebl. Tätigkeit)", "LEV3": "solitäre Handelsstruktur", "FLAECHE": 2335.4042500700002 }, "geometry": { "type": "Polygon", "coordinates": [ [ [ 16.41598164, 48.21513637 ], [ 16.4158327, 48.21523459 ], [ 16.41561176, 48.21524095 ], [ 16.41477308, 48.21501507 ], [ 16.41491281, 48.21478295 ], [ 16.41514782, 48.21482929 ], [ 16.41563285, 48.21495729 ], [ 16.41598164, 48.21513637 ] ] ] } },
{ "type": "Feature", "properties": { "LEV1": "Baulandnutzung", "LEV2": "Geschäfts,- Kern- und Mischnutzung (Schwerpunkt betriebl. Tätigkeit)", "LEV3": "Büro, Verwaltung", "FLAECHE": 5415.0380173000003 }, "geometry": { "type": "Polygon", "coordinates": [ [ [ 16.39147334, 48.21986133 ], [ 16.39137823, 48.22013549 ], [ 16.3913703, 48.22022686 ], [ 16.39134052, 48.22022341 ], [ 16.39047704, 48.22014279 ], [ 16.39060618, 48.21951209 ], [ 16.3906795, 48.21937542 ], [ 16.39070959, 48.21931931 ], [ 16.39077363, 48.21933808 ], [ 16.39143652, 48.21953229 ], [ 16.3913374, 48.21984206 ], [ 16.39147334, 48.21986133 ] ] ] } },
{ "type": "Feature", "properties": { "LEV1": "Baulandnutzung", "LEV2": "Geschäfts,- Kern- und Mischnutzung (Schwerpunkt betriebl. Tätigkeit)", "LEV3": "Büro, Verwaltung", "FLAECHE": 2732.9689751599999 }, "geometry": { "type": "Polygon", "coordinates": [ [ [ 16.41261625, 48.21287857 ], [ 16.41185696, 48.21223297 ], [ 16.41206988, 48.21211505 ], [ 16.41266308, 48.21261981 ], [ 16.41310852, 48.21238946 ], [ 16.41327652, 48.21253297 ], [ 16.41261625, 48.21287857 ] ] ] } },
{ "type": "Feature", "properties": { "LEV1": "Baulandnutzung", "LEV2": "Geschäfts,- Kern- und Mischnutzung (Schwerpunkt betriebl. Tätigkeit)", "LEV3": "Büro, Verwaltung", "FLAECHE": 10000.275163030001 }, "geometry": { "type": "Polygon", "coordinates": [ [ [ 16.39344965, 48.22318254 ], [ 16.39316108, 48.22401266 ], [ 16.39275277, 48.22395397 ], [ 16.39182619, 48.22382077 ], [ 16.39190475, 48.22350162 ], [ 16.39202651, 48.22300697 ], [ 16.39203628, 48.22296326 ], [ 16.39344965, 48.22318254 ] ] ] } },
{ "type": "Feature", "properties": { "LEV1": "Baulandnutzung", "LEV2": "Geschäfts,- Kern- und Mischnutzung (Schwerpunkt betriebl. Tätigkeit)", "LEV3": "solitäre Handelsstruktur", "FLAECHE": 7571.0379000700004 }, "geometry": { "type": "Polygon", "coordinates": [ [ [ 16.42886564, 48.20807908 ], [ 16.42756573, 48.20901865 ], [ 16.42703907, 48.20868434 ], [ 16.42834828, 48.20775628 ], [ 16.42886564, 48.20807908 ] ] ] } },
{ "type": "Feature", "properties": { "LEV1": "Baulandnutzung", "LEV2": "Geschäfts,- Kern- und Mischnutzung (Schwerpunkt betriebl. Tätigkeit)", "LEV3": "solitäre Handelsstruktur", "FLAECHE": 3978.8128360599999 }, "geometry": { "type": "Polygon", "coordinates": [ [ [ 16.38055344, 48.213233 ], [ 16.38024241, 48.21329415 ], [ 16.37975614, 48.21331924 ], [ 16.37936688, 48.21270298 ], [ 16.3794312, 48.21270925 ], [ 16.38000475, 48.21262989 ], [ 16.38055344, 48.213233 ] ] ] } },
{ "type": "Feature", "properties": { "LEV1": "Baulandnutzung", "LEV2": "Geschäfts,- Kern- und Mischnutzung (Schwerpunkt betriebl. Tätigkeit)", "LEV3": "Büro, Verwaltung", "FLAECHE": 16361.32237349 }, "geometry": { "type": "Polygon", "coordinates": [ [ [ 16.39554407, 48.22105022 ], [ 16.39684281, 48.22175235 ], [ 16.39685522, 48.22175906 ], [ 16.39576845, 48.22265697 ], [ 16.39443729, 48.22193541 ], [ 16.39551989, 48.22103715 ], [ 16.39554407, 48.22105022 ] ] ] } },
{ "type": "Feature", "properties": { "LEV1": "Baulandnutzung", "LEV2": "Geschäfts,- Kern- und Mischnutzung (Schwerpunkt betriebl. Tätigkeit)", "LEV3": "solitäre Handelsstruktur", "FLAECHE": 3811.85569076 }, "geometry": { "type": "Polygon", "coordinates": [ [ [ 16.37751334, 48.21733795 ], [ 16.37655549, 48.21735097 ], [ 16.37647583, 48.21735024 ], [ 16.37639616, 48.2173495 ], [ 16.37628416, 48.2169622 ], [ 16.37749215, 48.21693677 ], [ 16.37751334, 48.21733795 ] ] ] } },
{ "type": "Feature", "properties": { "LEV1": "Baulandnutzung", "LEV2": "Geschäfts,- Kern- und Mischnutzung (Schwerpunkt betriebl. Tätigkeit)", "LEV3": "solitäre Handelsstruktur", "FLAECHE": 23871.86685002 }, "geometry": { "type": "Polygon", "coordinates": [ [ [ 16.42175507, 48.21095001 ], [ 16.42138823, 48.21051465 ], [ 16.4214743, 48.21033077 ], [ 16.42143968, 48.21030453 ], [ 16.42146542, 48.21016872 ], [ 16.42152947, 48.21017029 ], [ 16.42155708, 48.21010704 ], [ 16.42157775, 48.21007456 ], [ 16.42163083, 48.21003288 ], [ 16.42186601, 48.20986759 ], [ 16.42181752, 48.20983525 ], [ 16.42194424, 48.20974109 ], [ 16.4220319, 48.20970244 ], [ 16.42249737, 48.2092608 ], [ 16.42314267, 48.20863393 ], [ 16.42341491, 48.20858597 ], [ 16.42428136, 48.20912059 ], [ 16.42426998, 48.20915459 ], [ 16.42414314, 48.20925496 ], [ 16.4241247, 48.20925039 ], [ 16.42302503, 48.21003652 ], [ 16.42301589, 48.21011827 ], [ 16.42297221, 48.21022937 ], [ 16.42290552, 48.2103359 ], [ 16.42284093, 48.21041464 ], [ 16.42273037, 48.21051805 ], [ 16.42260823, 48.21061222 ], [ 16.42246519, 48.21068949 ], [ 16.42233331, 48.21075461 ], [ 16.42217219, 48.21079924 ], [ 16.42198306, 48.21083023 ], [ 16.42193233, 48.21082658 ], [ 16.42175507, 48.21095001 ] ] ] } },
{ "type": "Feature", "properties": { "LEV1": "Baulandnutzung", "LEV2": "Geschäfts,- Kern- und Mischnutzung (Schwerpunkt betriebl. Tätigkeit)", "LEV3": "Büro, Verwaltung", "FLAECHE": 29424.588743699998 }, "geometry": { "type": "Polygon", "coordinates": [ [ [ 16.40031085, 48.22919528 ], [ 16.40002419, 48.22942091 ], [ 16.39943319, 48.22988609 ], [ 16.39936471, 48.22993998 ], [ 16.39781211, 48.23119375 ], [ 16.39641997, 48.23044932 ], [ 16.39702397, 48.22993812 ], [ 16.39782312, 48.22926174 ], [ 16.398648, 48.22971662 ], [ 16.39866251, 48.22972462 ], [ 16.39878958, 48.22962176 ], [ 16.39943218, 48.22909135 ], [ 16.39947148, 48.22905891 ], [ 16.39970041, 48.22886995 ], [ 16.40031085, 48.22919528 ] ] ] } },
{ "type": "Feature", "properties": { "LEV1": "Baulandnutzung", "LEV2": "Geschäfts,- Kern- und Mischnutzung (Schwerpunkt betriebl. Tätigkeit)", "LEV3": "solitäre Handelsstruktur", "FLAECHE": 5909.4509 }, "geometry": { "type": "Polygon", "coordinates": [ [ [ 16.43472418, 48.20378066 ], [ 16.43462088, 48.20406799 ], [ 16.43388365, 48.20457089 ], [ 16.43332736, 48.20422152 ], [ 16.43430463, 48.20352875 ], [ 16.43472418, 48.20378066 ] ] ] } },
{ "type": "Feature", "properties": { "LEV1": "Baulandnutzung", "LEV2": "Geschäfts,- Kern- und Mischnutzung (Schwerpunkt betriebl. Tätigkeit)", "LEV3": "solitäre Handelsstruktur", "FLAECHE": 6531.2265476000002 }, "geometry": { "type": "Polygon", "coordinates": [ [ [ 16.39851427, 48.22825517 ], [ 16.39788821, 48.22878618 ], [ 16.39770437, 48.2286879 ], [ 16.39725316, 48.22844668 ], [ 16.3970497, 48.22833791 ], [ 16.39697658, 48.22829961 ], [ 16.3976148, 48.22776205 ], [ 16.39768144, 48.22780429 ], [ 16.39851427, 48.22825517 ] ] ] } },
{ "type": "Feature", "properties": { "LEV1": "Baulandnutzung", "LEV2": "Geschäfts,- Kern- und Mischnutzung (Schwerpunkt betriebl. Tätigkeit)", "LEV3": "solitäre Handelsstruktur", "FLAECHE": 3803.2292505599999 }, "geometry": { "type": "Polygon", "coordinates": [ [ [ 16.4025666, 48.2218166 ], [ 16.40223832, 48.22208663 ], [ 16.40222983, 48.22209361 ], [ 16.40123917, 48.221558 ], [ 16.40124724, 48.22155081 ], [ 16.4015828, 48.22127416 ], [ 16.4025666, 48.2218166 ] ] ] } },
{ "type": "Feature", "properties": { "LEV1": "Baulandnutzung", "LEV2": "Geschäfts,- Kern- und Mischnutzung (Schwerpunkt betriebl. Tätigkeit)", "LEV3": "Büro, Verwaltung", "FLAECHE": 6916.44195 }, "geometry": { "type": "Polygon", "coordinates": [ [ [ 16.43323729, 48.20497244 ], [ 16.43203842, 48.2058252 ], [ 16.43151809, 48.2054981 ], [ 16.43272328, 48.20464229 ], [ 16.43323729, 48.20497244 ] ] ] } },
{ "type": "Feature", "properties": { "LEV1": "Baulandnutzung", "LEV2": "Geschäfts,- Kern- und Mischnutzung (Schwerpunkt betriebl. Tätigkeit)", "LEV3": "Büro, Verwaltung", "FLAECHE": 1293.529 }, "geometry": { "type": "Polygon", "coordinates": [ [ [ 16.41214257, 48.21158566 ], [ 16.41149788, 48.21192576 ], [ 16.41131857, 48.21177623 ], [ 16.41196837, 48.21143703 ], [ 16.41214257, 48.21158566 ] ] ] } },
{ "type": "Feature", "properties": { "LEV1": "Baulandnutzung", "LEV2": "Geschäfts,- Kern- und Mischnutzung (Schwerpunkt betriebl. Tätigkeit)", "LEV3": "Büro, Verwaltung", "FLAECHE": 7887.2628375000004 }, "geometry": { "type": "Polygon", "coordinates": [ [ [ 16.38515809, 48.21289599 ], [ 16.38501321, 48.21335452 ], [ 16.38435729, 48.21325819 ], [ 16.38315592, 48.21308173 ], [ 16.38326874, 48.21256295 ], [ 16.38515809, 48.21289599 ] ] ] } },
{ "type": "Feature", "properties": { "LEV1": "Baulandnutzung", "LEV2": "Geschäfts,- Kern- und Mischnutzung (Schwerpunkt betriebl. Tätigkeit)", "LEV3": "solitäre Handelsstruktur", "FLAECHE": 34764.645251269998 }, "geometry": { "type": "Polygon", "coordinates": [ [ [ 16.46096807, 48.18600331 ], [ 16.46060904, 48.18626378 ], [ 16.46028311, 48.18648189 ], [ 16.45970083, 48.18687153 ], [ 16.45882719, 48.18743365 ], [ 16.45757584, 48.18661308 ], [ 16.45755272, 48.18660022 ], [ 16.45897453, 48.18564389 ], [ 16.45912539, 48.18553935 ], [ 16.45833434, 48.18499911 ], [ 16.45875429, 48.1847237 ], [ 16.45869813, 48.18468877 ], [ 16.4592052, 48.18435523 ], [ 16.45926986, 48.18431269 ], [ 16.45938558, 48.18423289 ], [ 16.45965551, 48.1844095 ], [ 16.45887946, 48.1849444 ], [ 16.45943943, 48.18533188 ], [ 16.45959406, 48.18542429 ], [ 16.45973919, 48.18533156 ], [ 16.45981734, 48.18528163 ], [ 16.45991329, 48.18533138 ], [ 16.46096807, 48.18600331 ] ] ] } },
{ "type": "Feature", "properties": { "LEV1": "Baulandnutzung", "LEV2": "Geschäfts,- Kern- und Mischnutzung (Schwerpunkt betriebl. Tätigkeit)", "LEV3": "Büro, Verwaltung", "FLAECHE": 7421.7591514699998 }, "geometry": { "type": "Polygon", "coordinates": [ [ [ 16.41170275, 48.21046025 ], [ 16.41145317, 48.21024433 ], [ 16.41141614, 48.21022718 ], [ 16.41137334, 48.21021677 ], [ 16.41132638, 48.2102168 ], [ 16.41128078, 48.21022349 ], [ 16.41124366, 48.21023745 ], [ 16.41066595, 48.21054035 ], [ 16.41064927, 48.21054909 ], [ 16.41061961, 48.21054067 ], [ 16.4105965, 48.21053411 ], [ 16.41055797, 48.21050077 ], [ 16.41121267, 48.21016138 ], [ 16.41286861, 48.20930291 ], [ 16.41323912, 48.20960776 ], [ 16.41170275, 48.21046025 ] ] ] } },
{ "type": "Feature", "properties": { "LEV1": "Baulandnutzung", "LEV2": "Geschäfts,- Kern- und Mischnutzung (Schwerpunkt betriebl. Tätigkeit)", "LEV3": "Büro, Verwaltung", "FLAECHE": 25695.667109509999 }, "geometry": { "type": "Polygon", "coordinates": [ [ [ 16.41698332, 48.21299048 ], [ 16.4166881, 48.21316573 ], [ 16.41629686, 48.21336988 ], [ 16.41584049, 48.21358019 ], [ 16.41543467, 48.21375548 ], [ 16.41493782, 48.21398065 ], [ 16.41482454, 48.21390977 ], [ 16.41467486, 48.2138739 ], [ 16.41442614, 48.21384152 ], [ 16.4141843, 48.21381137 ], [ 16.41398051, 48.2137679 ], [ 16.41379447, 48.21371514 ], [ 16.41363598, 48.21364321 ], [ 16.41349848, 48.21356192 ], [ 16.41338693, 48.21347431 ], [ 16.41336995, 48.21345867 ], [ 16.41409031, 48.21308029 ], [ 16.41490873, 48.2126504 ], [ 16.41530574, 48.21243141 ], [ 16.41568584, 48.21223573 ], [ 16.41698332, 48.21299048 ] ] ] } },
{ "type": "Feature", "properties": { "LEV1": "Baulandnutzung", "LEV2": "Geschäfts,- Kern- und Mischnutzung (Schwerpunkt betriebl. Tätigkeit)", "LEV3": "Büro, Verwaltung", "FLAECHE": 3651.7962217700001 }, "geometry": { "type": "Polygon", "coordinates": [ [ [ 16.42917966, 48.20611767 ], [ 16.42906458, 48.20620103 ], [ 16.42901113, 48.20617221 ], [ 16.42893336, 48.20612368 ], [ 16.42817583, 48.20565097 ], [ 16.42812759, 48.20562111 ], [ 16.42825767, 48.20562073 ], [ 16.42849418, 48.20561685 ], [ 16.42870595, 48.20562226 ], [ 16.42896726, 48.20564408 ], [ 16.42919548, 48.20566961 ], [ 16.42940461, 48.20570254 ], [ 16.42967418, 48.20575196 ], [ 16.42968983, 48.20575569 ], [ 16.42917966, 48.20611767 ] ] ] } },
{ "type": "Feature", "properties": { "LEV1": "Baulandnutzung", "LEV2": "Geschäfts,- Kern- und Mischnutzung (Schwerpunkt betriebl. Tätigkeit)", "LEV3": "Büro, Verwaltung", "FLAECHE": 13593.62042528 }, "geometry": { "type": "Polygon", "coordinates": [ [ [ 16.37044842, 48.22366565 ], [ 16.37037176, 48.22370396 ], [ 16.37027702, 48.22375131 ], [ 16.36957095, 48.22369648 ], [ 16.36970424, 48.22280944 ], [ 16.36970991, 48.22277172 ], [ 16.36981232, 48.22209022 ], [ 16.36981605, 48.2220887 ], [ 16.37062801, 48.22214322 ], [ 16.37107965, 48.22251253 ], [ 16.37048834, 48.22283547 ], [ 16.37044896, 48.22285698 ], [ 16.37035599, 48.22290458 ], [ 16.37052717, 48.22304962 ], [ 16.3709257, 48.22340119 ], [ 16.37076015, 48.22350736 ], [ 16.37044842, 48.22366565 ] ] ] } },
{ "type": "Feature", "properties": { "LEV1": "Baulandnutzung", "LEV2": "Geschäfts,- Kern- und Mischnutzung (Schwerpunkt betriebl. Tätigkeit)", "LEV3": "Büro, Verwaltung", "FLAECHE": 9665.4871873699994 }, "geometry": { "type": "Polygon", "coordinates": [ [ [ 16.37265986, 48.21955869 ], [ 16.37249799, 48.21949094 ], [ 16.37231598, 48.219362 ], [ 16.3719408, 48.21956783 ], [ 16.37151753, 48.21911863 ], [ 16.3721187, 48.21879343 ], [ 16.3728135, 48.21841756 ], [ 16.37343594, 48.21885524 ], [ 16.37265986, 48.21955869 ] ] ] } },
{ "type": "Feature", "properties": { "LEV1": "Baulandnutzung", "LEV2": "Geschäfts,- Kern- und Mischnutzung (Schwerpunkt betriebl. Tätigkeit)", "LEV3": "Büro, Verwaltung", "FLAECHE": 1738.79570003 }, "geometry": { "type": "Polygon", "coordinates": [ [ [ 16.38397016, 48.2148499 ], [ 16.38365375, 48.21537272 ], [ 16.38355783, 48.21539596 ], [ 16.38329032, 48.21496197 ], [ 16.38392246, 48.21477978 ], [ 16.38397016, 48.2148499 ] ] ] } },
{ "type": "Feature", "properties": { "LEV1": "Baulandnutzung", "LEV2": "Geschäfts,- Kern- und Mischnutzung (Schwerpunkt betriebl. Tätigkeit)", "LEV3": "Büro, Verwaltung", "FLAECHE": 16271.791887 }, "geometry": { "type": "Polygon", "coordinates": [ [ [ 16.39928506, 48.22307138 ], [ 16.39993109, 48.22341753 ], [ 16.39992638, 48.22342572 ], [ 16.39951621, 48.2237801 ], [ 16.39942571, 48.22384499 ], [ 16.39885202, 48.22432482 ], [ 16.39753168, 48.22360761 ], [ 16.3985829, 48.22271838 ], [ 16.39859125, 48.22271132 ], [ 16.39928506, 48.22307138 ] ] ] } },
{ "type": "Feature", "properties": { "LEV1": "Baulandnutzung", "LEV2": "Geschäfts,- Kern- und Mischnutzung (Schwerpunkt betriebl. Tätigkeit)", "LEV3": "Büro, Verwaltung", "FLAECHE": 9252.4347455499992 }, "geometry": { "type": "Polygon", "coordinates": [ [ [ 16.43645571, 48.20286041 ], [ 16.43596613, 48.20319538 ], [ 16.43519978, 48.20371972 ], [ 16.43500958, 48.20373733 ], [ 16.43447594, 48.2034143 ], [ 16.43581603, 48.20245222 ], [ 16.43645571, 48.20286041 ] ] ] } },
{ "type": "Feature", "properties": { "LEV1": "Baulandnutzung", "LEV2": "Geschäfts,- Kern- und Mischnutzung (Schwerpunkt betriebl. Tätigkeit)", "LEV3": "Büro, Verwaltung", "FLAECHE": 15257.70760851 }, "geometry": { "type": "Polygon", "coordinates": [ [ [ 16.37761039, 48.21453878 ], [ 16.37636029, 48.21501829 ], [ 16.37633955, 48.21499807 ], [ 16.37618156, 48.2148134 ], [ 16.37616179, 48.2148206 ], [ 16.3759238, 48.21454163 ], [ 16.37594734, 48.21453182 ], [ 16.37593342, 48.21444872 ], [ 16.37592478, 48.2144132 ], [ 16.3759218, 48.21438443 ], [ 16.37594569, 48.2143086 ], [ 16.3759561, 48.21420167 ], [ 16.37597258, 48.21411488 ], [ 16.37598842, 48.21406245 ], [ 16.37600171, 48.21402395 ], [ 16.37597733, 48.21398484 ], [ 16.375966, 48.21394995 ], [ 16.37596328, 48.21392027 ], [ 16.37604134, 48.21393266 ], [ 16.37609884, 48.2138195 ], [ 16.37616161, 48.21372343 ], [ 16.37623823, 48.21363248 ], [ 16.37631691, 48.21358821 ], [ 16.37630991, 48.21357985 ], [ 16.37636264, 48.21355977 ], [ 16.37646647, 48.21349589 ], [ 16.37708709, 48.21320591 ], [ 16.37722578, 48.21315055 ], [ 16.3775548, 48.21351987 ], [ 16.37769437, 48.21391929 ], [ 16.37746634, 48.21395506 ], [ 16.37722111, 48.21405183 ], [ 16.37664278, 48.21426478 ], [ 16.37694584, 48.21459967 ], [ 16.3774897, 48.21439066 ], [ 16.37761039, 48.21453878 ] ] ] } },
{ "type": "Feature", "properties": { "LEV1": "Grünlandnutzung", "LEV2": "Gewässer", "LEV3": "Gewässer inkl. Bachbett", "FLAECHE": 218111.86595964999 }, "geometry": { "type": "Polygon", "coordinates": [ [ [ 16.39842422, 48.23610097 ], [ 16.39813493, 48.23634784 ], [ 16.39809102, 48.23632439 ], [ 16.39527227, 48.23482564 ], [ 16.39528249, 48.23481682 ], [ 16.3952045, 48.23477585 ], [ 16.39518578, 48.23476606 ], [ 16.39522545, 48.23473141 ], [ 16.39565458, 48.2343667 ], [ 16.39776855, 48.23258017 ], [ 16.3978759, 48.23263182 ], [ 16.3992887, 48.23149953 ], [ 16.39948367, 48.23133026 ], [ 16.39938156, 48.2312662 ], [ 16.40087995, 48.23006963 ], [ 16.40102165, 48.23014716 ], [ 16.40209496, 48.22930479 ], [ 16.40483116, 48.23082541 ], [ 16.40345259, 48.23191886 ], [ 16.40266073, 48.23255918 ], [ 16.40203787, 48.23306028 ], [ 16.40157, 48.23344582 ], [ 16.40053085, 48.23430211 ], [ 16.40045945, 48.23436411 ], [ 16.39943976, 48.23523431 ], [ 16.39842422, 48.23610097 ] ] ] } },
{ "type": "Feature", "properties": { "LEV1": "Grünlandnutzung", "LEV2": "Gewässer", "LEV3": "Gewässer inkl. Bachbett", "FLAECHE": 8559.0538852699992 }, "geometry": { "type": "Polygon", "coordinates": [ [ [ 16.41848191, 48.19200415 ], [ 16.41809045, 48.19223838 ], [ 16.4168305, 48.19298656 ], [ 16.41680954, 48.19300018 ], [ 16.41632913, 48.19267725 ], [ 16.41634163, 48.19266987 ], [ 16.41636315, 48.19265718 ], [ 16.41805996, 48.19165651 ], [ 16.41812108, 48.19169632 ], [ 16.41830686, 48.19182329 ], [ 16.4183773, 48.19188107 ], [ 16.41842755, 48.19193176 ], [ 16.41848191, 48.19200415 ] ] ] } },
{ "type": "Feature", "properties": { "LEV1": "Grünlandnutzung", "LEV2": "Gewässer", "LEV3": "Gewässer inkl. Bachbett", "FLAECHE": 47423.755913000001 }, "geometry": { "type": "Polygon", "coordinates": [ [ [ 16.41030248, 48.19660006 ], [ 16.41082946, 48.19687297 ], [ 16.41074202, 48.19696305 ], [ 16.41065166, 48.19707724 ], [ 16.41056641, 48.19719573 ], [ 16.41048293, 48.19732331 ], [ 16.41043972, 48.19739861 ], [ 16.41038421, 48.19752365 ], [ 16.41036533, 48.19757736 ], [ 16.41035087, 48.19762818 ], [ 16.41033255, 48.19770121 ], [ 16.41031853, 48.19777488 ], [ 16.41030135, 48.19789198 ], [ 16.41027582, 48.19800612 ], [ 16.41024717, 48.1981003 ], [ 16.4102292, 48.19813799 ], [ 16.41019362, 48.19818811 ], [ 16.41016152, 48.19821907 ], [ 16.41012627, 48.1982181 ], [ 16.40996416, 48.19839213 ], [ 16.40998154, 48.1984137 ], [ 16.40938699, 48.1991857 ], [ 16.4093707, 48.19920807 ], [ 16.40873905, 48.20007519 ], [ 16.40845089, 48.20045048 ], [ 16.4083433, 48.20056557 ], [ 16.40816475, 48.20073044 ], [ 16.40815002, 48.20074403 ], [ 16.40792104, 48.20095542 ], [ 16.40787784, 48.20094825 ], [ 16.40755587, 48.20120053 ], [ 16.40757151, 48.20122624 ], [ 16.40734747, 48.20138277 ], [ 16.40718363, 48.20148693 ], [ 16.40705002, 48.20156255 ], [ 16.40688453, 48.20164602 ], [ 16.40676797, 48.20169933 ], [ 16.40672947, 48.20168623 ], [ 16.4066047, 48.20173954 ], [ 16.40660555, 48.20176778 ], [ 16.40642564, 48.20183417 ], [ 16.40623995, 48.20189733 ], [ 16.40604013, 48.20196229 ], [ 16.40577159, 48.20204537 ], [ 16.40553154, 48.20210892 ], [ 16.40514629, 48.20153988 ], [ 16.40516216, 48.20153537 ], [ 16.40517803, 48.20153069 ], [ 16.4051939, 48.20152609 ], [ 16.40520977, 48.2015214 ], [ 16.4052255, 48.20151663 ], [ 16.40524137, 48.20151194 ], [ 16.4052571, 48.20150717 ], [ 16.40527283, 48.2015023 ], [ 16.40528857, 48.20149753 ], [ 16.4053043, 48.20149257 ], [ 16.4053199, 48.2014877 ], [ 16.4053355, 48.20148275 ], [ 16.40535123, 48.20147779 ], [ 16.40536683, 48.20147275 ], [ 16.40538243, 48.2014677 ], [ 16.40539789, 48.20146266 ], [ 16.40541349, 48.20145752 ], [ 16.40542895, 48.20145238 ], [ 16.40544441, 48.20144725 ], [ 16.40545988, 48.20144202 ], [ 16.40547534, 48.2014368 ], [ 16.40549081, 48.20143157 ], [ 16.40550613, 48.20142626 ], [ 16.40552146, 48.20142094 ], [ 16.40553679, 48.20141554 ], [ 16.40555212, 48.20141022 ], [ 16.40556745, 48.20140473 ], [ 16.40558264, 48.20139932 ], [ 16.40559797, 48.20139383 ], [ 16.40561317, 48.20138833 ], [ 16.40562836, 48.20138275 ], [ 16.40564342, 48.20137716 ], [ 16.40565861, 48.20137158 ], [ 16.40567367, 48.2013659 ], [ 16.40568887, 48.20136023 ], [ 16.40570393, 48.20135455 ], [ 16.40571885, 48.20134879 ], [ 16.40573391, 48.20134302 ], [ 16.40574883, 48.20133726 ], [ 16.40576376, 48.2013314 ], [ 16.40577868, 48.20132555 ], [ 16.40579361, 48.2013196 ], [ 16.40580853, 48.20131375 ], [ 16.40582332, 48.20130771 ], [ 16.40583811, 48.20130177 ], [ 16.4058529, 48.20129574 ], [ 16.40586769, 48.2012897 ], [ 16.40588235, 48.20128367 ], [ 16.40589714, 48.20127754 ], [ 16.40591179, 48.20127142 ], [ 16.40592645, 48.2012652 ], [ 16.40594097, 48.20125899 ], [ 16.40595562, 48.20125278 ], [ 16.40597014, 48.20124656 ], [ 16.40598466, 48.20124026 ], [ 16.40599918, 48.20123395 ], [ 16.4060137, 48.20122756 ], [ 16.40602809, 48.20122117 ], [ 16.40604247, 48.20121477 ], [ 16.40605686, 48.20120838 ], [ 16.40607124, 48.20120189 ], [ 16.4060855, 48.20119541 ], [ 16.40609988, 48.20118884 ], [ 16.40611413, 48.20118226 ], [ 16.40612838, 48.20117569 ], [ 16.4061425, 48.20116912 ], [ 16.40615675, 48.20116245 ], [ 16.40617087, 48.20115579 ], [ 16.40618498, 48.20114903 ], [ 16.40619896, 48.20114237 ], [ 16.40621308, 48.20113553 ], [ 16.40622706, 48.20112877 ], [ 16.40624104, 48.20112193 ], [ 16.40625502, 48.20111509 ], [ 16.40626887, 48.20110824 ], [ 16.40628272, 48.20110131 ], [ 16.4062967, 48.20109438 ], [ 16.40631041, 48.20108744 ], [ 16.40632426, 48.20108042 ], [ 16.40633797, 48.2010734 ], [ 16.40635168, 48.20106637 ], [ 16.40636539, 48.20105926 ], [ 16.4063791, 48.20105215 ], [ 16.40639268, 48.20104504 ], [ 16.40640626, 48.20103783 ], [ 16.40641984, 48.20103063 ], [ 16.40643341, 48.20102343 ], [ 16.40644686, 48.20101622 ], [ 16.4064603, 48.20100893 ], [ 16.40647374, 48.20100164 ], [ 16.40648705, 48.20099426 ], [ 16.40650049, 48.20098696 ], [ 16.4065138, 48.20097958 ], [ 16.40652711, 48.20097211 ], [ 16.40654028, 48.20096473 ], [ 16.40655359, 48.20095725 ], [ 16.40656676, 48.20094969 ], [ 16.4065798, 48.20094222 ], [ 16.40659297, 48.20093466 ], [ 16.40660601, 48.20092709 ], [ 16.40661905, 48.20091944 ], [ 16.40663209, 48.20091179 ], [ 16.40664513, 48.20090414 ], [ 16.40665803, 48.20089649 ], [ 16.40667218, 48.20088799 ], [ 16.4066837, 48.200881 ], [ 16.40669661, 48.20087326 ], [ 16.40670938, 48.20086543 ], [ 16.40672215, 48.20085768 ], [ 16.40673492, 48.20084976 ], [ 16.40674755, 48.20084193 ], [ 16.40676018, 48.20083401 ], [ 16.40677282, 48.20082609 ], [ 16.40678532, 48.20081817 ], [ 16.40679795, 48.20081015 ], [ 16.40681045, 48.20080214 ], [ 16.40682282, 48.20079413 ], [ 16.40683532, 48.20078612 ], [ 16.40684768, 48.20077802 ], [ 16.40686005, 48.20076992 ], [ 16.40687228, 48.20076181 ], [ 16.40688464, 48.20075362 ], [ 16.40689687, 48.20074543 ], [ 16.4069091, 48.20073724 ], [ 16.4069212, 48.20072896 ], [ 16.4069333, 48.20072077 ], [ 16.40694539, 48.20071249 ], [ 16.40695749, 48.20070412 ], [ 16.40696945, 48.20069583 ], [ 16.40698141, 48.20068746 ], [ 16.40699337, 48.20067909 ], [ 16.4070052, 48.20067063 ], [ 16.40701716, 48.20066226 ], [ 16.40702885, 48.2006538 ], [ 16.40704068, 48.20064534 ], [ 16.40705237, 48.20063679 ], [ 16.40706406, 48.20062824 ], [ 16.40707575, 48.20061969 ], [ 16.40708745, 48.20061114 ], [ 16.407099, 48.20060249 ], [ 16.40711043, 48.20059394 ], [ 16.40712198, 48.2005853 ], [ 16.4071334, 48.20057657 ], [ 16.40714483, 48.20056793 ], [ 16.40715625, 48.2005592 ], [ 16.40716754, 48.20055047 ], [ 16.40717883, 48.20054165 ], [ 16.40719011, 48.20053283 ], [ 16.40720127, 48.2005241 ], [ 16.40721242, 48.20051519 ], [ 16.40722357, 48.20050637 ], [ 16.40723473, 48.20049746 ], [ 16.40724575, 48.20048855 ], [ 16.40725676, 48.20047964 ], [ 16.40726765, 48.20047073 ], [ 16.40727867, 48.20046173 ], [ 16.40728955, 48.20045273 ], [ 16.4073003, 48.20044373 ], [ 16.40731118, 48.20043464 ], [ 16.40732193, 48.20042555 ], [ 16.40733268, 48.20041646 ], [ 16.40733859, 48.20041143 ], [ 16.4073433, 48.20040737 ], [ 16.40735391, 48.20039828 ], [ 16.40736453, 48.2003891 ], [ 16.40737501, 48.20037992 ], [ 16.40738549, 48.20037074 ], [ 16.40739597, 48.20036156 ], [ 16.40740645, 48.20035229 ], [ 16.40741679, 48.20034302 ], [ 16.40742714, 48.20033375 ], [ 16.40743735, 48.20032439 ], [ 16.40744769, 48.20031513 ], [ 16.40745791, 48.20030577 ], [ 16.40746798, 48.20029641 ], [ 16.40747806, 48.20028705 ], [ 16.40748813, 48.2002776 ], [ 16.40749821, 48.20026815 ], [ 16.40750815, 48.2002587 ], [ 16.40751809, 48.20024925 ], [ 16.40752803, 48.20023971 ], [ 16.40753784, 48.20023026 ], [ 16.40754765, 48.20022072 ], [ 16.40755746, 48.20021119 ], [ 16.40756713, 48.20020156 ], [ 16.4075768, 48.20019202 ], [ 16.40758647, 48.20018239 ], [ 16.40759601, 48.20017276 ], [ 16.40760555, 48.20016304 ], [ 16.40761509, 48.20015341 ], [ 16.40762449, 48.20014369 ], [ 16.40763389, 48.20013398 ], [ 16.4076433, 48.20012426 ], [ 16.40765256, 48.20011454 ], [ 16.40766183, 48.20010473 ], [ 16.4076711, 48.20009492 ], [ 16.40768023, 48.20008511 ], [ 16.40768937, 48.20007531 ], [ 16.4076985, 48.2000655 ], [ 16.4077075, 48.2000556 ], [ 16.4077165, 48.2000457 ], [ 16.4077255, 48.2000358 ], [ 16.40773436, 48.2000259 ], [ 16.40774323, 48.20001592 ], [ 16.40775209, 48.20000602 ], [ 16.40776082, 48.19999603 ], [ 16.40776955, 48.19998604 ], [ 16.40777815, 48.19997605 ], [ 16.40778688, 48.19996598 ], [ 16.40779534, 48.1999559 ], [ 16.40780394, 48.19994591 ], [ 16.40781226, 48.19993601 ], [ 16.40782059, 48.19992603 ], [ 16.40782878, 48.19991613 ], [ 16.40783697, 48.19990614 ], [ 16.40784517, 48.19989615 ], [ 16.40785322, 48.19988626 ], [ 16.40786128, 48.19987618 ], [ 16.40786934, 48.19986619 ], [ 16.40789713, 48.19983038 ], [ 16.40792493, 48.19979466 ], [ 16.40795259, 48.19975885 ], [ 16.40798039, 48.19972304 ], [ 16.40800791, 48.19968714 ], [ 16.40803558, 48.19965133 ], [ 16.4080631, 48.19961543 ], [ 16.40809063, 48.19957953 ], [ 16.40811802, 48.19954363 ], [ 16.4081246, 48.19953499 ], [ 16.40814541, 48.19950773 ], [ 16.40817267, 48.19947183 ], [ 16.40820006, 48.19943584 ], [ 16.40822732, 48.19939985 ], [ 16.40825444, 48.19936386 ], [ 16.40828157, 48.19932787 ], [ 16.40830869, 48.19929188 ], [ 16.40833581, 48.1992558 ], [ 16.4083628, 48.19921981 ], [ 16.40838965, 48.19918373 ], [ 16.40841664, 48.19914765 ], [ 16.40844349, 48.19911157 ], [ 16.40847035, 48.1990754 ], [ 16.40849707, 48.19903932 ], [ 16.40852378, 48.19900315 ], [ 16.40855037, 48.19896698 ], [ 16.40857709, 48.19893081 ], [ 16.40860354, 48.19889464 ], [ 16.40863012, 48.19885838 ], [ 16.40864274, 48.19884111 ], [ 16.40864959, 48.19883184 ], [ 16.40865657, 48.19882212 ], [ 16.40868302, 48.19878595 ], [ 16.40870933, 48.19874969 ], [ 16.40873565, 48.19871334 ], [ 16.40876196, 48.19867708 ], [ 16.40878814, 48.19864082 ], [ 16.40881432, 48.19860448 ], [ 16.4088405, 48.19856813 ], [ 16.40885983, 48.19854122 ], [ 16.40886655, 48.19853178 ], [ 16.40889259, 48.19849543 ], [ 16.40891864, 48.19845899 ], [ 16.40894455, 48.19842264 ], [ 16.40897046, 48.1983862 ], [ 16.40899395, 48.19835291 ], [ 16.40901758, 48.19831962 ], [ 16.40904107, 48.19828633 ], [ 16.40906457, 48.19825304 ], [ 16.40908793, 48.19821975 ], [ 16.40911357, 48.19818331 ], [ 16.40913907, 48.19814678 ], [ 16.40914941, 48.19813203 ], [ 16.40915465, 48.19812447 ], [ 16.40916458, 48.19811034 ], [ 16.40918995, 48.19807382 ], [ 16.40921532, 48.19803729 ], [ 16.4092407, 48.19800076 ], [ 16.40926593, 48.19796423 ], [ 16.40929117, 48.1979277 ], [ 16.40931641, 48.19789108 ], [ 16.40934151, 48.19785446 ], [ 16.40936661, 48.19781794 ], [ 16.40939172, 48.19778132 ], [ 16.40941668, 48.19774461 ], [ 16.40944165, 48.19770799 ], [ 16.40946649, 48.19767128 ], [ 16.40949132, 48.19763466 ], [ 16.40951615, 48.19759796 ], [ 16.40954085, 48.19756125 ], [ 16.40956555, 48.19752454 ], [ 16.40959025, 48.19748774 ], [ 16.40961481, 48.19745103 ], [ 16.40963937, 48.19741424 ], [ 16.40964676, 48.19740254 ], [ 16.40965414, 48.19739075 ], [ 16.40966152, 48.19737906 ], [ 16.40966904, 48.19736736 ], [ 16.40967669, 48.19735576 ], [ 16.4096842, 48.19734406 ], [ 16.40969185, 48.19733245 ], [ 16.4096995, 48.19732085 ], [ 16.40970729, 48.19730915 ], [ 16.40971508, 48.19729763 ], [ 16.40972299, 48.19728603 ], [ 16.40973078, 48.19727442 ], [ 16.40973883, 48.19726291 ], [ 16.40974675, 48.1972513 ], [ 16.40975481, 48.19723978 ], [ 16.40976286, 48.19722827 ], [ 16.40977105, 48.19721684 ], [ 16.40977924, 48.19720532 ], [ 16.40978743, 48.1971939 ], [ 16.40979575, 48.19718247 ], [ 16.40980408, 48.19717095 ], [ 16.4098124, 48.19715962 ], [ 16.40982086, 48.19714819 ], [ 16.40982932, 48.19713676 ], [ 16.40983791, 48.19712543 ], [ 16.4098465, 48.19711409 ], [ 16.4098551, 48.19710275 ], [ 16.40986369, 48.19709141 ], [ 16.40987242, 48.19708008 ], [ 16.40988128, 48.19706883 ], [ 16.40989, 48.19705758 ], [ 16.40989887, 48.19704634 ], [ 16.40990773, 48.19703509 ], [ 16.40991672, 48.19702384 ], [ 16.40992572, 48.19701268 ], [ 16.40993485, 48.19700144 ], [ 16.40994385, 48.19699028 ], [ 16.40995298, 48.19697912 ], [ 16.40996225, 48.19696805 ], [ 16.40997151, 48.1969569 ], [ 16.40998078, 48.19694583 ], [ 16.40999004, 48.19693467 ], [ 16.40999944, 48.19692369 ], [ 16.41000884, 48.19691263 ], [ 16.41001838, 48.19690156 ], [ 16.4100255, 48.19689335 ], [ 16.41002791, 48.19689058 ], [ 16.41003745, 48.1968796 ], [ 16.41004698, 48.19686862 ], [ 16.41005665, 48.19685765 ], [ 16.41006645, 48.19684667 ], [ 16.41007612, 48.19683578 ], [ 16.41008593, 48.19682489 ], [ 16.41009573, 48.196814 ], [ 16.41010567, 48.19680312 ], [ 16.41011561, 48.19679232 ], [ 16.41012555, 48.19678152 ], [ 16.41013562, 48.19677063 ], [ 16.41014569, 48.19675992 ], [ 16.41015577, 48.19674912 ], [ 16.41016597, 48.19673833 ], [ 16.41017618, 48.19672762 ], [ 16.41018639, 48.19671691 ], [ 16.41019673, 48.1967062 ], [ 16.41020707, 48.19669558 ], [ 16.41021742, 48.19668487 ], [ 16.41022789, 48.19667425 ], [ 16.41023837, 48.19666364 ], [ 16.41024885, 48.19665311 ], [ 16.41025946, 48.19664249 ], [ 16.41027007, 48.19663196 ], [ 16.41028068, 48.19662143 ], [ 16.41029143, 48.1966109 ], [ 16.41030248, 48.19660006 ] ] ] } },
{ "type": "Feature", "properties": { "LEV1": "Grünlandnutzung", "LEV2": "Gewässer", "LEV3": "Gewässer inkl. Bachbett", "FLAECHE": 17995.094861369998 }, "geometry": { "type": "Polygon", "coordinates": [ [ [ 16.39655252, 48.20972594 ], [ 16.39636543, 48.21000987 ], [ 16.39617712, 48.21029073 ], [ 16.39605745, 48.21047129 ], [ 16.39569489, 48.21098742 ], [ 16.39556484, 48.21115809 ], [ 16.39544013, 48.21128981 ], [ 16.39522701, 48.21152878 ], [ 16.39501602, 48.21175363 ], [ 16.39483471, 48.2119317 ], [ 16.39472128, 48.21204912 ], [ 16.39461226, 48.21214621 ], [ 16.39446707, 48.21225861 ], [ 16.3938971, 48.21202462 ], [ 16.39382004, 48.21199467 ], [ 16.39383382, 48.21198527 ], [ 16.39384498, 48.21197771 ], [ 16.39385614, 48.21197006 ], [ 16.39386716, 48.21196241 ], [ 16.39387819, 48.21195476 ], [ 16.39388921, 48.21194702 ], [ 16.39390024, 48.21193928 ], [ 16.39391126, 48.21193154 ], [ 16.39392215, 48.2119238 ], [ 16.39393304, 48.21191597 ], [ 16.3939438, 48.21190814 ], [ 16.39395455, 48.21190031 ], [ 16.39396531, 48.21189248 ], [ 16.39397606, 48.21188456 ], [ 16.39398682, 48.21187664 ], [ 16.39399744, 48.21186863 ], [ 16.39400806, 48.21186071 ], [ 16.39401855, 48.2118527 ], [ 16.39402903, 48.21184469 ], [ 16.39403952, 48.21183659 ], [ 16.39405001, 48.2118285 ], [ 16.39406036, 48.2118204 ], [ 16.39407084, 48.2118123 ], [ 16.39408106, 48.2118042 ], [ 16.39409141, 48.21179601 ], [ 16.39410163, 48.21178782 ], [ 16.39411185, 48.21177963 ], [ 16.39412193, 48.21177135 ], [ 16.39413201, 48.21176307 ], [ 16.39414209, 48.21175479 ], [ 16.39415217, 48.21174652 ], [ 16.39416212, 48.21173815 ], [ 16.39417207, 48.21172978 ], [ 16.39418202, 48.21172141 ], [ 16.39419183, 48.21171304 ], [ 16.39420164, 48.21170467 ], [ 16.39421146, 48.21169621 ], [ 16.39422113, 48.21168776 ], [ 16.39423081, 48.21167921 ], [ 16.39424049, 48.21167075 ], [ 16.39425003, 48.2116622 ], [ 16.39425958, 48.21165365 ], [ 16.39426912, 48.2116451 ], [ 16.39427866, 48.21163647 ], [ 16.39428807, 48.21162783 ], [ 16.39429748, 48.21161919 ], [ 16.39430676, 48.21161055 ], [ 16.39431603, 48.21160191 ], [ 16.39432531, 48.21159318 ], [ 16.39433444, 48.21158446 ], [ 16.39434358, 48.21157573 ], [ 16.39435272, 48.211567 ], [ 16.39436186, 48.21155818 ], [ 16.39437087, 48.21154936 ], [ 16.39437987, 48.21154055 ], [ 16.39438874, 48.21153173 ], [ 16.39439775, 48.21152282 ], [ 16.39440649, 48.21151391 ], [ 16.39441536, 48.211505 ], [ 16.39442409, 48.2114961 ], [ 16.39443283, 48.21148719 ], [ 16.39444143, 48.21147819 ], [ 16.39445003, 48.21146919 ], [ 16.39445863, 48.2114602 ], [ 16.39446723, 48.2114512 ], [ 16.3944757, 48.2114422 ], [ 16.39448417, 48.21143311 ], [ 16.3944925, 48.21142403 ], [ 16.39450083, 48.21141494 ], [ 16.39450916, 48.21140576 ], [ 16.39451736, 48.21139667 ], [ 16.39452556, 48.2113875 ], [ 16.39453375, 48.21137832 ], [ 16.39454182, 48.21136914 ], [ 16.39455001, 48.21135997 ], [ 16.39455794, 48.2113507 ], [ 16.394566, 48.21134143 ], [ 16.39457393, 48.21133216 ], [ 16.39458173, 48.2113229 ], [ 16.39458952, 48.21131363 ], [ 16.39459731, 48.21130427 ], [ 16.39460511, 48.21129492 ], [ 16.39461276, 48.21128556 ], [ 16.39462042, 48.2112762 ], [ 16.39462808, 48.21126685 ], [ 16.39463561, 48.2112574 ], [ 16.39464313, 48.21124804 ], [ 16.39465052, 48.2112386 ], [ 16.39465791, 48.21122915 ], [ 16.3946653, 48.21121961 ], [ 16.39467255, 48.21121017 ], [ 16.39467981, 48.21120063 ], [ 16.39468706, 48.21119109 ], [ 16.39469418, 48.21118156 ], [ 16.3947013, 48.21117202 ], [ 16.39470843, 48.21116248 ], [ 16.39471541, 48.21115286 ], [ 16.3947224, 48.21114323 ], [ 16.39473067, 48.21113188 ], [ 16.39473623, 48.21112398 ], [ 16.39474295, 48.21111435 ], [ 16.3947498, 48.21110473 ], [ 16.39475652, 48.21109501 ], [ 16.39476323, 48.21108529 ], [ 16.39476982, 48.21107558 ], [ 16.3947764, 48.21106586 ], [ 16.39478298, 48.21105615 ], [ 16.39479023, 48.21104513 ], [ 16.39479587, 48.21103662 ], [ 16.39480219, 48.21102682 ], [ 16.3948085, 48.21101701 ], [ 16.39481481, 48.21100721 ], [ 16.39482099, 48.2109974 ], [ 16.39482717, 48.2109876 ], [ 16.39483335, 48.2109777 ], [ 16.39563479, 48.20974845 ], [ 16.39564554, 48.20973163 ], [ 16.39565628, 48.20971481 ], [ 16.39566689, 48.2096979 ], [ 16.3956775, 48.20968107 ], [ 16.39568798, 48.20966416 ], [ 16.39569859, 48.20964725 ], [ 16.39570893, 48.20963034 ], [ 16.39571794, 48.20961577 ], [ 16.39571962, 48.20961306 ], [ 16.39572973, 48.20959651 ], [ 16.39573166, 48.20959334 ], [ 16.39655252, 48.20972594 ] ] ] } },
{ "type": "Feature", "properties": { "LEV1": "Grünlandnutzung", "LEV2": "Gewässer", "LEV3": "Gewässer inkl. Bachbett", "FLAECHE": 43572.781852289998 }, "geometry": { "type": "Polygon", "coordinates": [ [ [ 16.43133971, 48.18671504 ], [ 16.43132783, 48.186718 ], [ 16.42841015, 48.18756548 ], [ 16.42522704, 48.18851978 ], [ 16.42314669, 48.18931849 ], [ 16.42170678, 48.1900929 ], [ 16.42031103, 48.19090791 ], [ 16.41986708, 48.19059045 ], [ 16.42041026, 48.19027 ], [ 16.42068821, 48.19010602 ], [ 16.42071293, 48.19009143 ], [ 16.42073779, 48.19007684 ], [ 16.42076265, 48.19006234 ], [ 16.4207875, 48.19004785 ], [ 16.42081236, 48.19003335 ], [ 16.42083735, 48.19001894 ], [ 16.42086235, 48.19000453 ], [ 16.42088734, 48.18999013 ], [ 16.42091247, 48.18997572 ], [ 16.42093746, 48.1899614 ], [ 16.42096259, 48.18994708 ], [ 16.42098785, 48.18993285 ], [ 16.42101298, 48.18991854 ], [ 16.42103824, 48.18990431 ], [ 16.4210635, 48.18989017 ], [ 16.42108876, 48.18987594 ], [ 16.42111402, 48.1898618 ], [ 16.42113942, 48.18984767 ], [ 16.42116482, 48.18983362 ], [ 16.42119021, 48.18981948 ], [ 16.42121574, 48.18980552 ], [ 16.42124128, 48.18979147 ], [ 16.42126681, 48.18977751 ], [ 16.42129234, 48.18976356 ], [ 16.42131787, 48.1897496 ], [ 16.42134353, 48.18973573 ], [ 16.4213692, 48.18972177 ], [ 16.42139487, 48.18970799 ], [ 16.42142067, 48.18969412 ], [ 16.42144633, 48.18968034 ], [ 16.42147213, 48.18966657 ], [ 16.42149793, 48.18965288 ], [ 16.42152387, 48.1896391 ], [ 16.4215498, 48.18962541 ], [ 16.42157574, 48.18961181 ], [ 16.42160167, 48.18959821 ], [ 16.42162761, 48.18958461 ], [ 16.42165368, 48.18957101 ], [ 16.42167975, 48.18955741 ], [ 16.42170582, 48.1895439 ], [ 16.42173189, 48.18953048 ], [ 16.42175809, 48.18951697 ], [ 16.42178429, 48.18950356 ], [ 16.4218105, 48.18949014 ], [ 16.4218367, 48.18947681 ], [ 16.42186304, 48.18946348 ], [ 16.42188925, 48.18945015 ], [ 16.42191572, 48.18943682 ], [ 16.42194206, 48.18942358 ], [ 16.4219684, 48.18941034 ], [ 16.42199487, 48.1893971 ], [ 16.42202134, 48.18938395 ], [ 16.42204809, 48.18937071 ], [ 16.42206085, 48.1893644 ], [ 16.4220747, 48.18935756 ], [ 16.42210144, 48.18934432 ], [ 16.42212818, 48.18933117 ], [ 16.42215506, 48.18931811 ], [ 16.4221818, 48.18930496 ], [ 16.42220868, 48.18929199 ], [ 16.42223555, 48.18927893 ], [ 16.42226257, 48.18926596 ], [ 16.42228944, 48.18925299 ], [ 16.42231645, 48.18924001 ], [ 16.42234347, 48.18922713 ], [ 16.42237048, 48.18921425 ], [ 16.42239762, 48.18920137 ], [ 16.42242464, 48.18918858 ], [ 16.42245178, 48.1891757 ], [ 16.42247893, 48.189163 ], [ 16.42250621, 48.18915021 ], [ 16.42253336, 48.18913751 ], [ 16.42256064, 48.1891249 ], [ 16.42258792, 48.1891122 ], [ 16.42261533, 48.18909959 ], [ 16.42264262, 48.18908697 ], [ 16.42267003, 48.18907445 ], [ 16.42269745, 48.18906193 ], [ 16.42272486, 48.18904941 ], [ 16.42275241, 48.18903698 ], [ 16.42277983, 48.18902455 ], [ 16.42280738, 48.18901212 ], [ 16.42283493, 48.18899969 ], [ 16.42286248, 48.18898734 ], [ 16.42289017, 48.188975 ], [ 16.42291785, 48.18896275 ], [ 16.42294554, 48.1889505 ], [ 16.42297322, 48.18893825 ], [ 16.42300091, 48.18892609 ], [ 16.42302873, 48.18891392 ], [ 16.42305655, 48.18890176 ], [ 16.42308436, 48.1888896 ], [ 16.42311218, 48.18887753 ], [ 16.42314014, 48.18886546 ], [ 16.42316796, 48.18885347 ], [ 16.42319591, 48.18884149 ], [ 16.42322387, 48.18882951 ], [ 16.42325196, 48.18881762 ], [ 16.42327991, 48.18880572 ], [ 16.423308, 48.18879383 ], [ 16.42333609, 48.18878194 ], [ 16.42336418, 48.18877014 ], [ 16.4233924, 48.18875842 ], [ 16.42342049, 48.18874662 ], [ 16.42344871, 48.18873491 ], [ 16.42347694, 48.1887232 ], [ 16.4235053, 48.18871157 ], [ 16.42353352, 48.18869995 ], [ 16.42356188, 48.18868833 ], [ 16.42359024, 48.18867679 ], [ 16.4236186, 48.18866526 ], [ 16.42364695, 48.18865373 ], [ 16.42367545, 48.18864229 ], [ 16.42370381, 48.18863084 ], [ 16.4237323, 48.1886194 ], [ 16.42376079, 48.18860805 ], [ 16.42378942, 48.18859669 ], [ 16.42381791, 48.18858534 ], [ 16.42384654, 48.18857408 ], [ 16.42387517, 48.18856281 ], [ 16.4239038, 48.18855155 ], [ 16.42393242, 48.18854038 ], [ 16.42396119, 48.1885292 ], [ 16.42398995, 48.18851803 ], [ 16.42401858, 48.18850695 ], [ 16.42404747, 48.18849586 ], [ 16.42407624, 48.18848487 ], [ 16.424105, 48.18847378 ], [ 16.4241339, 48.18846288 ], [ 16.42416279, 48.18845189 ], [ 16.42419169, 48.18844098 ], [ 16.42422059, 48.18843008 ], [ 16.42424962, 48.18841926 ], [ 16.42427865, 48.18840845 ], [ 16.42430768, 48.18839764 ], [ 16.42433672, 48.18838682 ], [ 16.42436575, 48.1883761 ], [ 16.42439478, 48.18836546 ], [ 16.42442395, 48.18835474 ], [ 16.42445311, 48.1883441 ], [ 16.42448228, 48.18833347 ], [ 16.42451145, 48.18832293 ], [ 16.42454075, 48.18831238 ], [ 16.42456991, 48.18830193 ], [ 16.42459921, 48.18829138 ], [ 16.42462784, 48.1882812 ], [ 16.42465661, 48.18827101 ], [ 16.42468537, 48.18826083 ], [ 16.424714, 48.18825073 ], [ 16.42474276, 48.18824055 ], [ 16.42477166, 48.18823054 ], [ 16.42480043, 48.18822045 ], [ 16.42482933, 48.18821044 ], [ 16.42485809, 48.18820044 ], [ 16.42488699, 48.18819053 ], [ 16.42491589, 48.18818061 ], [ 16.42494492, 48.1881707 ], [ 16.42497382, 48.18816087 ], [ 16.42500285, 48.18815105 ], [ 16.42503189, 48.18814122 ], [ 16.42506092, 48.18813148 ], [ 16.42508995, 48.18812175 ], [ 16.42511899, 48.18811201 ], [ 16.42791685, 48.18727889 ], [ 16.43018146, 48.18660449 ], [ 16.43109163, 48.18634583 ], [ 16.43109899, 48.18634374 ], [ 16.43133971, 48.18671504 ] ] ] } },
{ "type": "Feature", "properties": { "LEV1": "Grünlandnutzung", "LEV2": "Gewässer", "LEV3": "Gewässer inkl. Bachbett", "FLAECHE": 78869.472508179999 }, "geometry": { "type": "Polygon", "coordinates": [ [ [ 16.44378215, 48.19190415 ], [ 16.44200392, 48.19211085 ], [ 16.4419764, 48.19200332 ], [ 16.44168007, 48.19201372 ], [ 16.44129151, 48.19200233 ], [ 16.44100191, 48.19196217 ], [ 16.44017241, 48.19184713 ], [ 16.43952801, 48.19177973 ], [ 16.43962952, 48.19169051 ], [ 16.43970618, 48.19168891 ], [ 16.4397944, 48.19175224 ], [ 16.44027551, 48.19174731 ], [ 16.44030083, 48.19174438 ], [ 16.44057968, 48.19171214 ], [ 16.44088516, 48.19172715 ], [ 16.44204353, 48.19148668 ], [ 16.44246955, 48.19138826 ], [ 16.44327293, 48.19113175 ], [ 16.44399735, 48.19094293 ], [ 16.44462845, 48.19076616 ], [ 16.44474172, 48.19077694 ], [ 16.44656274, 48.19036514 ], [ 16.44688284, 48.19031288 ], [ 16.44780529, 48.19016227 ], [ 16.44862526, 48.19002838 ], [ 16.44957512, 48.18988617 ], [ 16.45062637, 48.18977577 ], [ 16.45094688, 48.18978066 ], [ 16.45115908, 48.18976201 ], [ 16.45219313, 48.18960584 ], [ 16.45290663, 48.18954666 ], [ 16.45304101, 48.1894923 ], [ 16.45315987, 48.18941879 ], [ 16.45339, 48.18942386 ], [ 16.45394325, 48.18921969 ], [ 16.45419146, 48.18918985 ], [ 16.45432839, 48.18914006 ], [ 16.45455823, 48.18907813 ], [ 16.45463195, 48.18914344 ], [ 16.45533709, 48.18896266 ], [ 16.45578915, 48.18881918 ], [ 16.45591472, 48.18877932 ], [ 16.4558323, 48.189311 ], [ 16.45568738, 48.1893548 ], [ 16.45510605, 48.18953048 ], [ 16.45427177, 48.1897826 ], [ 16.45388789, 48.18988695 ], [ 16.45359637, 48.19003591 ], [ 16.45302087, 48.19021852 ], [ 16.45261203, 48.19023342 ], [ 16.45198337, 48.19034512 ], [ 16.45130307, 48.19040003 ], [ 16.45084937, 48.19037971 ], [ 16.45039099, 48.19043583 ], [ 16.44889185, 48.19048795 ], [ 16.44829014, 48.1905648 ], [ 16.44783052, 48.19073 ], [ 16.44704083, 48.19089732 ], [ 16.44632933, 48.19102229 ], [ 16.44583198, 48.19116216 ], [ 16.44548876, 48.19123327 ], [ 16.44518767, 48.19132537 ], [ 16.44470618, 48.19152494 ], [ 16.44424279, 48.19176532 ], [ 16.44378215, 48.19190415 ] ] ] } },
{ "type": "Feature", "properties": { "LEV1": "Grünlandnutzung", "LEV2": "Gewässer", "LEV3": "Gewässer inkl. Bachbett", "FLAECHE": 217822.96779995001 }, "geometry": { "type": "Polygon", "coordinates": [ [ [ 16.44460373, 48.20212375 ], [ 16.44352567, 48.20285573 ], [ 16.44304769, 48.20318038 ], [ 16.44210797, 48.20382193 ], [ 16.44144351, 48.20428164 ], [ 16.44093233, 48.20463537 ], [ 16.44068876, 48.20480322 ], [ 16.43965212, 48.2055175 ], [ 16.43865832, 48.20620431 ], [ 16.4373411, 48.20711748 ], [ 16.43469374, 48.20530431 ], [ 16.44203487, 48.20027759 ], [ 16.44460373, 48.20212375 ] ] ] } },
{ "type": "Feature", "properties": { "LEV1": "Grünlandnutzung", "LEV2": "Gewässer", "LEV3": "Gewässer inkl. Bachbett", "FLAECHE": 14900.171465380001 }, "geometry": { "type": "Polygon", "coordinates": [ [ [ 16.41437307, 48.19441047 ], [ 16.41359893, 48.19487474 ], [ 16.41225902, 48.1957155 ], [ 16.41155712, 48.19624899 ], [ 16.4115009, 48.19628231 ], [ 16.41099718, 48.19667277 ], [ 16.41054688, 48.19644216 ], [ 16.41175739, 48.19553354 ], [ 16.41240905, 48.19510318 ], [ 16.41322392, 48.19460762 ], [ 16.41360262, 48.19437359 ], [ 16.41376468, 48.1942763 ], [ 16.41400996, 48.19412603 ], [ 16.41407593, 48.19418724 ], [ 16.41421989, 48.19429767 ], [ 16.41430216, 48.19435274 ], [ 16.4143857, 48.1944029 ], [ 16.41437307, 48.19441047 ] ] ] } },
{ "type": "Feature", "properties": { "LEV1": "Grünlandnutzung", "LEV2": "Gewässer", "LEV3": "Gewässer inkl. Bachbett", "FLAECHE": 24452.418274359999 }, "geometry": { "type": "Polygon", "coordinates": [ [ [ 16.40014616, 48.20312864 ], [ 16.39989686, 48.20322968 ], [ 16.39964732, 48.20335006 ], [ 16.39913367, 48.2036669 ], [ 16.39880573, 48.20393535 ], [ 16.39844722, 48.20428439 ], [ 16.39818164, 48.20460604 ], [ 16.3979528, 48.2050588 ], [ 16.39774972, 48.20556567 ], [ 16.39771577, 48.20563836 ], [ 16.39766663, 48.20572607 ], [ 16.39760103, 48.20588195 ], [ 16.39693097, 48.20583465 ], [ 16.39697215, 48.20561465 ], [ 16.39704956, 48.2052002 ], [ 16.39705264, 48.20518896 ], [ 16.39705572, 48.20517763 ], [ 16.39705893, 48.20516638 ], [ 16.39706215, 48.20515514 ], [ 16.3970657, 48.20514286 ], [ 16.39706852, 48.20513328 ], [ 16.39707207, 48.20512141 ], [ 16.39707542, 48.20511026 ], [ 16.3970789, 48.20509901 ], [ 16.39708252, 48.20508777 ], [ 16.397086, 48.20507662 ], [ 16.39708962, 48.20506537 ], [ 16.39709338, 48.20505422 ], [ 16.39709713, 48.20504306 ], [ 16.39710089, 48.20503182 ], [ 16.39710524, 48.20501941 ], [ 16.39710866, 48.20500951 ], [ 16.39711255, 48.20499836 ], [ 16.39711657, 48.2049873 ], [ 16.3971206, 48.20497614 ], [ 16.39712475, 48.20496499 ], [ 16.39712932, 48.20495289 ], [ 16.3971332, 48.20494277 ], [ 16.39713736, 48.20493171 ], [ 16.39714179, 48.20492064 ], [ 16.39714608, 48.20490958 ], [ 16.39715098, 48.20489737 ], [ 16.39715493, 48.20488745 ], [ 16.39715949, 48.20487639 ], [ 16.39716405, 48.20486532 ], [ 16.39716875, 48.20485426 ], [ 16.39717345, 48.20484328 ], [ 16.39717683, 48.20483541 ], [ 16.3971827, 48.20482188 ], [ 16.3971878, 48.20481027 ], [ 16.39719263, 48.2047993 ], [ 16.3971976, 48.20478832 ], [ 16.39720256, 48.20477735 ], [ 16.39720719, 48.20476741 ], [ 16.39721276, 48.20475549 ], [ 16.39721786, 48.20474461 ], [ 16.39722309, 48.20473363 ], [ 16.3972294, 48.20472045 ], [ 16.39723356, 48.20471186 ], [ 16.39723892, 48.20470098 ], [ 16.39724055, 48.20469767 ], [ 16.3972443, 48.20469009 ], [ 16.3972498, 48.20467921 ], [ 16.3972553, 48.20466841 ], [ 16.39726141, 48.20465649 ], [ 16.39726644, 48.20464673 ], [ 16.39727108, 48.20463792 ], [ 16.39727785, 48.20462514 ], [ 16.39728363, 48.20461435 ], [ 16.3972894, 48.20460355 ], [ 16.39729222, 48.20459834 ], [ 16.39729531, 48.20459276 ], [ 16.39730242, 48.2045798 ], [ 16.39730712, 48.20457126 ], [ 16.39731316, 48.20456055 ], [ 16.3973192, 48.20454985 ], [ 16.39732538, 48.20453914 ], [ 16.39733142, 48.20452844 ], [ 16.39733719, 48.20451872 ], [ 16.3973439, 48.20450712 ], [ 16.39735022, 48.2044965 ], [ 16.39735666, 48.2044858 ], [ 16.39736371, 48.20447419 ], [ 16.39736551, 48.20447122 ], [ 16.39736861, 48.20446605 ], [ 16.397376, 48.20445404 ], [ 16.39738257, 48.20444342 ], [ 16.39738915, 48.2044329 ], [ 16.39739634, 48.20442152 ], [ 16.39740258, 48.20441176 ], [ 16.39740997, 48.2044002 ], [ 16.39741615, 48.20439071 ], [ 16.39742299, 48.20438027 ], [ 16.39742984, 48.20436974 ], [ 16.39743574, 48.20436094 ], [ 16.39744509, 48.20434703 ], [ 16.39745093, 48.20433844 ], [ 16.39745805, 48.204328 ], [ 16.39746516, 48.20431757 ], [ 16.39747242, 48.20430713 ], [ 16.39747967, 48.20429678 ], [ 16.39748329, 48.20429166 ], [ 16.39748692, 48.20428644 ], [ 16.39749431, 48.20427609 ], [ 16.39750169, 48.20426574 ], [ 16.39750908, 48.2042554 ], [ 16.39751607, 48.20424595 ], [ 16.39752412, 48.20423489 ], [ 16.39752977, 48.20422733 ], [ 16.39753177, 48.20422463 ], [ 16.39753944, 48.20421428 ], [ 16.39754709, 48.20420412 ], [ 16.39755488, 48.20419386 ], [ 16.3975618, 48.20418482 ], [ 16.3975696, 48.20417465 ], [ 16.39757839, 48.20416327 ], [ 16.39758632, 48.20415319 ], [ 16.39759424, 48.20414303 ], [ 16.39760291, 48.2041321 ], [ 16.39761036, 48.20412278 ], [ 16.39761479, 48.20411721 ], [ 16.39761842, 48.20411271 ], [ 16.39762662, 48.20410263 ], [ 16.39763481, 48.20409255 ], [ 16.39764314, 48.20408257 ], [ 16.39765194, 48.20407191 ], [ 16.39765759, 48.20406514 ], [ 16.39765979, 48.2040625 ], [ 16.39766813, 48.20405252 ], [ 16.39767659, 48.20404262 ], [ 16.39768505, 48.20403263 ], [ 16.39769365, 48.20402274 ], [ 16.3977015, 48.20401363 ], [ 16.39771085, 48.20400285 ], [ 16.39771958, 48.20399304 ], [ 16.39772831, 48.20398315 ], [ 16.39773705, 48.20397334 ], [ 16.39774108, 48.20396884 ], [ 16.39774591, 48.20396353 ], [ 16.39775478, 48.20395372 ], [ 16.39776103, 48.20394682 ], [ 16.39777265, 48.2039342 ], [ 16.39778165, 48.20392439 ], [ 16.39779358, 48.20391157 ], [ 16.39779979, 48.20390496 ], [ 16.39780436, 48.20390019 ], [ 16.39780893, 48.20389533 ], [ 16.39781807, 48.20388561 ], [ 16.39782734, 48.20387598 ], [ 16.39783661, 48.20386636 ], [ 16.39784601, 48.20385673 ], [ 16.39785334, 48.20384926 ], [ 16.39786469, 48.20383756 ], [ 16.39787423, 48.20382802 ], [ 16.39788377, 48.20381849 ], [ 16.39789331, 48.20380895 ], [ 16.39790285, 48.2037995 ], [ 16.39790809, 48.20379437 ], [ 16.39791253, 48.20379005 ], [ 16.3979222, 48.2037806 ], [ 16.39793188, 48.20377116 ], [ 16.39793698, 48.2037663 ], [ 16.39794169, 48.20376171 ], [ 16.3979515, 48.20375235 ], [ 16.39796144, 48.20374299 ], [ 16.39797125, 48.20373363 ], [ 16.39798119, 48.20372428 ], [ 16.39799127, 48.20371501 ], [ 16.39800142, 48.20370556 ], [ 16.3980113, 48.20369647 ], [ 16.39802151, 48.2036872 ], [ 16.39803159, 48.20367802 ], [ 16.3980418, 48.20366875 ], [ 16.39805215, 48.20365958 ], [ 16.39805527, 48.20365681 ], [ 16.39806141, 48.20365133 ], [ 16.39807271, 48.20364131 ], [ 16.39808306, 48.20363222 ], [ 16.39809354, 48.20362313 ], [ 16.39810402, 48.20361404 ], [ 16.39811451, 48.20360504 ], [ 16.39812512, 48.20359595 ], [ 16.39813561, 48.20358696 ], [ 16.39814622, 48.20357796 ], [ 16.39815698, 48.20356905 ], [ 16.39816773, 48.20356014 ], [ 16.39817929, 48.20355064 ], [ 16.39818923, 48.20354232 ], [ 16.39820012, 48.20353341 ], [ 16.398211, 48.20352459 ], [ 16.39822189, 48.20351577 ], [ 16.39823291, 48.20350695 ], [ 16.39823829, 48.20350272 ], [ 16.39824393, 48.20349822 ], [ 16.39825495, 48.2034894 ], [ 16.39826611, 48.20348068 ], [ 16.39827726, 48.20347204 ], [ 16.39828842, 48.20346331 ], [ 16.39829958, 48.20345467 ], [ 16.39831087, 48.20344603 ], [ 16.39832041, 48.20343793 ], [ 16.39832995, 48.20342992 ], [ 16.39833949, 48.20342182 ], [ 16.39834903, 48.20341381 ], [ 16.39835871, 48.2034058 ], [ 16.39836839, 48.20339788 ], [ 16.3983782, 48.20338987 ], [ 16.39838801, 48.20338195 ], [ 16.39839782, 48.20337412 ], [ 16.39840763, 48.2033662 ], [ 16.39841758, 48.20335838 ], [ 16.39842752, 48.20335055 ], [ 16.39843747, 48.20334272 ], [ 16.39844755, 48.20333489 ], [ 16.3984575, 48.20332715 ], [ 16.39846771, 48.20331941 ], [ 16.39847779, 48.20331167 ], [ 16.39848801, 48.20330402 ], [ 16.39849822, 48.20329628 ], [ 16.39850844, 48.20328863 ], [ 16.39851879, 48.20328107 ], [ 16.39852914, 48.20327342 ], [ 16.39853949, 48.20326586 ], [ 16.39854997, 48.2032583 ], [ 16.39856045, 48.20325074 ], [ 16.39857094, 48.20324327 ], [ 16.39858142, 48.2032358 ], [ 16.39859204, 48.20322833 ], [ 16.39860266, 48.20322095 ], [ 16.39861328, 48.20321348 ], [ 16.39862403, 48.2032061 ], [ 16.39863465, 48.20319872 ], [ 16.39864554, 48.20319143 ], [ 16.39865629, 48.20318414 ], [ 16.39866718, 48.20317685 ], [ 16.39867807, 48.20316956 ], [ 16.39868896, 48.20316236 ], [ 16.39869985, 48.20315515 ], [ 16.39871087, 48.20314795 ], [ 16.39872189, 48.20314084 ], [ 16.39873292, 48.20313364 ], [ 16.39874407, 48.20312653 ], [ 16.39875523, 48.20311951 ], [ 16.39876639, 48.2031124 ], [ 16.39877768, 48.20310538 ], [ 16.39878884, 48.20309845 ], [ 16.39880013, 48.20309143 ], [ 16.39881142, 48.2030845 ], [ 16.39882285, 48.20307757 ], [ 16.39883428, 48.20307064 ], [ 16.3988457, 48.20306379 ], [ 16.39885713, 48.20305695 ], [ 16.39886869, 48.20305011 ], [ 16.39888012, 48.20304336 ], [ 16.39889181, 48.20303661 ], [ 16.39890337, 48.20302986 ], [ 16.39891494, 48.20302311 ], [ 16.39892663, 48.20301645 ], [ 16.39893833, 48.20300978 ], [ 16.39895016, 48.20300321 ], [ 16.39896185, 48.20299655 ], [ 16.39897369, 48.20298998 ], [ 16.39898552, 48.2029835 ], [ 16.39899748, 48.20297693 ], [ 16.39900931, 48.20297044 ], [ 16.39902128, 48.20296396 ], [ 16.39903324, 48.20295757 ], [ 16.39904534, 48.20295118 ], [ 16.39905731, 48.20294479 ], [ 16.39906941, 48.2029384 ], [ 16.39908151, 48.20293209 ], [ 16.39909374, 48.20292579 ], [ 16.39910584, 48.20291949 ], [ 16.39911808, 48.20291328 ], [ 16.39913031, 48.20290707 ], [ 16.39914268, 48.20290085 ], [ 16.39915492, 48.20289473 ], [ 16.39916729, 48.20288861 ], [ 16.39917992, 48.2028824 ], [ 16.39919256, 48.20287619 ], [ 16.39920533, 48.20286997 ], [ 16.39921811, 48.20286385 ], [ 16.39923088, 48.20285773 ], [ 16.39924365, 48.2028517 ], [ 16.39925643, 48.20284566 ], [ 16.39926933, 48.20283963 ], [ 16.39928224, 48.2028336 ], [ 16.39929515, 48.20282766 ], [ 16.39930819, 48.20282171 ], [ 16.3993211, 48.20281586 ], [ 16.39933414, 48.20281001 ], [ 16.39934718, 48.20280415 ], [ 16.39936036, 48.2027983 ], [ 16.3993734, 48.20279254 ], [ 16.39938658, 48.20278678 ], [ 16.39939976, 48.2027811 ], [ 16.3994128, 48.20277552 ], [ 16.39942584, 48.20276994 ], [ 16.39943888, 48.20276435 ], [ 16.39945399, 48.20275808 ], [ 16.39945771, 48.20275652 ], [ 16.39946524, 48.20275337 ], [ 16.39947828, 48.20274796 ], [ 16.39949159, 48.20274256 ], [ 16.39950477, 48.20273716 ], [ 16.39951808, 48.20273176 ], [ 16.39953126, 48.20272644 ], [ 16.39954457, 48.20272122 ], [ 16.39955788, 48.2027159 ], [ 16.39957133, 48.20271068 ], [ 16.39958464, 48.20270546 ], [ 16.39959809, 48.20270032 ], [ 16.39961153, 48.20269519 ], [ 16.39962498, 48.20269006 ], [ 16.39963856, 48.20268501 ], [ 16.39965201, 48.20267997 ], [ 16.39966656, 48.20267455 ], [ 16.40014616, 48.20312864 ] ] ] } },
{ "type": "Feature", "properties": { "LEV1": "Grünlandnutzung", "LEV2": "Gewässer", "LEV3": "Gewässer inkl. Bachbett", "FLAECHE": 113394.2006067 }, "geometry": { "type": "Polygon", "coordinates": [ [ [ 16.40507103, 48.23063563 ], [ 16.40503294, 48.23066535 ], [ 16.40483116, 48.23082541 ], [ 16.40209496, 48.22930479 ], [ 16.40375824, 48.22799918 ], [ 16.40584121, 48.22638366 ], [ 16.4058537, 48.22639028 ], [ 16.40719566, 48.22710183 ], [ 16.407191, 48.22713601 ], [ 16.40754942, 48.22732797 ], [ 16.40761052, 48.22732209 ], [ 16.40864497, 48.22788386 ], [ 16.40863894, 48.22788775 ], [ 16.40784379, 48.22849456 ], [ 16.4072772, 48.22892695 ], [ 16.40638601, 48.22960972 ], [ 16.40605982, 48.22986425 ], [ 16.40581846, 48.23005244 ], [ 16.40572777, 48.23012321 ], [ 16.40574562, 48.23010482 ], [ 16.40578233, 48.230067 ], [ 16.40583611, 48.23000013 ], [ 16.4057668, 48.22996418 ], [ 16.40565907, 48.22997196 ], [ 16.40562453, 48.23003882 ], [ 16.4056515, 48.23006708 ], [ 16.40518258, 48.23044785 ], [ 16.40507103, 48.23063563 ] ] ] } },
{ "type": "Feature", "properties": { "LEV1": "Grünlandnutzung", "LEV2": "Gewässer", "LEV3": "Gewässer inkl. Bachbett", "FLAECHE": 713.66494467999996 }, "geometry": { "type": "Polygon", "coordinates": [ [ [ 16.48009417, 48.17194407 ], [ 16.47996511, 48.17198647 ], [ 16.47994787, 48.17199118 ], [ 16.47968704, 48.17171006 ], [ 16.47964703, 48.17166655 ], [ 16.47990377, 48.17157834 ], [ 16.48009417, 48.17194407 ] ] ] } },
{ "type": "Feature", "properties": { "LEV1": "Grünlandnutzung", "LEV2": "Gewässer", "LEV3": "Gewässer inkl. Bachbett", "FLAECHE": 6839.6814 }, "geometry": { "type": "Polygon", "coordinates": [ [ [ 16.37867032, 48.21193621 ], [ 16.37886793, 48.21235963 ], [ 16.378052, 48.21254132 ], [ 16.3772551, 48.21280511 ], [ 16.37691867, 48.21241717 ], [ 16.37693414, 48.21241096 ], [ 16.37694961, 48.21240484 ], [ 16.37696508, 48.21239863 ], [ 16.37698068, 48.2123926 ], [ 16.37699615, 48.21238648 ], [ 16.37701176, 48.21238045 ], [ 16.37702736, 48.2123745 ], [ 16.37704296, 48.21236847 ], [ 16.3770587, 48.21236253 ], [ 16.3770743, 48.21235668 ], [ 16.37709004, 48.21235074 ], [ 16.37710578, 48.21234498 ], [ 16.37712152, 48.21233913 ], [ 16.37713739, 48.21233337 ], [ 16.37715313, 48.2123276 ], [ 16.377169, 48.21232184 ], [ 16.37718488, 48.21231617 ], [ 16.37720075, 48.21231059 ], [ 16.37721662, 48.21230492 ], [ 16.37723263, 48.21229934 ], [ 16.37724864, 48.21229376 ], [ 16.37726465, 48.21228826 ], [ 16.37728065, 48.21228277 ], [ 16.37729666, 48.21227728 ], [ 16.37731267, 48.21227188 ], [ 16.37732881, 48.21226648 ], [ 16.37734495, 48.21226117 ], [ 16.3773611, 48.21225576 ], [ 16.37737724, 48.21225054 ], [ 16.37739338, 48.21224523 ], [ 16.37740966, 48.21224001 ], [ 16.37742593, 48.21223479 ], [ 16.37744208, 48.21222966 ], [ 16.37745835, 48.21222452 ], [ 16.37747476, 48.21221939 ], [ 16.37749104, 48.21221435 ], [ 16.37750745, 48.21220931 ], [ 16.37752373, 48.21220427 ], [ 16.37754014, 48.21219931 ], [ 16.37755628, 48.21219445 ], [ 16.37757256, 48.21218968 ], [ 16.3775887, 48.21218482 ], [ 16.37760498, 48.21218004 ], [ 16.37762126, 48.21217536 ], [ 16.37763754, 48.21217068 ], [ 16.37765381, 48.212166 ], [ 16.37767009, 48.21216131 ], [ 16.37768637, 48.21215672 ], [ 16.37770278, 48.21215222 ], [ 16.37771919, 48.21214763 ], [ 16.37773547, 48.21214312 ], [ 16.37775188, 48.21213871 ], [ 16.37776843, 48.21213421 ], [ 16.37778484, 48.2121298 ], [ 16.37780125, 48.21212547 ], [ 16.3778178, 48.21212115 ], [ 16.37783435, 48.21211683 ], [ 16.37785076, 48.21211251 ], [ 16.37786731, 48.21210827 ], [ 16.37788399, 48.21210404 ], [ 16.37790053, 48.2120999 ], [ 16.37791708, 48.21209575 ], [ 16.37793376, 48.21209161 ], [ 16.37795044, 48.21208756 ], [ 16.37796699, 48.21208351 ], [ 16.37798367, 48.21207954 ], [ 16.37800035, 48.21207549 ], [ 16.37801717, 48.21207162 ], [ 16.37803385, 48.21206765 ], [ 16.37805067, 48.21206378 ], [ 16.37806735, 48.21205991 ], [ 16.37808417, 48.21205612 ], [ 16.37810098, 48.21205234 ], [ 16.3781178, 48.21204865 ], [ 16.37813461, 48.21204486 ], [ 16.37815143, 48.21204117 ], [ 16.37816825, 48.21203757 ], [ 16.3781852, 48.21203396 ], [ 16.37820201, 48.21203036 ], [ 16.37821896, 48.21202685 ], [ 16.37823592, 48.21202333 ], [ 16.37825287, 48.21201982 ], [ 16.37826982, 48.2120164 ], [ 16.37829323, 48.21201135 ], [ 16.37831663, 48.2120064 ], [ 16.37834018, 48.21200153 ], [ 16.37836359, 48.21199658 ], [ 16.37838713, 48.21199171 ], [ 16.37841067, 48.21198694 ], [ 16.37843408, 48.21198207 ], [ 16.37845762, 48.21197739 ], [ 16.3784813, 48.21197261 ], [ 16.37850484, 48.21196793 ], [ 16.37852839, 48.21196333 ], [ 16.37855207, 48.21195874 ], [ 16.37857561, 48.21195414 ], [ 16.37859929, 48.21194954 ], [ 16.37862296, 48.21194513 ], [ 16.37864664, 48.21194062 ], [ 16.37867032, 48.21193621 ] ] ] } },
{ "type": "Feature", "properties": { "LEV1": "Grünlandnutzung", "LEV2": "Gewässer", "LEV3": "Gewässer inkl. Bachbett", "FLAECHE": 2578.7340124299999 }, "geometry": { "type": "Polygon", "coordinates": [ [ [ 16.44307706, 48.19955348 ], [ 16.44259391, 48.19988639 ], [ 16.44274135, 48.19956272 ], [ 16.44298317, 48.19922947 ], [ 16.44373582, 48.19869856 ], [ 16.4439847, 48.19861507 ], [ 16.44438405, 48.19839122 ], [ 16.44471169, 48.19835586 ], [ 16.44487878, 48.19831196 ], [ 16.44459032, 48.19851074 ], [ 16.44458745, 48.1984962 ], [ 16.44449565, 48.19847437 ], [ 16.44422065, 48.19861047 ], [ 16.44393251, 48.19872905 ], [ 16.44382108, 48.19872477 ], [ 16.44370981, 48.19879937 ], [ 16.44346134, 48.19908442 ], [ 16.44310127, 48.19928632 ], [ 16.44289207, 48.19954505 ], [ 16.44299044, 48.19957125 ], [ 16.44307706, 48.19955348 ] ] ] } },
{ "type": "Feature", "properties": { "LEV1": "Grünlandnutzung", "LEV2": "Gewässer", "LEV3": "Gewässer inkl. Bachbett", "FLAECHE": 3274.1237694699998 }, "geometry": { "type": "Polygon", "coordinates": [ [ [ 16.39106159, 48.21298604 ], [ 16.39125232, 48.21341834 ], [ 16.39097586, 48.21347064 ], [ 16.39033843, 48.21357193 ], [ 16.39024909, 48.21312805 ], [ 16.39026355, 48.21312635 ], [ 16.39027996, 48.21312428 ], [ 16.39029624, 48.2131222 ], [ 16.39031265, 48.21312012 ], [ 16.39032907, 48.21311805 ], [ 16.39034535, 48.21311588 ], [ 16.39036163, 48.21311363 ], [ 16.39037804, 48.21311137 ], [ 16.39039432, 48.21310911 ], [ 16.3904106, 48.21310686 ], [ 16.39042688, 48.21310451 ], [ 16.39044316, 48.21310208 ], [ 16.39045943, 48.21309964 ], [ 16.39047558, 48.2130972 ], [ 16.39049186, 48.21309468 ], [ 16.390508, 48.21309215 ], [ 16.39052428, 48.21308963 ], [ 16.39054042, 48.21308701 ], [ 16.3905567, 48.2130844 ], [ 16.39057285, 48.21308169 ], [ 16.39058899, 48.21307898 ], [ 16.39060527, 48.21307628 ], [ 16.39062141, 48.21307348 ], [ 16.39063756, 48.2130706 ], [ 16.3906537, 48.2130678 ], [ 16.39066985, 48.21306483 ], [ 16.39068585, 48.21306194 ], [ 16.390702, 48.21305897 ], [ 16.39071801, 48.21305599 ], [ 16.39073415, 48.21305293 ], [ 16.39075016, 48.21304986 ], [ 16.39076617, 48.2130467 ], [ 16.39078218, 48.21304355 ], [ 16.39079819, 48.21304039 ], [ 16.3908142, 48.21303715 ], [ 16.3908302, 48.2130339 ], [ 16.39084608, 48.21303066 ], [ 16.39086209, 48.21302732 ], [ 16.39087796, 48.2130239 ], [ 16.39089384, 48.21302056 ], [ 16.39090984, 48.21301714 ], [ 16.39092558, 48.21301362 ], [ 16.39094146, 48.21301011 ], [ 16.39095733, 48.21300659 ], [ 16.39100253, 48.21299767 ], [ 16.39106159, 48.21298604 ] ] ] } },
{ "type": "Feature", "properties": { "LEV1": "Grünlandnutzung", "LEV2": "Gewässer", "LEV3": "Gewässer inkl. Bachbett", "FLAECHE": 1590.46507576 }, "geometry": { "type": "Polygon", "coordinates": [ [ [ 16.45743246, 48.18980882 ], [ 16.45741383, 48.18980326 ], [ 16.45739084, 48.1897691 ], [ 16.4571281, 48.18979743 ], [ 16.45713887, 48.18986074 ], [ 16.45622599, 48.19041671 ], [ 16.45616274, 48.19033948 ], [ 16.45698098, 48.18976254 ], [ 16.45751666, 48.18965658 ], [ 16.45772543, 48.1896133 ], [ 16.45762799, 48.18967867 ], [ 16.45743246, 48.18980882 ] ] ] } },
{ "type": "Feature", "properties": { "LEV1": "Grünlandnutzung", "LEV2": "Gewässer", "LEV3": "Gewässer inkl. Bachbett", "FLAECHE": 311894.81501356 }, "geometry": { "type": "Polygon", "coordinates": [ [ [ 16.41913833, 48.22004038 ], [ 16.41848236, 48.2205138 ], [ 16.41801725, 48.22084176 ], [ 16.41798781, 48.22086318 ], [ 16.41682343, 48.22170945 ], [ 16.41625763, 48.22212444 ], [ 16.41197481, 48.2253639 ], [ 16.4113627, 48.22582682 ], [ 16.41030974, 48.22662314 ], [ 16.40891226, 48.22768224 ], [ 16.40784185, 48.22710809 ], [ 16.40749636, 48.22691872 ], [ 16.40609908, 48.2261852 ], [ 16.40944347, 48.22367653 ], [ 16.41044907, 48.22292585 ], [ 16.41030065, 48.22284753 ], [ 16.41032363, 48.22283042 ], [ 16.41093886, 48.2223723 ], [ 16.41123351, 48.22215288 ], [ 16.4129264, 48.22089221 ], [ 16.4130142, 48.22093056 ], [ 16.41438031, 48.21992371 ], [ 16.41447406, 48.21985462 ], [ 16.41443421, 48.21982936 ], [ 16.4143907, 48.21980178 ], [ 16.41583355, 48.21872719 ], [ 16.41595169, 48.21871973 ], [ 16.41646021, 48.21835812 ], [ 16.41913833, 48.22004038 ] ] ] } },
{ "type": "Feature", "properties": { "LEV1": "Grünlandnutzung", "LEV2": "Gewässer", "LEV3": "Gewässer inkl. Bachbett", "FLAECHE": 6558.0556588999998 }, "geometry": { "type": "Polygon", "coordinates": [ [ [ 16.4488145, 48.19262955 ], [ 16.44826302, 48.19277444 ], [ 16.44817413, 48.19278903 ], [ 16.44753917, 48.19289329 ], [ 16.44749055, 48.19290127 ], [ 16.44648264, 48.19322453 ], [ 16.44638428, 48.19325608 ], [ 16.44592581, 48.19315926 ], [ 16.44641554, 48.19297001 ], [ 16.44678372, 48.1928275 ], [ 16.44818721, 48.19252648 ], [ 16.44821282, 48.19252807 ], [ 16.44861051, 48.19246525 ], [ 16.44978889, 48.19240352 ], [ 16.44981391, 48.19246744 ], [ 16.4488145, 48.19262955 ] ] ] } },
{ "type": "Feature", "properties": { "LEV1": "Grünlandnutzung", "LEV2": "Gewässer", "LEV3": "Gewässer inkl. Bachbett", "FLAECHE": 7820.94601771 }, "geometry": { "type": "Polygon", "coordinates": [ [ [ 16.39446707, 48.21225861 ], [ 16.39419265, 48.21244266 ], [ 16.39408736, 48.21250144 ], [ 16.39396001, 48.21256544 ], [ 16.393609, 48.21272147 ], [ 16.39326685, 48.21286706 ], [ 16.39277216, 48.21306246 ], [ 16.39275222, 48.21303441 ], [ 16.39257964, 48.21309232 ], [ 16.392427, 48.21264829 ], [ 16.39243075, 48.21264688 ], [ 16.39255407, 48.21260056 ], [ 16.39257383, 48.21259314 ], [ 16.3928216, 48.21250009 ], [ 16.39320316, 48.21234441 ], [ 16.39333105, 48.21228049 ], [ 16.39334369, 48.21227401 ], [ 16.39335633, 48.21226753 ], [ 16.39336279, 48.2122642 ], [ 16.39336897, 48.21226105 ], [ 16.39338161, 48.21225448 ], [ 16.39339412, 48.21224791 ], [ 16.39340663, 48.21224125 ], [ 16.39341913, 48.21223468 ], [ 16.3934315, 48.21222801 ], [ 16.39344401, 48.21222126 ], [ 16.39345638, 48.2122146 ], [ 16.39346442, 48.21221021 ], [ 16.39348099, 48.2122011 ], [ 16.39349323, 48.21219426 ], [ 16.39350546, 48.21218742 ], [ 16.3935177, 48.21218058 ], [ 16.39352994, 48.21217374 ], [ 16.39354204, 48.21216681 ], [ 16.39355414, 48.21215987 ], [ 16.39356624, 48.21215285 ], [ 16.39357821, 48.21214592 ], [ 16.39359031, 48.2121389 ], [ 16.39360228, 48.21213179 ], [ 16.39361411, 48.21212477 ], [ 16.39362608, 48.21211766 ], [ 16.39363791, 48.21211055 ], [ 16.39364975, 48.21210335 ], [ 16.39366144, 48.21209615 ], [ 16.39367328, 48.21208895 ], [ 16.39368498, 48.21208175 ], [ 16.39369654, 48.21207446 ], [ 16.39370824, 48.21206717 ], [ 16.3937198, 48.21205988 ], [ 16.39373136, 48.2120525 ], [ 16.39374293, 48.21204512 ], [ 16.39375436, 48.21203774 ], [ 16.39376592, 48.21203036 ], [ 16.39377721, 48.21202289 ], [ 16.39378864, 48.21201542 ], [ 16.39379994, 48.21200795 ], [ 16.39381123, 48.21200039 ], [ 16.39382004, 48.21199467 ], [ 16.3938971, 48.21202462 ], [ 16.39446707, 48.21225861 ] ] ] } },
{ "type": "Feature", "properties": { "LEV1": "Grünlandnutzung", "LEV2": "Gewässer", "LEV3": "Gewässer inkl. Bachbett", "FLAECHE": 20014.68122147 }, "geometry": { "type": "Polygon", "coordinates": [ [ [ 16.39033843, 48.21357193 ], [ 16.39008494, 48.21359552 ], [ 16.38992699, 48.21360747 ], [ 16.38969798, 48.21361954 ], [ 16.38945269, 48.21362585 ], [ 16.38924614, 48.21362559 ], [ 16.38906286, 48.213621 ], [ 16.38887636, 48.21361065 ], [ 16.3886379, 48.21359511 ], [ 16.38841276, 48.21357237 ], [ 16.38827065, 48.21355472 ], [ 16.38809099, 48.21352908 ], [ 16.3878867, 48.21349446 ], [ 16.3877396, 48.21346674 ], [ 16.38751228, 48.21341729 ], [ 16.38728697, 48.21336154 ], [ 16.38715601, 48.2133258 ], [ 16.38676325, 48.21320628 ], [ 16.38609923, 48.21295233 ], [ 16.38537114, 48.21266522 ], [ 16.38555966, 48.21211287 ], [ 16.38584771, 48.21222237 ], [ 16.3864883, 48.21246581 ], [ 16.3865294, 48.21252751 ], [ 16.38653209, 48.21253144 ], [ 16.38653597, 48.21253688 ], [ 16.38653883, 48.2125407 ], [ 16.38654308, 48.21254614 ], [ 16.38654692, 48.21255088 ], [ 16.38655187, 48.21255672 ], [ 16.38655379, 48.21255895 ], [ 16.38655634, 48.21256192 ], [ 16.38656045, 48.21256632 ], [ 16.38656456, 48.21257073 ], [ 16.38656841, 48.21257461 ], [ 16.3865754, 48.21258145 ], [ 16.38657911, 48.21258493 ], [ 16.38658375, 48.21258915 ], [ 16.38658685, 48.21259189 ], [ 16.38658995, 48.21259464 ], [ 16.38659716, 48.21260073 ], [ 16.38660133, 48.21260407 ], [ 16.38660624, 48.21260807 ], [ 16.38661227, 48.21261261 ], [ 16.38662129, 48.21261918 ], [ 16.38662544, 48.21262204 ], [ 16.38663179, 48.21262639 ], [ 16.38663634, 48.21262942 ], [ 16.38664293, 48.2126336 ], [ 16.38665071, 48.21263843 ], [ 16.38666118, 48.21264456 ], [ 16.38667006, 48.21264955 ], [ 16.38667612, 48.21265278 ], [ 16.38668332, 48.21265647 ], [ 16.38668945, 48.21265961 ], [ 16.38669571, 48.21266267 ], [ 16.3867021, 48.21266563 ], [ 16.38670957, 48.21266901 ], [ 16.38671607, 48.2126718 ], [ 16.3867194, 48.21267323 ], [ 16.38673555, 48.21268001 ], [ 16.38674955, 48.21268576 ], [ 16.38676389, 48.21269164 ], [ 16.38677769, 48.21269726 ], [ 16.38679169, 48.21270292 ], [ 16.38680582, 48.21270858 ], [ 16.38682067, 48.21271287 ], [ 16.38683409, 48.2127198 ], [ 16.38684836, 48.21272537 ], [ 16.38686263, 48.21273085 ], [ 16.38687676, 48.21273642 ], [ 16.38689116, 48.2127419 ], [ 16.38690543, 48.21274729 ], [ 16.3869197, 48.21275268 ], [ 16.3869341, 48.21275807 ], [ 16.38694851, 48.21276346 ], [ 16.38696291, 48.21276876 ], [ 16.38697731, 48.21277397 ], [ 16.38699185, 48.21277927 ], [ 16.38700625, 48.21278448 ], [ 16.38702079, 48.21278969 ], [ 16.38703532, 48.21279481 ], [ 16.38704986, 48.21279993 ], [ 16.38706453, 48.21280505 ], [ 16.38707907, 48.21281008 ], [ 16.38709374, 48.21281511 ], [ 16.38710841, 48.21282005 ], [ 16.38712309, 48.21282508 ], [ 16.38713789, 48.21283002 ], [ 16.38715256, 48.21283487 ], [ 16.38716737, 48.21283972 ], [ 16.38718218, 48.21284457 ], [ 16.38719698, 48.21284933 ], [ 16.38721179, 48.21285409 ], [ 16.38722659, 48.21285885 ], [ 16.38724153, 48.21286352 ], [ 16.38725647, 48.21286819 ], [ 16.38727141, 48.21287286 ], [ 16.38728635, 48.21287743 ], [ 16.3873013, 48.21288201 ], [ 16.38731624, 48.2128865 ], [ 16.38733131, 48.21289099 ], [ 16.38734639, 48.21289548 ], [ 16.38736146, 48.21289997 ], [ 16.38737653, 48.21290437 ], [ 16.38739161, 48.21290868 ], [ 16.38740668, 48.21291308 ], [ 16.38742189, 48.2129173 ], [ 16.3874371, 48.21292161 ], [ 16.38745218, 48.21292583 ], [ 16.38746739, 48.21293005 ], [ 16.38748273, 48.21293418 ], [ 16.38749794, 48.21293831 ], [ 16.38751315, 48.21294244 ], [ 16.38752849, 48.21294648 ], [ 16.38754383, 48.21295052 ], [ 16.38755918, 48.21295456 ], [ 16.38757452, 48.21295852 ], [ 16.38758987, 48.21296247 ], [ 16.38760521, 48.21296633 ], [ 16.38762069, 48.21297019 ], [ 16.38763616, 48.21297405 ], [ 16.38765151, 48.21297782 ], [ 16.38766699, 48.21298159 ], [ 16.38768246, 48.21298527 ], [ 16.38769808, 48.21298904 ], [ 16.38771355, 48.21299263 ], [ 16.38772903, 48.21299631 ], [ 16.38774464, 48.2129999 ], [ 16.38776026, 48.2130034 ], [ 16.38777587, 48.2130069 ], [ 16.38779135, 48.2130104 ], [ 16.38780709, 48.2130139 ], [ 16.3878227, 48.21301731 ], [ 16.38783832, 48.21302072 ], [ 16.38785352, 48.21302395 ], [ 16.38786887, 48.21302718 ], [ 16.38788407, 48.21303032 ], [ 16.38789942, 48.21303355 ], [ 16.38791463, 48.2130366 ], [ 16.38792997, 48.21303974 ], [ 16.38794531, 48.21304279 ], [ 16.38796065, 48.21304585 ], [ 16.387976, 48.21304881 ], [ 16.38799134, 48.21305177 ], [ 16.38800682, 48.21305473 ], [ 16.38802216, 48.2130576 ], [ 16.38803763, 48.21306047 ], [ 16.38805298, 48.21306325 ], [ 16.38806845, 48.21306603 ], [ 16.38808393, 48.21306881 ], [ 16.38809941, 48.21307159 ], [ 16.38811488, 48.21307428 ], [ 16.38813036, 48.21307689 ], [ 16.38814624, 48.21307958 ], [ 16.38816226, 48.21308227 ], [ 16.38817814, 48.21308487 ], [ 16.38819415, 48.21308747 ], [ 16.38821003, 48.21309007 ], [ 16.38822605, 48.21309258 ], [ 16.38824206, 48.21309509 ], [ 16.38825808, 48.21309751 ], [ 16.38827409, 48.21309993 ], [ 16.38829011, 48.21310235 ], [ 16.38830612, 48.21310468 ], [ 16.38832214, 48.21310702 ], [ 16.38833829, 48.21310926 ], [ 16.3883543, 48.2131115 ], [ 16.38837045, 48.21311374 ], [ 16.38837843, 48.21311478 ], [ 16.38838646, 48.21311589 ], [ 16.38840261, 48.21311804 ], [ 16.38841876, 48.2131201 ], [ 16.38843491, 48.21312216 ], [ 16.38845106, 48.21312422 ], [ 16.38846721, 48.2131262 ], [ 16.38848336, 48.21312817 ], [ 16.38849951, 48.21313005 ], [ 16.38851565, 48.21313193 ], [ 16.3885318, 48.21313381 ], [ 16.38854809, 48.2131356 ], [ 16.38856424, 48.21313739 ], [ 16.38858038, 48.21313918 ], [ 16.38859667, 48.21314089 ], [ 16.38861295, 48.21314259 ], [ 16.3886291, 48.2131442 ], [ 16.38864538, 48.21314581 ], [ 16.38866166, 48.21314733 ], [ 16.38867781, 48.21314885 ], [ 16.3886941, 48.21315037 ], [ 16.38871038, 48.2131518 ], [ 16.38872666, 48.21315324 ], [ 16.38874295, 48.21315467 ], [ 16.38875923, 48.21315601 ], [ 16.38877565, 48.21315735 ], [ 16.38879193, 48.2131586 ], [ 16.38880821, 48.21315985 ], [ 16.38882449, 48.21316102 ], [ 16.38884091, 48.21316218 ], [ 16.38885719, 48.21316334 ], [ 16.38887348, 48.21316441 ], [ 16.38888989, 48.21316548 ], [ 16.38890618, 48.21316655 ], [ 16.38892259, 48.21316754 ], [ 16.38893887, 48.21316852 ], [ 16.38895529, 48.21316941 ], [ 16.38897171, 48.2131703 ], [ 16.38898799, 48.2131711 ], [ 16.38900441, 48.21317199 ], [ 16.38902082, 48.21317271 ], [ 16.38903711, 48.21317351 ], [ 16.38905352, 48.21317422 ], [ 16.38906994, 48.21317484 ], [ 16.38908636, 48.21317546 ], [ 16.38910277, 48.21317609 ], [ 16.38911919, 48.21317662 ], [ 16.38913561, 48.21317715 ], [ 16.38915189, 48.21317768 ], [ 16.38916831, 48.21317812 ], [ 16.38918472, 48.21317848 ], [ 16.38920114, 48.21317892 ], [ 16.38921755, 48.21317927 ], [ 16.38923397, 48.21317953 ], [ 16.38924853, 48.21317978 ], [ 16.3892668, 48.21318006 ], [ 16.38928322, 48.21318023 ], [ 16.38929964, 48.2131804 ], [ 16.38931605, 48.21318057 ], [ 16.38933247, 48.21318066 ], [ 16.38934888, 48.21318065 ], [ 16.38936379, 48.21318073 ], [ 16.38938172, 48.21318072 ], [ 16.38939813, 48.21318063 ], [ 16.38941455, 48.21318053 ], [ 16.38943096, 48.21318043 ], [ 16.38944738, 48.21318024 ], [ 16.3894638, 48.21318006 ], [ 16.38948035, 48.21317987 ], [ 16.38949676, 48.21317959 ], [ 16.38951304, 48.21317922 ], [ 16.38952946, 48.21317895 ], [ 16.38954587, 48.21317858 ], [ 16.38956229, 48.21317812 ], [ 16.3895787, 48.21317766 ], [ 16.38959512, 48.21317721 ], [ 16.38961154, 48.21317666 ], [ 16.38962795, 48.21317611 ], [ 16.38964437, 48.21317548 ], [ 16.38966078, 48.21317484 ], [ 16.3896772, 48.2131742 ], [ 16.38969348, 48.21317347 ], [ 16.38970989, 48.21317275 ], [ 16.38972631, 48.21317202 ], [ 16.38974272, 48.2131712 ], [ 16.389759, 48.21317039 ], [ 16.38977542, 48.21316948 ], [ 16.3897917, 48.21316857 ], [ 16.38980811, 48.21316758 ], [ 16.38982453, 48.21316658 ], [ 16.38984081, 48.21316558 ], [ 16.38985722, 48.21316449 ], [ 16.3898735, 48.21316341 ], [ 16.38988979, 48.21316223 ], [ 16.3899062, 48.21316114 ], [ 16.38992248, 48.21315988 ], [ 16.38993876, 48.2131587 ], [ 16.38995504, 48.21315734 ], [ 16.38997146, 48.21315608 ], [ 16.38998774, 48.21315472 ], [ 16.39000402, 48.21315336 ], [ 16.39002029, 48.21315192 ], [ 16.39003657, 48.21315047 ], [ 16.39005285, 48.21314893 ], [ 16.39006913, 48.2131474 ], [ 16.39008528, 48.21314586 ], [ 16.39010156, 48.21314424 ], [ 16.39011626, 48.21314277 ], [ 16.39013398, 48.21314098 ], [ 16.39015026, 48.21313927 ], [ 16.39016654, 48.21313755 ], [ 16.39018269, 48.21313574 ], [ 16.39019883, 48.21313394 ], [ 16.39021511, 48.21313204 ], [ 16.39023126, 48.21313015 ], [ 16.39024909, 48.21312805 ], [ 16.39033843, 48.21357193 ] ] ] } },
{ "type": "Feature", "properties": { "LEV1": "Grünlandnutzung", "LEV2": "Gewässer", "LEV3": "Gewässer inkl. Bachbett", "FLAECHE": 8387.9058004399994 }, "geometry": { "type": "Polygon", "coordinates": [ [ [ 16.36868669, 48.22406905 ], [ 16.36867707, 48.22417113 ], [ 16.36865003, 48.22418804 ], [ 16.36863822, 48.22425046 ], [ 16.36858924, 48.22446694 ], [ 16.36861065, 48.22448843 ], [ 16.36856135, 48.22463593 ], [ 16.36848274, 48.22483758 ], [ 16.36845005, 48.22485072 ], [ 16.36837263, 48.2250208 ], [ 16.36838974, 48.22504436 ], [ 16.36831096, 48.22519079 ], [ 16.36823228, 48.22532096 ], [ 16.3682066, 48.22531385 ], [ 16.36807602, 48.22527791 ], [ 16.3680355, 48.22526668 ], [ 16.3676073, 48.22514782 ], [ 16.36751159, 48.22512122 ], [ 16.36749961, 48.2251179 ], [ 16.3674595, 48.22510685 ], [ 16.36746622, 48.22509435 ], [ 16.36747294, 48.22508175 ], [ 16.36747953, 48.22506916 ], [ 16.36748612, 48.22505657 ], [ 16.36749257, 48.22504398 ], [ 16.36749963, 48.22503026 ], [ 16.36750547, 48.22501879 ], [ 16.36751179, 48.2250062 ], [ 16.36751811, 48.22499352 ], [ 16.36752443, 48.22498093 ], [ 16.36753081, 48.22496784 ], [ 16.3675368, 48.22495556 ], [ 16.36754284, 48.22494288 ], [ 16.36754903, 48.2249302 ], [ 16.36755494, 48.22491752 ], [ 16.36756099, 48.22490474 ], [ 16.36756677, 48.22489206 ], [ 16.36757216, 48.22488045 ], [ 16.36757846, 48.22486661 ], [ 16.36758424, 48.22485384 ], [ 16.36758989, 48.22484107 ], [ 16.36759553, 48.22482829 ], [ 16.36760118, 48.22481552 ], [ 16.36760669, 48.22480266 ], [ 16.3676122, 48.22478989 ], [ 16.36761783, 48.22477681 ], [ 16.36762308, 48.22476425 ], [ 16.36762832, 48.22475139 ], [ 16.3676337, 48.22473853 ], [ 16.36763894, 48.22472567 ], [ 16.36764405, 48.22471281 ], [ 16.36764915, 48.22469995 ], [ 16.36765426, 48.22468708 ], [ 16.36765937, 48.22467422 ], [ 16.36766434, 48.22466127 ], [ 16.36766918, 48.22464841 ], [ 16.36767415, 48.22463546 ], [ 16.36767885, 48.22462251 ], [ 16.36768369, 48.22460964 ], [ 16.36768839, 48.22459669 ], [ 16.36769309, 48.22458374 ], [ 16.36769766, 48.22457079 ], [ 16.36770223, 48.22455775 ], [ 16.36770666, 48.2245448 ], [ 16.36771123, 48.22453185 ], [ 16.36771553, 48.2245188 ], [ 16.36771996, 48.22450585 ], [ 16.36772426, 48.22449281 ], [ 16.36772843, 48.22447977 ], [ 16.36773305, 48.22446577 ], [ 16.36773675, 48.22445378 ], [ 16.36774065, 48.22444156 ], [ 16.36774437, 48.22442956 ], [ 16.36774884, 48.22441456 ], [ 16.36775287, 48.22440152 ], [ 16.36775663, 48.22438848 ], [ 16.36776053, 48.22437544 ], [ 16.36776429, 48.22436231 ], [ 16.36776816, 48.22434887 ], [ 16.36777167, 48.22433614 ], [ 16.36777534, 48.22432284 ], [ 16.36777879, 48.22430997 ], [ 16.36778228, 48.22429683 ], [ 16.36778604, 48.22428271 ], [ 16.36778926, 48.22427057 ], [ 16.36779273, 48.22425697 ], [ 16.36779584, 48.22424431 ], [ 16.36779906, 48.22423118 ], [ 16.36780094, 48.22422353 ], [ 16.36780229, 48.22421805 ], [ 16.36780537, 48.22420483 ], [ 16.3678083, 48.22419239 ], [ 16.36781155, 48.22417848 ], [ 16.3678145, 48.22416534 ], [ 16.36781732, 48.22415113 ], [ 16.36782014, 48.22413692 ], [ 16.36782252, 48.22412491 ], [ 16.36782546, 48.22410938 ], [ 16.36782718, 48.22410026 ], [ 16.36782832, 48.2240942 ], [ 16.36783095, 48.22407955 ], [ 16.36783342, 48.22406569 ], [ 16.36783583, 48.22405149 ], [ 16.36783778, 48.22404056 ], [ 16.36783905, 48.22403233 ], [ 16.36865628, 48.22406609 ], [ 16.36868669, 48.22406905 ] ] ] } },
{ "type": "Feature", "properties": { "LEV1": "Grünlandnutzung", "LEV2": "Gewässer", "LEV3": "Gewässer inkl. Bachbett", "FLAECHE": 263720.44284814998 }, "geometry": { "type": "Polygon", "coordinates": [ [ [ 16.43511071, 48.20867713 ], [ 16.43487961, 48.20883894 ], [ 16.43304614, 48.21012051 ], [ 16.43292266, 48.21020676 ], [ 16.43055668, 48.21186034 ], [ 16.42974891, 48.21242487 ], [ 16.42671092, 48.21457534 ], [ 16.4239617, 48.21283395 ], [ 16.42401579, 48.21279539 ], [ 16.42440544, 48.21251756 ], [ 16.4244428, 48.21249092 ], [ 16.4255219, 48.21172148 ], [ 16.42637343, 48.21111429 ], [ 16.42641944, 48.21108195 ], [ 16.42765438, 48.21021396 ], [ 16.42752009, 48.21020885 ], [ 16.42738039, 48.21025256 ], [ 16.42736248, 48.21025817 ], [ 16.42648475, 48.21087664 ], [ 16.42629985, 48.21100692 ], [ 16.42451738, 48.21226282 ], [ 16.42429638, 48.21215057 ], [ 16.42735151, 48.20999126 ], [ 16.42771948, 48.20997684 ], [ 16.42774016, 48.20999851 ], [ 16.42782957, 48.21009016 ], [ 16.42793435, 48.21001723 ], [ 16.42810894, 48.20989451 ], [ 16.4286844, 48.20948999 ], [ 16.42890549, 48.2092844 ], [ 16.42937124, 48.20896009 ], [ 16.42990169, 48.20862898 ], [ 16.43063434, 48.20811839 ], [ 16.43081387, 48.20799326 ], [ 16.43171853, 48.20736277 ], [ 16.43234669, 48.20692265 ], [ 16.43511071, 48.20867713 ] ] ] } },
{ "type": "Feature", "properties": { "LEV1": "Grünlandnutzung", "LEV2": "Gewässer", "LEV3": "Gewässer inkl. Bachbett", "FLAECHE": 7865.5221719199999 }, "geometry": { "type": "Polygon", "coordinates": [ [ [ 16.41636787, 48.19321409 ], [ 16.41451717, 48.19432406 ], [ 16.41442228, 48.19426776 ], [ 16.41433732, 48.19421053 ], [ 16.41417019, 48.19407746 ], [ 16.41413804, 48.19404757 ], [ 16.41594467, 48.19294071 ], [ 16.41636787, 48.19321409 ] ] ] } },
{ "type": "Feature", "properties": { "LEV1": "Grünlandnutzung", "LEV2": "Gewässer", "LEV3": "Gewässer inkl. Bachbett", "FLAECHE": 7878.6329640699996 }, "geometry": { "type": "Polygon", "coordinates": [ [ [ 16.42024379, 48.19095953 ], [ 16.41862602, 48.19191991 ], [ 16.41854576, 48.19184282 ], [ 16.41843183, 48.19174892 ], [ 16.4183031, 48.19165908 ], [ 16.41818062, 48.19158542 ], [ 16.41879086, 48.19122527 ], [ 16.41955979, 48.19077171 ], [ 16.41978861, 48.19063674 ], [ 16.42024379, 48.19095953 ] ] ] } },
{ "type": "Feature", "properties": { "LEV1": "Grünlandnutzung", "LEV2": "Gewässer", "LEV3": "Gewässer inkl. Bachbett", "FLAECHE": 40257.149007940003 }, "geometry": { "type": "Polygon", "coordinates": [ [ [ 16.41671678, 48.20407472 ], [ 16.41657495, 48.20415667 ], [ 16.41632653, 48.20393651 ], [ 16.41650032, 48.20357648 ], [ 16.41670558, 48.20303693 ], [ 16.41689117, 48.20265485 ], [ 16.41705184, 48.20242415 ], [ 16.41731487, 48.20184813 ], [ 16.41746759, 48.20161006 ], [ 16.41782761, 48.20128893 ], [ 16.41792789, 48.20115234 ], [ 16.41830649, 48.20089204 ], [ 16.41866575, 48.20064504 ], [ 16.41885289, 48.20056041 ], [ 16.41934434, 48.20033816 ], [ 16.41947034, 48.20022826 ], [ 16.41973543, 48.20011196 ], [ 16.42058382, 48.19966845 ], [ 16.42087225, 48.19951767 ], [ 16.42120471, 48.19930977 ], [ 16.42130977, 48.19920592 ], [ 16.42140294, 48.19911384 ], [ 16.4217249, 48.19890379 ], [ 16.42188339, 48.19875591 ], [ 16.42219555, 48.19856124 ], [ 16.4226405, 48.19821503 ], [ 16.42281001, 48.19815096 ], [ 16.42293903, 48.19800005 ], [ 16.42307479, 48.1978592 ], [ 16.42363088, 48.19825286 ], [ 16.42361306, 48.19827352 ], [ 16.42352455, 48.19837606 ], [ 16.42293382, 48.19881618 ], [ 16.42265385, 48.19900196 ], [ 16.42259743, 48.1990394 ], [ 16.42225579, 48.19926609 ], [ 16.4218474, 48.19952144 ], [ 16.42131079, 48.19984002 ], [ 16.42029724, 48.20038171 ], [ 16.41972928, 48.20062944 ], [ 16.41915093, 48.20086314 ], [ 16.41901613, 48.20094391 ], [ 16.41886879, 48.20099112 ], [ 16.41876578, 48.20102413 ], [ 16.41852091, 48.20117089 ], [ 16.41831577, 48.20134623 ], [ 16.417941, 48.20186846 ], [ 16.41765828, 48.20241338 ], [ 16.41754872, 48.20261131 ], [ 16.41751796, 48.20266686 ], [ 16.41748621, 48.20272422 ], [ 16.41744861, 48.20279215 ], [ 16.41719478, 48.2033241 ], [ 16.41696778, 48.20380458 ], [ 16.41671678, 48.20407472 ] ] ] } },
{ "type": "Feature", "properties": { "LEV1": "Grünlandnutzung", "LEV2": "Gewässer", "LEV3": "Gewässer inkl. Bachbett", "FLAECHE": 1709.3339391300001 }, "geometry": { "type": "Polygon", "coordinates": [ [ [ 16.46393849, 48.17723959 ], [ 16.46357543, 48.17735323 ], [ 16.46350104, 48.17737473 ], [ 16.46331781, 48.17694145 ], [ 16.46372493, 48.17681725 ], [ 16.46393849, 48.17723959 ] ] ] } },
{ "type": "Feature", "properties": { "LEV1": "Grünlandnutzung", "LEV2": "Gewässer", "LEV3": "Gewässer inkl. Bachbett", "FLAECHE": 11201.851626 }, "geometry": { "type": "Polygon", "coordinates": [ [ [ 16.37664365, 48.21253474 ], [ 16.37698998, 48.21292095 ], [ 16.37654357, 48.21315475 ], [ 16.37604986, 48.21347634 ], [ 16.37561851, 48.21387938 ], [ 16.3752826, 48.21434157 ], [ 16.37467344, 48.21415049 ], [ 16.37483742, 48.2139122 ], [ 16.37484374, 48.21390285 ], [ 16.37485005, 48.21389349 ], [ 16.37485637, 48.21388414 ], [ 16.37486282, 48.21387487 ], [ 16.37486927, 48.21386552 ], [ 16.37487573, 48.21385625 ], [ 16.37488231, 48.21384699 ], [ 16.3748889, 48.21383772 ], [ 16.37489562, 48.21382846 ], [ 16.37490234, 48.21381928 ], [ 16.37490906, 48.21381002 ], [ 16.37491592, 48.21380084 ], [ 16.37492277, 48.21379166 ], [ 16.37492963, 48.21378249 ], [ 16.37493662, 48.21377331 ], [ 16.37494361, 48.21376423 ], [ 16.3749506, 48.21375505 ], [ 16.37495772, 48.21374597 ], [ 16.37496485, 48.21373688 ], [ 16.37497211, 48.21372789 ], [ 16.37497923, 48.2137188 ], [ 16.37498663, 48.2137098 ], [ 16.37499389, 48.21370072 ], [ 16.37500128, 48.21369172 ], [ 16.37500867, 48.21368282 ], [ 16.3750162, 48.21367382 ], [ 16.37502373, 48.21366492 ], [ 16.37503126, 48.21365592 ], [ 16.37503892, 48.21364701 ], [ 16.37504659, 48.2136382 ], [ 16.37505425, 48.21362929 ], [ 16.37506205, 48.21362039 ], [ 16.37506984, 48.21361157 ], [ 16.37507764, 48.21360275 ], [ 16.37508557, 48.21359394 ], [ 16.37509351, 48.21358521 ], [ 16.37510144, 48.2135764 ], [ 16.37510951, 48.21356767 ], [ 16.37511757, 48.21355894 ], [ 16.37512564, 48.21355022 ], [ 16.37513384, 48.21354158 ], [ 16.37514204, 48.21353295 ], [ 16.37515038, 48.21352422 ], [ 16.37515858, 48.21351567 ], [ 16.37516692, 48.21350704 ], [ 16.37517539, 48.2134984 ], [ 16.37518386, 48.21348985 ], [ 16.37519233, 48.21348131 ], [ 16.3752008, 48.21347276 ], [ 16.3752094, 48.2134643 ], [ 16.37521801, 48.21345576 ], [ 16.37522675, 48.2134473 ], [ 16.37523535, 48.21343885 ], [ 16.37524409, 48.21343048 ], [ 16.37525297, 48.21342202 ], [ 16.37526184, 48.21341366 ], [ 16.37527072, 48.21340529 ], [ 16.37527959, 48.21339692 ], [ 16.3752886, 48.21338864 ], [ 16.37529761, 48.21338028 ], [ 16.37530662, 48.213372 ], [ 16.37531576, 48.21336381 ], [ 16.37532491, 48.21335554 ], [ 16.37533405, 48.21334735 ], [ 16.37534333, 48.21333916 ], [ 16.37535234, 48.21333116 ], [ 16.37536135, 48.21332324 ], [ 16.37537049, 48.21331541 ], [ 16.3753795, 48.2133075 ], [ 16.37538878, 48.21329967 ], [ 16.37539792, 48.21329184 ], [ 16.3754072, 48.21328401 ], [ 16.37541648, 48.21327619 ], [ 16.37542576, 48.21326845 ], [ 16.37543517, 48.21326071 ], [ 16.37544458, 48.21325297 ], [ 16.37545427, 48.21324506 ], [ 16.37546395, 48.21323723 ], [ 16.37547377, 48.21322931 ], [ 16.37548358, 48.21322148 ], [ 16.3754934, 48.21321366 ], [ 16.37550322, 48.21320592 ], [ 16.37551317, 48.21319818 ], [ 16.37552312, 48.21319044 ], [ 16.3755332, 48.21318271 ], [ 16.37554329, 48.21317497 ], [ 16.37555338, 48.21316732 ], [ 16.37556346, 48.21315967 ], [ 16.37557368, 48.21315203 ], [ 16.3755839, 48.21314447 ], [ 16.37559412, 48.21313691 ], [ 16.37560434, 48.21312935 ], [ 16.3756147, 48.21312179 ], [ 16.37562505, 48.21311433 ], [ 16.37563554, 48.21310677 ], [ 16.3756459, 48.21309939 ], [ 16.37565639, 48.21309192 ], [ 16.37566701, 48.21308454 ], [ 16.3756775, 48.21307717 ], [ 16.37568747, 48.21307025 ], [ 16.37569875, 48.21306241 ], [ 16.37570951, 48.21305512 ], [ 16.37572014, 48.21304783 ], [ 16.37573089, 48.21304064 ], [ 16.37574179, 48.21303335 ], [ 16.37575255, 48.21302615 ], [ 16.37576344, 48.21301895 ], [ 16.37577433, 48.21301184 ], [ 16.37578523, 48.21300464 ], [ 16.37579626, 48.21299754 ], [ 16.37580728, 48.21299052 ], [ 16.37581831, 48.21298341 ], [ 16.37582947, 48.21297639 ], [ 16.3758405, 48.21296946 ], [ 16.3758518, 48.21296244 ], [ 16.37586296, 48.21295551 ], [ 16.37587413, 48.21294859 ], [ 16.37588542, 48.21294166 ], [ 16.37589672, 48.21293482 ], [ 16.37590869, 48.21292762 ], [ 16.37592053, 48.21292051 ], [ 16.3759325, 48.2129134 ], [ 16.37594527, 48.21290548 ], [ 16.37595818, 48.21289748 ], [ 16.3759711, 48.21288965 ], [ 16.37598414, 48.21288173 ], [ 16.37599705, 48.2128739 ], [ 16.3760101, 48.21286607 ], [ 16.37602314, 48.21285824 ], [ 16.37603619, 48.2128505 ], [ 16.37604937, 48.21284277 ], [ 16.37606242, 48.21283503 ], [ 16.37607573, 48.21282729 ], [ 16.37608891, 48.21281964 ], [ 16.37610572, 48.21280992 ], [ 16.37612254, 48.21280029 ], [ 16.37613572, 48.21279282 ], [ 16.37615105, 48.21278418 ], [ 16.37616638, 48.21277555 ], [ 16.37617889, 48.21276853 ], [ 16.37619597, 48.21275908 ], [ 16.37621305, 48.21274972 ], [ 16.37622704, 48.21274207 ], [ 16.37624103, 48.21273451 ], [ 16.37625502, 48.21272695 ], [ 16.37626914, 48.21271939 ], [ 16.37628313, 48.21271192 ], [ 16.37629725, 48.21270445 ], [ 16.37631137, 48.21269698 ], [ 16.37632563, 48.2126896 ], [ 16.37633975, 48.21268214 ], [ 16.37635401, 48.21267485 ], [ 16.37636827, 48.21266747 ], [ 16.37638266, 48.21266018 ], [ 16.37639705, 48.21265289 ], [ 16.37641131, 48.21264569 ], [ 16.37642583, 48.21263849 ], [ 16.37644023, 48.21263129 ], [ 16.37645475, 48.21262409 ], [ 16.37646914, 48.21261698 ], [ 16.37648381, 48.21260987 ], [ 16.37649833, 48.21260285 ], [ 16.37651286, 48.21259583 ], [ 16.37652752, 48.21258881 ], [ 16.37654218, 48.21258179 ], [ 16.37655698, 48.21257486 ], [ 16.37657164, 48.21256793 ], [ 16.37658643, 48.21256109 ], [ 16.37660123, 48.21255416 ], [ 16.37661603, 48.21254741 ], [ 16.37663082, 48.21254057 ], [ 16.37664365, 48.21253474 ] ] ] } },
{ "type": "Feature", "properties": { "LEV1": "Grünlandnutzung", "LEV2": "Gewässer", "LEV3": "Gewässer inkl. Bachbett", "FLAECHE": 6268.4224697400005 }, "geometry": { "type": "Polygon", "coordinates": [ [ [ 16.36988727, 48.21864608 ], [ 16.37032095, 48.21898706 ], [ 16.37011729, 48.21910736 ], [ 16.37016159, 48.21914674 ], [ 16.36976374, 48.21947493 ], [ 16.36947406, 48.21976963 ], [ 16.36943478, 48.21980391 ], [ 16.36916916, 48.21964696 ], [ 16.36885884, 48.21948454 ], [ 16.36895287, 48.21938667 ], [ 16.36896134, 48.21937767 ], [ 16.36896995, 48.21936877 ], [ 16.36897856, 48.21935986 ], [ 16.3689873, 48.21935096 ], [ 16.36899591, 48.21934205 ], [ 16.36900465, 48.21933314 ], [ 16.3690104, 48.21932743 ], [ 16.36902227, 48.21931551 ], [ 16.36903114, 48.2193067 ], [ 16.36904015, 48.21929788 ], [ 16.36904916, 48.21928916 ], [ 16.36905817, 48.21928034 ], [ 16.36906719, 48.21927161 ], [ 16.36907633, 48.21926298 ], [ 16.36908655, 48.21925322 ], [ 16.36909462, 48.21924562 ], [ 16.3691039, 48.21923698 ], [ 16.36911318, 48.21922834 ], [ 16.36912246, 48.21921971 ], [ 16.36912896, 48.2192138 ], [ 16.36914129, 48.21920252 ], [ 16.36915071, 48.21919407 ], [ 16.36916025, 48.21918552 ], [ 16.36917175, 48.21917518 ], [ 16.36917935, 48.21916852 ], [ 16.3691889, 48.21916006 ], [ 16.36919859, 48.21915161 ], [ 16.36920827, 48.21914324 ], [ 16.36921809, 48.21913487 ], [ 16.36922845, 48.21912606 ], [ 16.36923181, 48.21912318 ], [ 16.36923652, 48.21911913 ], [ 16.36924754, 48.21910977 ], [ 16.3692575, 48.2191015 ], [ 16.36926745, 48.21909322 ], [ 16.36927754, 48.21908494 ], [ 16.36928909, 48.21907547 ], [ 16.36929758, 48.21906857 ], [ 16.3693078, 48.21906038 ], [ 16.36931789, 48.2190522 ], [ 16.36932811, 48.21904401 ], [ 16.36933665, 48.21903726 ], [ 16.36934869, 48.21902782 ], [ 16.36935905, 48.21901972 ], [ 16.3693694, 48.21901171 ], [ 16.36937976, 48.21900371 ], [ 16.36939025, 48.2189957 ], [ 16.36940074, 48.21898769 ], [ 16.36941094, 48.21898 ], [ 16.36942186, 48.21897186 ], [ 16.36943249, 48.21896394 ], [ 16.36944664, 48.21895346 ], [ 16.36945387, 48.2189482 ], [ 16.3694645, 48.21894037 ], [ 16.36947873, 48.21893011 ], [ 16.36948616, 48.21892471 ], [ 16.36949705, 48.21891698 ], [ 16.36950795, 48.21890924 ], [ 16.36951992, 48.21890074 ], [ 16.36952974, 48.21889386 ], [ 16.36954077, 48.21888621 ], [ 16.3695518, 48.21887856 ], [ 16.36956296, 48.21887091 ], [ 16.36957446, 48.21886313 ], [ 16.36958529, 48.2188558 ], [ 16.36959646, 48.21884824 ], [ 16.36960775, 48.21884077 ], [ 16.36961892, 48.21883331 ], [ 16.36963022, 48.21882584 ], [ 16.36964165, 48.21881837 ], [ 16.36965309, 48.21881099 ], [ 16.36966452, 48.21880361 ], [ 16.36967495, 48.21879687 ], [ 16.36968739, 48.21878886 ], [ 16.36969896, 48.21878157 ], [ 16.36969329, 48.21875729 ], [ 16.36971138, 48.21874692 ], [ 16.36972169, 48.21874101 ], [ 16.36988727, 48.21864608 ] ] ] } },
{ "type": "Feature", "properties": { "LEV1": "Grünlandnutzung", "LEV2": "Gewässer", "LEV3": "Gewässer inkl. Bachbett", "FLAECHE": 75316.694540590004 }, "geometry": { "type": "Polygon", "coordinates": [ [ [ 16.49536044, 48.16588611 ], [ 16.49537367, 48.16586145 ], [ 16.49537025, 48.16584032 ], [ 16.49534489, 48.16581284 ], [ 16.49530987, 48.16579265 ], [ 16.49526923, 48.16577733 ], [ 16.49522039, 48.16576382 ], [ 16.49518287, 48.16575991 ], [ 16.49504689, 48.16578187 ], [ 16.49493135, 48.16580703 ], [ 16.49469742, 48.16588703 ], [ 16.49432566, 48.16604475 ], [ 16.49406674, 48.16613413 ], [ 16.49300822, 48.16658093 ], [ 16.49204689, 48.16693963 ], [ 16.4916367, 48.16710944 ], [ 16.49069046, 48.16744311 ], [ 16.49022882, 48.16758519 ], [ 16.48933623, 48.16788407 ], [ 16.48852578, 48.16813588 ], [ 16.4876464, 48.16840801 ], [ 16.48693929, 48.16865319 ], [ 16.48571028, 48.16908711 ], [ 16.48476166, 48.16941281 ], [ 16.48263978, 48.17022538 ], [ 16.48102102, 48.17083106 ], [ 16.47988765, 48.17128917 ], [ 16.47964231, 48.17079638 ], [ 16.47976156, 48.17074739 ], [ 16.4797321, 48.17069311 ], [ 16.48272121, 48.16964323 ], [ 16.48391028, 48.16910077 ], [ 16.48447545, 48.16885785 ], [ 16.48546535, 48.16849306 ], [ 16.48700279, 48.16802709 ], [ 16.48849662, 48.16755234 ], [ 16.48872965, 48.16747829 ], [ 16.48870908, 48.16752193 ], [ 16.48872197, 48.16756337 ], [ 16.4895146, 48.16733236 ], [ 16.49187582, 48.16651979 ], [ 16.4952832, 48.1651226 ], [ 16.49588922, 48.16551243 ], [ 16.49536044, 48.16588611 ] ] ] } },
{ "type": "Feature", "properties": { "LEV1": "Grünlandnutzung", "LEV2": "Gewässer", "LEV3": "Gewässer inkl. Bachbett", "FLAECHE": 19885.412971080001 }, "geometry": { "type": "Polygon", "coordinates": [ [ [ 16.4293698, 48.19741387 ], [ 16.42819174, 48.19728181 ], [ 16.4278663, 48.19726057 ], [ 16.42767914, 48.19723131 ], [ 16.42679477, 48.19719289 ], [ 16.4262359, 48.19721995 ], [ 16.42584444, 48.19728672 ], [ 16.42546405, 48.19737173 ], [ 16.42503945, 48.19748816 ], [ 16.42472584, 48.19761413 ], [ 16.42434802, 48.19779492 ], [ 16.42401194, 48.1980004 ], [ 16.42352256, 48.19767657 ], [ 16.42363488, 48.1975995 ], [ 16.42370066, 48.19751896 ], [ 16.42400354, 48.1974136 ], [ 16.42452762, 48.19725563 ], [ 16.42489455, 48.1971638 ], [ 16.42518363, 48.19708875 ], [ 16.42569299, 48.19698215 ], [ 16.42609023, 48.19691538 ], [ 16.42639982, 48.19688402 ], [ 16.42675274, 48.19685766 ], [ 16.42718602, 48.19686028 ], [ 16.42761793, 48.19685023 ], [ 16.42812361, 48.19687258 ], [ 16.42840074, 48.19689061 ], [ 16.42861598, 48.1968988 ], [ 16.42923097, 48.19696531 ], [ 16.42945098, 48.19700848 ], [ 16.4296288, 48.19700662 ], [ 16.42980046, 48.19694164 ], [ 16.42997339, 48.19698368 ], [ 16.43002479, 48.19705353 ], [ 16.43003218, 48.19706358 ], [ 16.4293698, 48.19741387 ] ] ] } },
{ "type": "Feature", "properties": { "LEV1": "Grünlandnutzung", "LEV2": "Gewässer", "LEV3": "Gewässer inkl. Bachbett", "FLAECHE": 45997.211439029998 }, "geometry": { "type": "Polygon", "coordinates": [ [ [ 16.46350104, 48.17737473 ], [ 16.45118558, 48.18093209 ], [ 16.45168411, 48.18035319 ], [ 16.45212838, 48.1802181 ], [ 16.45420316, 48.17958719 ], [ 16.4588338, 48.17825386 ], [ 16.46015458, 48.17788812 ], [ 16.46019489, 48.17787693 ], [ 16.46200711, 48.1773413 ], [ 16.46331781, 48.17694145 ], [ 16.46350104, 48.17737473 ] ] ] } },
{ "type": "Feature", "properties": { "LEV1": "Grünlandnutzung", "LEV2": "Gewässer", "LEV3": "Gewässer inkl. Bachbett", "FLAECHE": 3642.2197829699999 }, "geometry": { "type": "Polygon", "coordinates": [ [ [ 16.39246935, 48.21312979 ], [ 16.39187747, 48.21328656 ], [ 16.39156294, 48.21335497 ], [ 16.39137289, 48.21292456 ], [ 16.39146666, 48.21290608 ], [ 16.39163616, 48.21286858 ], [ 16.39169433, 48.21285469 ], [ 16.39179503, 48.21283064 ], [ 16.39191515, 48.21279956 ], [ 16.39197891, 48.21278235 ], [ 16.39231782, 48.21268778 ], [ 16.39246935, 48.21312979 ] ] ] } },
{ "type": "Feature", "properties": { "LEV1": "Grünlandnutzung", "LEV2": "Gewässer", "LEV3": "Gewässer inkl. Bachbett", "FLAECHE": 231880.70125536999 }, "geometry": { "type": "Polygon", "coordinates": [ [ [ 16.42290927, 48.21733262 ], [ 16.42177312, 48.21814627 ], [ 16.42055898, 48.21902023 ], [ 16.42020184, 48.21927698 ], [ 16.41927893, 48.21993892 ], [ 16.41914669, 48.22003434 ], [ 16.41913833, 48.22004038 ], [ 16.41646021, 48.21835812 ], [ 16.41646196, 48.21827161 ], [ 16.41709148, 48.21781488 ], [ 16.41727764, 48.21767982 ], [ 16.41794624, 48.21719473 ], [ 16.41908874, 48.21636579 ], [ 16.42089541, 48.21505487 ], [ 16.42101692, 48.2149667 ], [ 16.42130183, 48.21475996 ], [ 16.42153655, 48.21458964 ], [ 16.42161899, 48.21464497 ], [ 16.42264983, 48.21390505 ], [ 16.42255876, 48.21384127 ], [ 16.42269207, 48.21374556 ], [ 16.4235464, 48.21313215 ], [ 16.42367148, 48.21304234 ], [ 16.4239617, 48.21283395 ], [ 16.42671092, 48.21457534 ], [ 16.42588347, 48.21516099 ], [ 16.425192, 48.21566843 ], [ 16.42464706, 48.21606829 ], [ 16.42424777, 48.21636195 ], [ 16.42362148, 48.21682252 ], [ 16.42312521, 48.21717796 ], [ 16.42290927, 48.21733262 ] ] ] } },
{ "type": "Feature", "properties": { "LEV1": "Grünlandnutzung", "LEV2": "Gewässer", "LEV3": "Gewässer inkl. Bachbett", "FLAECHE": 4019.1471425200002 }, "geometry": { "type": "Polygon", "coordinates": [ [ [ 16.36789185, 48.22345104 ], [ 16.36858362, 48.22346879 ], [ 16.36858229, 48.22348911 ], [ 16.36860006, 48.22349351 ], [ 16.36861742, 48.22349522 ], [ 16.36863465, 48.22349449 ], [ 16.36866035, 48.22348837 ], [ 16.36867932, 48.2234791 ], [ 16.3686847, 48.22347281 ], [ 16.36869493, 48.22348117 ], [ 16.36870275, 48.22349447 ], [ 16.36870652, 48.22350553 ], [ 16.36870976, 48.22352064 ], [ 16.36870676, 48.22367371 ], [ 16.36870123, 48.22385357 ], [ 16.36868669, 48.22406905 ], [ 16.36865628, 48.22406609 ], [ 16.36783905, 48.22403233 ], [ 16.36784064, 48.22402297 ], [ 16.36784298, 48.22400917 ], [ 16.36784535, 48.22399447 ], [ 16.36784637, 48.2239875 ], [ 16.3678475, 48.22398017 ], [ 16.36784964, 48.22396587 ], [ 16.36785178, 48.22395157 ], [ 16.36785379, 48.22393736 ], [ 16.3678558, 48.22392306 ], [ 16.36785731, 48.22391235 ], [ 16.3678578, 48.22390876 ], [ 16.36785883, 48.22390102 ], [ 16.36785969, 48.22389446 ], [ 16.36786146, 48.22388092 ], [ 16.36786331, 48.22386586 ], [ 16.36786505, 48.22385156 ], [ 16.36786688, 48.22383635 ], [ 16.36786839, 48.22382296 ], [ 16.36786913, 48.2238164 ], [ 16.36786999, 48.22380866 ], [ 16.36787085, 48.22380037 ], [ 16.36787147, 48.22379436 ], [ 16.36787294, 48.22378006 ], [ 16.36787441, 48.22376567 ], [ 16.36787575, 48.22375137 ], [ 16.36787709, 48.22373706 ], [ 16.36787829, 48.22372277 ], [ 16.36787878, 48.22371694 ], [ 16.36787949, 48.22370847 ], [ 16.36788016, 48.22370002 ], [ 16.36788056, 48.22369408 ], [ 16.36788128, 48.22368556 ], [ 16.36788186, 48.22367813 ], [ 16.3678827, 48.22366548 ], [ 16.36788353, 48.22365417 ], [ 16.36788465, 48.22363729 ], [ 16.36788549, 48.22362241 ], [ 16.36788636, 48.22360739 ], [ 16.36788709, 48.22359381 ], [ 16.36788776, 48.22357942 ], [ 16.36788816, 48.22357123 ], [ 16.36788842, 48.22356512 ], [ 16.36788909, 48.22355042 ], [ 16.36788962, 48.22353643 ], [ 16.36789014, 48.22352204 ], [ 16.36789054, 48.22350774 ], [ 16.36789096, 48.22349244 ], [ 16.36789127, 48.22348054 ], [ 16.3678915, 48.22346915 ], [ 16.36789159, 48.22346312 ], [ 16.36789185, 48.22345104 ] ] ] } },
{ "type": "Feature", "properties": { "LEV1": "Grünlandnutzung", "LEV2": "Gewässer", "LEV3": "Gewässer inkl. Bachbett", "FLAECHE": 63361.391410429998 }, "geometry": { "type": "Polygon", "coordinates": [ [ [ 16.45081579, 48.18107225 ], [ 16.44837776, 48.18170611 ], [ 16.44256395, 48.18340107 ], [ 16.43148406, 48.18662472 ], [ 16.43126755, 48.18629585 ], [ 16.4322722, 48.18601039 ], [ 16.4324043, 48.18597285 ], [ 16.43344344, 48.18567465 ], [ 16.43422693, 48.18544979 ], [ 16.43518083, 48.18516596 ], [ 16.43621311, 48.18488367 ], [ 16.43727801, 48.18456887 ], [ 16.43834143, 48.18426576 ], [ 16.44031779, 48.18367843 ], [ 16.4442485, 48.18252213 ], [ 16.44585129, 48.18205746 ], [ 16.44738057, 48.18160201 ], [ 16.44843934, 48.18128667 ], [ 16.45139681, 48.18043801 ], [ 16.45105498, 48.1807998 ], [ 16.45081579, 48.18107225 ] ] ] } },
{ "type": "Feature", "properties": { "LEV1": "Grünlandnutzung", "LEV2": "Gewässer", "LEV3": "Gewässer inkl. Bachbett", "FLAECHE": 3667.02937746 }, "geometry": { "type": "Polygon", "coordinates": [ [ [ 16.43222939, 48.20686423 ], [ 16.43219082, 48.20689267 ], [ 16.43083079, 48.20789523 ], [ 16.43058045, 48.20773664 ], [ 16.43192217, 48.20679134 ], [ 16.43196308, 48.20676251 ], [ 16.43198848, 48.20674425 ], [ 16.43222939, 48.20686423 ] ] ] } },
{ "type": "Feature", "properties": { "LEV1": "Grünlandnutzung", "LEV2": "Gewässer", "LEV3": "Gewässer inkl. Bachbett", "FLAECHE": 1742.1687821 }, "geometry": { "type": "Polygon", "coordinates": [ [ [ 16.4797539, 48.17129045 ], [ 16.47941137, 48.17141295 ], [ 16.47906109, 48.17103542 ], [ 16.47952238, 48.17084572 ], [ 16.4797539, 48.17129045 ] ] ] } },
{ "type": "Feature", "properties": { "LEV1": "Grünlandnutzung", "LEV2": "Gewässer", "LEV3": "Gewässer inkl. Bachbett", "FLAECHE": 33958.542334110003 }, "geometry": { "type": "Polygon", "coordinates": [ [ [ 16.43709762, 48.20004341 ], [ 16.43690737, 48.20055134 ], [ 16.43687263, 48.20055208 ], [ 16.43676703, 48.2005335 ], [ 16.43676573, 48.20049042 ], [ 16.43672335, 48.20048812 ], [ 16.43672597, 48.20051914 ], [ 16.43669676, 48.20054876 ], [ 16.43623877, 48.20047334 ], [ 16.43585993, 48.20032376 ], [ 16.43544165, 48.20023077 ], [ 16.43527433, 48.20017713 ], [ 16.4349533, 48.20007438 ], [ 16.43490588, 48.20005164 ], [ 16.43461533, 48.19991231 ], [ 16.43420504, 48.19977084 ], [ 16.43382658, 48.19960622 ], [ 16.4335019, 48.19941998 ], [ 16.43272784, 48.19904894 ], [ 16.43241457, 48.19892321 ], [ 16.43172215, 48.19853942 ], [ 16.43114191, 48.19813907 ], [ 16.4307759, 48.19793172 ], [ 16.43049845, 48.19788941 ], [ 16.4301524, 48.19777665 ], [ 16.42998343, 48.19754503 ], [ 16.43049168, 48.19728084 ], [ 16.43078708, 48.19742458 ], [ 16.43096251, 48.19758236 ], [ 16.43133647, 48.19780616 ], [ 16.43367618, 48.19889265 ], [ 16.43403698, 48.19904685 ], [ 16.43433716, 48.19914911 ], [ 16.43475601, 48.19926728 ], [ 16.43515343, 48.19942693 ], [ 16.43552343, 48.19960234 ], [ 16.43575439, 48.19966249 ], [ 16.4362221, 48.19986002 ], [ 16.43689503, 48.20001843 ], [ 16.43709762, 48.20004341 ] ] ] } },
{ "type": "Feature", "properties": { "LEV1": "Grünlandnutzung", "LEV2": "Gewässer", "LEV3": "Gewässer inkl. Bachbett", "FLAECHE": 15571.58310948 }, "geometry": { "type": "Polygon", "coordinates": [ [ [ 16.40553154, 48.20210892 ], [ 16.40542341, 48.20213407 ], [ 16.40531137, 48.20214709 ], [ 16.40507356, 48.20217898 ], [ 16.40499798, 48.20219611 ], [ 16.40431439, 48.20236155 ], [ 16.40345361, 48.20251917 ], [ 16.40249167, 48.20268367 ], [ 16.40232636, 48.20268886 ], [ 16.40212105, 48.20216692 ], [ 16.40243027, 48.20211623 ], [ 16.40248339, 48.20210613 ], [ 16.40253665, 48.20209603 ], [ 16.40258978, 48.20208584 ], [ 16.4026429, 48.20207564 ], [ 16.40269603, 48.20206545 ], [ 16.40274915, 48.20205517 ], [ 16.40280214, 48.20204488 ], [ 16.40285527, 48.2020346 ], [ 16.40289199, 48.20202738 ], [ 16.40290086, 48.20202567 ], [ 16.40290826, 48.20202423 ], [ 16.40296139, 48.20201385 ], [ 16.40301438, 48.20200339 ], [ 16.40306737, 48.20199293 ], [ 16.40312036, 48.20198247 ], [ 16.40317335, 48.20197191 ], [ 16.40322634, 48.20196136 ], [ 16.40327933, 48.20195072 ], [ 16.40333218, 48.20194007 ], [ 16.40338517, 48.20192943 ], [ 16.40343803, 48.2019187 ], [ 16.40349088, 48.20190796 ], [ 16.40354374, 48.20189723 ], [ 16.4035966, 48.20188641 ], [ 16.40364945, 48.20187559 ], [ 16.40370231, 48.20186467 ], [ 16.40375516, 48.20185376 ], [ 16.40380788, 48.20184285 ], [ 16.40385562, 48.20183292 ], [ 16.40385946, 48.20183212 ], [ 16.40391346, 48.20182084 ], [ 16.40396618, 48.20180984 ], [ 16.4040189, 48.20179875 ], [ 16.40407162, 48.20178765 ], [ 16.40412434, 48.20177647 ], [ 16.40417706, 48.20176529 ], [ 16.40422964, 48.2017541 ], [ 16.40428236, 48.20174283 ], [ 16.40433495, 48.20173156 ], [ 16.40438753, 48.2017202 ], [ 16.40444025, 48.20170892 ], [ 16.40449284, 48.20169747 ], [ 16.40454529, 48.20168611 ], [ 16.40459787, 48.20167466 ], [ 16.40465046, 48.20166311 ], [ 16.40470291, 48.20165166 ], [ 16.40475549, 48.20164012 ], [ 16.40480794, 48.20162849 ], [ 16.40482421, 48.20162461 ], [ 16.40484049, 48.20162073 ], [ 16.40485676, 48.20161676 ], [ 16.40487303, 48.20161271 ], [ 16.4048893, 48.20160874 ], [ 16.40490544, 48.20160468 ], [ 16.40492172, 48.20160063 ], [ 16.40493785, 48.20159648 ], [ 16.40495399, 48.20159233 ], [ 16.40497013, 48.20158819 ], [ 16.40498627, 48.20158395 ], [ 16.4050024, 48.20157972 ], [ 16.40501841, 48.20157539 ], [ 16.40502849, 48.20157268 ], [ 16.40503303, 48.20157147 ], [ 16.40505055, 48.20156674 ], [ 16.40506655, 48.20156232 ], [ 16.40508255, 48.2015579 ], [ 16.40509855, 48.20155349 ], [ 16.40511442, 48.20154898 ], [ 16.40513043, 48.20154448 ], [ 16.40514629, 48.20153988 ], [ 16.40553154, 48.20210892 ] ] ] } },
{ "type": "Feature", "properties": { "LEV1": "Grünlandnutzung", "LEV2": "Gewässer", "LEV3": "Gewässer inkl. Bachbett", "FLAECHE": 5309.9608619199998 }, "geometry": { "type": "Polygon", "coordinates": [ [ [ 16.41751796, 48.20266686 ], [ 16.41781581, 48.20275153 ], [ 16.41816353, 48.20213862 ], [ 16.41877059, 48.20200722 ], [ 16.41898267, 48.20213072 ], [ 16.41832092, 48.20289394 ], [ 16.41808655, 48.20304643 ], [ 16.41793264, 48.20304429 ], [ 16.41782091, 48.20281785 ], [ 16.41748621, 48.20272422 ], [ 16.41751796, 48.20266686 ] ] ] } },
{ "type": "Feature", "properties": { "LEV1": "Grünlandnutzung", "LEV2": "Gewässer", "LEV3": "Gewässer inkl. Bachbett", "FLAECHE": 10139.80909907 }, "geometry": { "type": "Polygon", "coordinates": [ [ [ 16.37233013, 48.2178498 ], [ 16.37058622, 48.21883185 ], [ 16.3701516, 48.21849464 ], [ 16.37016357, 48.21848718 ], [ 16.37017554, 48.21847971 ], [ 16.37018738, 48.21847215 ], [ 16.37019922, 48.21846459 ], [ 16.37021106, 48.21845704 ], [ 16.37022276, 48.21844948 ], [ 16.3702346, 48.21844183 ], [ 16.3702463, 48.21843418 ], [ 16.37025787, 48.21842653 ], [ 16.37026957, 48.2184188 ], [ 16.37028114, 48.21841106 ], [ 16.37029257, 48.21840332 ], [ 16.37030414, 48.21839549 ], [ 16.37031557, 48.21838776 ], [ 16.37032701, 48.21837993 ], [ 16.37033844, 48.21837201 ], [ 16.37034974, 48.21836418 ], [ 16.37035951, 48.21835737 ], [ 16.37037234, 48.21834835 ], [ 16.37038363, 48.21834034 ], [ 16.3703948, 48.21833233 ], [ 16.37040368, 48.21832595 ], [ 16.37041366, 48.21831875 ], [ 16.37042816, 48.21830831 ], [ 16.37043918, 48.21830022 ], [ 16.37045008, 48.21829212 ], [ 16.37046111, 48.21828393 ], [ 16.37047218, 48.21827564 ], [ 16.3704829, 48.21826765 ], [ 16.37049366, 48.21825946 ], [ 16.37050442, 48.21825118 ], [ 16.37051518, 48.218243 ], [ 16.37052594, 48.21823472 ], [ 16.37053656, 48.21822635 ], [ 16.37054719, 48.21821808 ], [ 16.37055782, 48.21820971 ], [ 16.37056831, 48.21820134 ], [ 16.3705788, 48.21819298 ], [ 16.37058929, 48.21818452 ], [ 16.37059964, 48.21817606 ], [ 16.37061, 48.21816761 ], [ 16.37062036, 48.21815915 ], [ 16.37065492, 48.21813252 ], [ 16.37067631, 48.21811605 ], [ 16.37084013, 48.21798965 ], [ 16.37125492, 48.21766496 ], [ 16.37135216, 48.21758885 ], [ 16.3714182, 48.21754224 ], [ 16.37158781, 48.21742258 ], [ 16.37163688, 48.21738798 ], [ 16.37233013, 48.2178498 ] ] ] } },
{ "type": "Feature", "properties": { "LEV1": "Grünlandnutzung", "LEV2": "Gewässer", "LEV3": "Gewässer inkl. Bachbett", "FLAECHE": 25364.534203989999 }, "geometry": { "type": "Polygon", "coordinates": [ [ [ 16.39688926, 48.20605644 ], [ 16.39755045, 48.20610789 ], [ 16.39755429, 48.20617327 ], [ 16.39756281, 48.20621131 ], [ 16.39760799, 48.20629708 ], [ 16.39762879, 48.20636937 ], [ 16.39763358, 48.20643862 ], [ 16.39750347, 48.20721903 ], [ 16.39739372, 48.20780724 ], [ 16.3973442, 48.20802661 ], [ 16.39729261, 48.20820858 ], [ 16.39723227, 48.20838029 ], [ 16.39712601, 48.20862838 ], [ 16.39699337, 48.20887396 ], [ 16.39672193, 48.2093967 ], [ 16.39655252, 48.20972594 ], [ 16.39573166, 48.20959334 ], [ 16.39574008, 48.20957951 ], [ 16.39575029, 48.2095626 ], [ 16.39576049, 48.20954559 ], [ 16.3957707, 48.20952859 ], [ 16.39578077, 48.20951159 ], [ 16.39579084, 48.20949459 ], [ 16.39580078, 48.20947758 ], [ 16.39580615, 48.2094685 ], [ 16.39581072, 48.20946049 ], [ 16.39581407, 48.20945473 ], [ 16.39582065, 48.20944349 ], [ 16.39583046, 48.2094264 ], [ 16.39584026, 48.2094093 ], [ 16.39585006, 48.20939221 ], [ 16.39585973, 48.20937512 ], [ 16.39586939, 48.20935794 ], [ 16.39587906, 48.20934085 ], [ 16.3958886, 48.20932366 ], [ 16.39589397, 48.20931404 ], [ 16.39589873, 48.20930545 ], [ 16.39590753, 48.20928939 ], [ 16.39591692, 48.20927221 ], [ 16.39592632, 48.20925503 ], [ 16.39593559, 48.20923775 ], [ 16.39594485, 48.20922057 ], [ 16.39595398, 48.2092033 ], [ 16.39596324, 48.20918612 ], [ 16.39597224, 48.20916885 ], [ 16.39597734, 48.20915913 ], [ 16.39598137, 48.20915157 ], [ 16.39599036, 48.2091343 ], [ 16.39599922, 48.20911694 ], [ 16.39600822, 48.20909967 ], [ 16.39601708, 48.2090824 ], [ 16.3960258, 48.20906504 ], [ 16.39603453, 48.20904768 ], [ 16.39604325, 48.20903031 ], [ 16.39605198, 48.20901295 ], [ 16.39605506, 48.20900666 ], [ 16.39606057, 48.20899559 ], [ 16.39606902, 48.20897823 ], [ 16.39607748, 48.20896087 ], [ 16.39608594, 48.20894342 ], [ 16.39609439, 48.20892606 ], [ 16.39610271, 48.2089086 ], [ 16.39610795, 48.20889682 ], [ 16.39611104, 48.20889115 ], [ 16.39611922, 48.2088737 ], [ 16.39612741, 48.20885625 ], [ 16.3961313, 48.20884789 ], [ 16.39613409, 48.20884197 ], [ 16.39614365, 48.20882126 ], [ 16.3961517, 48.20880381 ], [ 16.39615962, 48.20878627 ], [ 16.39616754, 48.20876882 ], [ 16.39617545, 48.20875128 ], [ 16.39618324, 48.20873373 ], [ 16.39619102, 48.20871619 ], [ 16.3961988, 48.20869865 ], [ 16.39620239, 48.20869029 ], [ 16.39620645, 48.20868102 ], [ 16.3962141, 48.20866348 ], [ 16.39622161, 48.20864594 ], [ 16.39622913, 48.20862831 ], [ 16.39623664, 48.20861068 ], [ 16.39624402, 48.20859314 ], [ 16.3962514, 48.20857551 ], [ 16.39625865, 48.20855788 ], [ 16.39626603, 48.20854025 ], [ 16.39626804, 48.20853512 ], [ 16.39627059, 48.20852873 ], [ 16.39627314, 48.20852253 ], [ 16.39628038, 48.2085049 ], [ 16.39628749, 48.20848727 ], [ 16.39629447, 48.20846955 ], [ 16.39630144, 48.20845183 ], [ 16.39630842, 48.20843419 ], [ 16.39631539, 48.20841647 ], [ 16.39632223, 48.20839875 ], [ 16.39632894, 48.20838103 ], [ 16.39633162, 48.20837411 ], [ 16.39633578, 48.20836331 ], [ 16.39634235, 48.2083455 ], [ 16.39634906, 48.20832778 ], [ 16.39635563, 48.20831006 ], [ 16.3963622, 48.20829225 ], [ 16.39636864, 48.20827444 ], [ 16.39637508, 48.20825672 ], [ 16.39638152, 48.20823891 ], [ 16.39638795, 48.20822061 ], [ 16.39639144, 48.20821058 ], [ 16.39639412, 48.20820329 ], [ 16.39640029, 48.20818548 ], [ 16.39640646, 48.20816767 ], [ 16.39641262, 48.20814977 ], [ 16.39641866, 48.20813196 ], [ 16.39642469, 48.20811416 ], [ 16.39643059, 48.20809626 ], [ 16.39643649, 48.20807836 ], [ 16.39644239, 48.20806055 ], [ 16.39644815, 48.20804265 ], [ 16.39645392, 48.20802475 ], [ 16.39645968, 48.20800685 ], [ 16.39646531, 48.20798895 ], [ 16.39647094, 48.20797105 ], [ 16.39647644, 48.20795315 ], [ 16.39648193, 48.20793516 ], [ 16.39648729, 48.20791726 ], [ 16.39649279, 48.20789936 ], [ 16.3964944, 48.20789387 ], [ 16.39649801, 48.20788137 ], [ 16.39650337, 48.20786347 ], [ 16.3965086, 48.20784548 ], [ 16.39651369, 48.20782749 ], [ 16.39651892, 48.20780951 ], [ 16.39652401, 48.20779152 ], [ 16.39652897, 48.20777353 ], [ 16.39653392, 48.20775554 ], [ 16.39653821, 48.20773984 ], [ 16.39654076, 48.20773017 ], [ 16.3965437, 48.20771956 ], [ 16.39654853, 48.20770157 ], [ 16.39655321, 48.20768349 ], [ 16.3965579, 48.2076655 ], [ 16.39656259, 48.20764751 ], [ 16.39656714, 48.20762944 ], [ 16.3965717, 48.20761136 ], [ 16.39657625, 48.20759337 ], [ 16.39658067, 48.20757529 ], [ 16.39661677, 48.20738659 ], [ 16.39677563, 48.20655706 ], [ 16.39688926, 48.20605644 ] ] ] } },
{ "type": "Feature", "properties": { "LEV1": "Grünlandnutzung", "LEV2": "Gewässer", "LEV3": "Gewässer inkl. Bachbett", "FLAECHE": 165667.26655937001 }, "geometry": { "type": "Polygon", "coordinates": [ [ [ 16.46301005, 48.18277622 ], [ 16.46294224, 48.18273881 ], [ 16.46250717, 48.18306052 ], [ 16.46151583, 48.18255397 ], [ 16.46377651, 48.18069617 ], [ 16.4643455, 48.1802278 ], [ 16.46446169, 48.1802819 ], [ 16.46517076, 48.17969358 ], [ 16.46532359, 48.17977641 ], [ 16.46559277, 48.17955299 ], [ 16.46544345, 48.17947536 ], [ 16.46614256, 48.17889127 ], [ 16.46654915, 48.17855716 ], [ 16.46691411, 48.17830044 ], [ 16.47071289, 48.17587632 ], [ 16.4710129, 48.17573424 ], [ 16.47087911, 48.17552683 ], [ 16.47168487, 48.17530258 ], [ 16.47163612, 48.17522466 ], [ 16.47260984, 48.17485911 ], [ 16.47424233, 48.17422799 ], [ 16.47581286, 48.17361715 ], [ 16.47628885, 48.17342772 ], [ 16.47732048, 48.17297328 ], [ 16.47735067, 48.1729513 ], [ 16.47737129, 48.17292025 ], [ 16.47736771, 48.17289004 ], [ 16.47735042, 48.17285984 ], [ 16.47732047, 48.17282435 ], [ 16.47787775, 48.17257159 ], [ 16.47868631, 48.17212407 ], [ 16.47896127, 48.17198316 ], [ 16.47918088, 48.17200286 ], [ 16.47920119, 48.17200409 ], [ 16.47921907, 48.17200335 ], [ 16.47924756, 48.17199891 ], [ 16.47927402, 48.17199015 ], [ 16.47933338, 48.17196561 ], [ 16.47932326, 48.17195465 ], [ 16.47935012, 48.17194356 ], [ 16.47936024, 48.17195452 ], [ 16.47942094, 48.17192935 ], [ 16.47943665, 48.17192196 ], [ 16.47945074, 48.17191313 ], [ 16.47946348, 48.17190223 ], [ 16.47947179, 48.17189242 ], [ 16.47947888, 48.1718808 ], [ 16.47951882, 48.17179644 ], [ 16.47977603, 48.1720773 ], [ 16.47968708, 48.17214612 ], [ 16.47966821, 48.17222483 ], [ 16.47964209, 48.17284 ], [ 16.4795859, 48.17298613 ], [ 16.47952624, 48.1730478 ], [ 16.47948719, 48.17307573 ], [ 16.47558012, 48.17475733 ], [ 16.4722072, 48.17615344 ], [ 16.47193431, 48.17627778 ], [ 16.46774293, 48.17907831 ], [ 16.46761897, 48.17918455 ], [ 16.46712181, 48.1787961 ], [ 16.46654458, 48.17915368 ], [ 16.46461978, 48.18127952 ], [ 16.46306668, 48.18270298 ], [ 16.46301005, 48.18277622 ] ] ] } },
{ "type": "Feature", "properties": { "LEV1": "Grünlandnutzung", "LEV2": "Gewässer", "LEV3": "Gewässer inkl. Bachbett", "FLAECHE": 60055.555289559998 }, "geometry": { "type": "Polygon", "coordinates": [ [ [ 16.4792147, 48.17148328 ], [ 16.4782022, 48.17189348 ], [ 16.47544861, 48.17312228 ], [ 16.47264115, 48.17420831 ], [ 16.46858969, 48.17578351 ], [ 16.46412855, 48.17718009 ], [ 16.46393036, 48.17675452 ], [ 16.4639387, 48.17675198 ], [ 16.46427916, 48.1766481 ], [ 16.46571263, 48.17621059 ], [ 16.46574972, 48.17620012 ], [ 16.4657868, 48.17618964 ], [ 16.46582375, 48.17617908 ], [ 16.46586084, 48.17616852 ], [ 16.46589779, 48.17615795 ], [ 16.46593474, 48.1761473 ], [ 16.46594873, 48.17614325 ], [ 16.46595973, 48.17614008 ], [ 16.46596454, 48.1761387 ], [ 16.46597169, 48.17613664 ], [ 16.46600864, 48.17612599 ], [ 16.46604559, 48.17611525 ], [ 16.46608254, 48.1761045 ], [ 16.46611935, 48.17609367 ], [ 16.46615617, 48.17608284 ], [ 16.46619298, 48.176072 ], [ 16.46621315, 48.17606607 ], [ 16.46622979, 48.17606117 ], [ 16.46626661, 48.17605025 ], [ 16.46630342, 48.17603923 ], [ 16.4663401, 48.17602831 ], [ 16.46637678, 48.1760173 ], [ 16.4664136, 48.17600619 ], [ 16.46645028, 48.17599518 ], [ 16.46648696, 48.17598408 ], [ 16.4665235, 48.17597288 ], [ 16.46656018, 48.17596178 ], [ 16.46659672, 48.1759505 ], [ 16.46663206, 48.17593966 ], [ 16.4666674, 48.17592883 ], [ 16.46670273, 48.17591791 ], [ 16.46673793, 48.1759069 ], [ 16.46677327, 48.17589598 ], [ 16.46680847, 48.17588496 ], [ 16.46684367, 48.17587395 ], [ 16.46687887, 48.17586285 ], [ 16.46691407, 48.17585175 ], [ 16.46695229, 48.17583965 ], [ 16.46695653, 48.1758383 ], [ 16.46698769, 48.17582837 ], [ 16.4670245, 48.17581664 ], [ 16.46706132, 48.17580491 ], [ 16.46709813, 48.17579308 ], [ 16.46713481, 48.17578126 ], [ 16.46717162, 48.17576944 ], [ 16.46720829, 48.17575752 ], [ 16.46724497, 48.17574561 ], [ 16.46728165, 48.17573361 ], [ 16.46731819, 48.1757217 ], [ 16.46735487, 48.1757096 ], [ 16.46739141, 48.1756976 ], [ 16.46742795, 48.17568551 ], [ 16.46744179, 48.1756809 ], [ 16.46745469, 48.1756766 ], [ 16.46746449, 48.17567341 ], [ 16.46750104, 48.17566123 ], [ 16.46753744, 48.17564905 ], [ 16.46757399, 48.17563687 ], [ 16.46761039, 48.17562459 ], [ 16.4676468, 48.17561232 ], [ 16.46768321, 48.17559996 ], [ 16.46769073, 48.17559743 ], [ 16.46771948, 48.17558769 ], [ 16.46775589, 48.17557523 ], [ 16.46779216, 48.17556287 ], [ 16.46782843, 48.17555042 ], [ 16.4678647, 48.17553797 ], [ 16.46790097, 48.17552543 ], [ 16.46793725, 48.17551288 ], [ 16.46797338, 48.17550034 ], [ 16.46800952, 48.1754878 ], [ 16.46804566, 48.17547517 ], [ 16.46806308, 48.17546901 ], [ 16.46808179, 48.17546244 ], [ 16.46811793, 48.17544981 ], [ 16.46815393, 48.175437 ], [ 16.46818993, 48.17542428 ], [ 16.46822594, 48.17541147 ], [ 16.46826194, 48.17539866 ], [ 16.46828658, 48.17538987 ], [ 16.46829794, 48.17538584 ], [ 16.46833394, 48.17537294 ], [ 16.46836981, 48.17536004 ], [ 16.46840568, 48.17534705 ], [ 16.46844154, 48.17533406 ], [ 16.46847741, 48.17532107 ], [ 16.46851314, 48.17530807 ], [ 16.46854901, 48.17529499 ], [ 16.46858474, 48.17528182 ], [ 16.46862047, 48.17526874 ], [ 16.46865621, 48.17525557 ], [ 16.4686918, 48.17524231 ], [ 16.46872753, 48.17522914 ], [ 16.46876313, 48.17521587 ], [ 16.46879873, 48.17520252 ], [ 16.46883433, 48.17518926 ], [ 16.46885191, 48.17518267 ], [ 16.46886992, 48.17517591 ], [ 16.46890539, 48.17516247 ], [ 16.46894085, 48.17514903 ], [ 16.46897631, 48.17513559 ], [ 16.46901177, 48.17512215 ], [ 16.46904723, 48.17510862 ], [ 16.46908256, 48.17509509 ], [ 16.46911802, 48.17508146 ], [ 16.46912904, 48.17507722 ], [ 16.46915335, 48.17506784 ], [ 16.46918868, 48.17505422 ], [ 16.46922387, 48.1750406 ], [ 16.4692592, 48.17502689 ], [ 16.46929439, 48.17501318 ], [ 16.46932958, 48.17499938 ], [ 16.46936477, 48.17498558 ], [ 16.47251101, 48.17377179 ], [ 16.47295326, 48.17360117 ], [ 16.47488413, 48.17284675 ], [ 16.47491113, 48.17283682 ], [ 16.47493812, 48.17282689 ], [ 16.47496512, 48.17281697 ], [ 16.47499199, 48.17280695 ], [ 16.47502086, 48.17279622 ], [ 16.47504988, 48.17278539 ], [ 16.47507875, 48.17277456 ], [ 16.47510763, 48.17276374 ], [ 16.47513638, 48.17275282 ], [ 16.47516525, 48.1727419 ], [ 16.47519528, 48.17273041 ], [ 16.47522274, 48.17271989 ], [ 16.47525148, 48.17270888 ], [ 16.47528009, 48.17269788 ], [ 16.47530883, 48.17268678 ], [ 16.47533744, 48.17267568 ], [ 16.47535528, 48.17266871 ], [ 16.47536605, 48.1726645 ], [ 16.47539466, 48.17265331 ], [ 16.47542313, 48.17264213 ], [ 16.47545174, 48.17263085 ], [ 16.47548021, 48.17261957 ], [ 16.47551096, 48.17260737 ], [ 16.47551819, 48.17260447 ], [ 16.47553716, 48.17259693 ], [ 16.47556549, 48.17258557 ], [ 16.47559397, 48.1725742 ], [ 16.47562231, 48.17256274 ], [ 16.47565064, 48.17255129 ], [ 16.47567898, 48.17253983 ], [ 16.47570719, 48.17252829 ], [ 16.47573552, 48.17251674 ], [ 16.47576373, 48.1725051 ], [ 16.47579193, 48.17249347 ], [ 16.47581328, 48.17248462 ], [ 16.47582053, 48.17248162 ], [ 16.4758482, 48.1724702 ], [ 16.47587627, 48.17245847 ], [ 16.47590434, 48.17244675 ], [ 16.47593241, 48.17243493 ], [ 16.47596047, 48.17242312 ], [ 16.47597202, 48.17241825 ], [ 16.47598841, 48.1724113 ], [ 16.47601634, 48.17239949 ], [ 16.47604427, 48.17238758 ], [ 16.47607221, 48.17237568 ], [ 16.47610014, 48.17236368 ], [ 16.47612559, 48.1723527 ], [ 16.47615574, 48.17233969 ], [ 16.47618354, 48.17232761 ], [ 16.47621134, 48.17231552 ], [ 16.476239, 48.17230344 ], [ 16.47626599, 48.17229156 ], [ 16.47627536, 48.17228744 ], [ 16.47629433, 48.17227909 ], [ 16.47632199, 48.17226691 ], [ 16.47634965, 48.17225474 ], [ 16.47637718, 48.17224247 ], [ 16.47640318, 48.17223081 ], [ 16.47641707, 48.17222462 ], [ 16.47643209, 48.17221792 ], [ 16.47645977, 48.1722055 ], [ 16.47648716, 48.17219315 ], [ 16.47651469, 48.1721807 ], [ 16.47654208, 48.17216826 ], [ 16.47656934, 48.17215581 ], [ 16.47659674, 48.17214328 ], [ 16.476624, 48.17213075 ], [ 16.47665126, 48.17211821 ], [ 16.47667851, 48.17210559 ], [ 16.47670577, 48.17209296 ], [ 16.4767329, 48.17208034 ], [ 16.47676002, 48.17206763 ], [ 16.47678715, 48.17205491 ], [ 16.47681427, 48.1720422 ], [ 16.47684139, 48.1720294 ], [ 16.47686973, 48.17201596 ], [ 16.47689537, 48.17200379 ], [ 16.47692236, 48.17199089 ], [ 16.47694922, 48.171978 ], [ 16.47697621, 48.17196511 ], [ 16.47700306, 48.17195212 ], [ 16.47702978, 48.17193923 ], [ 16.47705663, 48.17192616 ], [ 16.47708335, 48.17191318 ], [ 16.47711007, 48.1719001 ], [ 16.47713679, 48.17188703 ], [ 16.47716351, 48.17187387 ], [ 16.4783526, 48.17134154 ], [ 16.47875651, 48.17116071 ], [ 16.47881804, 48.17113539 ], [ 16.47887267, 48.1711129 ], [ 16.4792147, 48.17148328 ] ] ] } },
{ "type": "Feature", "properties": { "LEV1": "Grünlandnutzung", "LEV2": "Gewässer", "LEV3": "Gewässer inkl. Bachbett", "FLAECHE": 58967.575264500003 }, "geometry": { "type": "Polygon", "coordinates": [ [ [ 16.43703969, 48.20732634 ], [ 16.43699418, 48.20735826 ], [ 16.43603459, 48.20802999 ], [ 16.43520517, 48.20861095 ], [ 16.43212289, 48.20667562 ], [ 16.43250083, 48.20640029 ], [ 16.43282571, 48.20659553 ], [ 16.4330392, 48.20644228 ], [ 16.43439128, 48.20549982 ], [ 16.43594095, 48.20657686 ], [ 16.43703969, 48.20732634 ] ] ] } },
{ "type": "Feature", "properties": { "LEV1": "Grünlandnutzung", "LEV2": "Gewässer", "LEV3": "Gewässer inkl. Bachbett", "FLAECHE": 1569721.58250256 }, "geometry": { "type": "Polygon", "coordinates": [ [ [ 16.45978513, 48.19190039 ], [ 16.45644118, 48.1941064 ], [ 16.45565704, 48.19462367 ], [ 16.45106837, 48.19771485 ], [ 16.45105368, 48.19772474 ], [ 16.45015094, 48.19833277 ], [ 16.45012126, 48.19835276 ], [ 16.44998535, 48.19845344 ], [ 16.44987242, 48.19854475 ], [ 16.44983925, 48.19856771 ], [ 16.44975879, 48.19862328 ], [ 16.44927029, 48.1989611 ], [ 16.44794251, 48.19985929 ], [ 16.44629822, 48.20097676 ], [ 16.44474474, 48.20202813 ], [ 16.44471176, 48.20205046 ], [ 16.44212769, 48.20020762 ], [ 16.44259391, 48.19988639 ], [ 16.44307706, 48.19955348 ], [ 16.44459032, 48.19851074 ], [ 16.44487878, 48.19831196 ], [ 16.44636792, 48.19728578 ], [ 16.44722285, 48.19670363 ], [ 16.44730874, 48.19667261 ], [ 16.44733836, 48.19662177 ], [ 16.44742745, 48.19651557 ], [ 16.44758587, 48.19637836 ], [ 16.44779383, 48.19625441 ], [ 16.44780817, 48.19624125 ], [ 16.44788297, 48.19617257 ], [ 16.44793575, 48.19613268 ], [ 16.44801167, 48.19609726 ], [ 16.448292, 48.19602933 ], [ 16.44836861, 48.19601076 ], [ 16.448499, 48.1959759 ], [ 16.44865926, 48.19593304 ], [ 16.44895006, 48.19580461 ], [ 16.44922611, 48.19563625 ], [ 16.44972554, 48.19530135 ], [ 16.44999572, 48.19512018 ], [ 16.45030228, 48.19489813 ], [ 16.45070815, 48.19460416 ], [ 16.45073439, 48.19455116 ], [ 16.45072988, 48.19451879 ], [ 16.45069901, 48.19448645 ], [ 16.45093097, 48.19437167 ], [ 16.45096746, 48.19435362 ], [ 16.45102941, 48.194203 ], [ 16.45119106, 48.19395589 ], [ 16.45135368, 48.19381708 ], [ 16.45138451, 48.19379076 ], [ 16.45140665, 48.19378086 ], [ 16.45158244, 48.19370225 ], [ 16.45176298, 48.19365494 ], [ 16.45196546, 48.19361652 ], [ 16.45210635, 48.19358391 ], [ 16.45232538, 48.19351628 ], [ 16.45265631, 48.19333307 ], [ 16.45307184, 48.19305296 ], [ 16.45369384, 48.19254879 ], [ 16.45412925, 48.19211995 ], [ 16.45473587, 48.19162727 ], [ 16.45513213, 48.19135378 ], [ 16.45567205, 48.19097917 ], [ 16.45569842, 48.19096293 ], [ 16.45743246, 48.18980882 ], [ 16.45762799, 48.18967867 ], [ 16.45772543, 48.1896133 ], [ 16.45785065, 48.18953047 ], [ 16.45890613, 48.18883173 ], [ 16.4601674, 48.18799671 ], [ 16.46056055, 48.18773045 ], [ 16.46349166, 48.18578443 ], [ 16.46414802, 48.18532612 ], [ 16.46529279, 48.1844864 ], [ 16.46593333, 48.1840049 ], [ 16.46766574, 48.18265088 ], [ 16.46808917, 48.18231809 ], [ 16.46818615, 48.18231352 ], [ 16.46825724, 48.18231017 ], [ 16.46872272, 48.18196456 ], [ 16.46949724, 48.18142425 ], [ 16.46982466, 48.1812074 ], [ 16.47234923, 48.17955622 ], [ 16.47280962, 48.17954309 ], [ 16.47491748, 48.17815645 ], [ 16.47576991, 48.17759051 ], [ 16.48067404, 48.17433424 ], [ 16.48098087, 48.17412342 ], [ 16.48113011, 48.17402087 ], [ 16.48113776, 48.17401557 ], [ 16.48210509, 48.17334514 ], [ 16.48219126, 48.17326858 ], [ 16.48261849, 48.17288779 ], [ 16.48315222, 48.17216368 ], [ 16.48322806, 48.17187302 ], [ 16.4870937, 48.17023518 ], [ 16.4871396, 48.17021389 ], [ 16.49068054, 48.1685716 ], [ 16.49089565, 48.16844109 ], [ 16.49127401, 48.16827798 ], [ 16.49145874, 48.16819059 ], [ 16.49165765, 48.16808177 ], [ 16.49268983, 48.16749113 ], [ 16.49421327, 48.16661427 ], [ 16.49474684, 48.16630848 ], [ 16.49502996, 48.16613317 ], [ 16.49521359, 48.16599945 ], [ 16.49536044, 48.16588611 ], [ 16.49588922, 48.16551243 ], [ 16.49707355, 48.16627423 ], [ 16.49791627, 48.16681902 ], [ 16.49847317, 48.16717904 ], [ 16.49840447, 48.16722078 ], [ 16.49662452, 48.16830247 ], [ 16.4964572, 48.16840415 ], [ 16.49546521, 48.16898362 ], [ 16.49445195, 48.16955852 ], [ 16.49423465, 48.16968881 ], [ 16.49346171, 48.17015218 ], [ 16.49317312, 48.17031992 ], [ 16.49246119, 48.17073388 ], [ 16.49179344, 48.17114739 ], [ 16.49150746, 48.1713245 ], [ 16.49089902, 48.1717126 ], [ 16.49049405, 48.17197086 ], [ 16.48972782, 48.17244666 ], [ 16.48950432, 48.17258544 ], [ 16.48947372, 48.1726043 ], [ 16.48851227, 48.17319704 ], [ 16.48793385, 48.17354964 ], [ 16.48752004, 48.17380189 ], [ 16.48694505, 48.17416181 ], [ 16.48652891, 48.17442229 ], [ 16.48553681, 48.17504331 ], [ 16.48457684, 48.17566806 ], [ 16.48431538, 48.17583063 ], [ 16.48378697, 48.17615929 ], [ 16.48358979, 48.17628195 ], [ 16.48340552, 48.17640153 ], [ 16.48283741, 48.17676866 ], [ 16.48281165, 48.17674953 ], [ 16.48125222, 48.17554198 ], [ 16.48166261, 48.17527884 ], [ 16.4818207, 48.17517748 ], [ 16.48228647, 48.17487882 ], [ 16.48212303, 48.17472333 ], [ 16.48251829, 48.17452807 ], [ 16.48261098, 48.17437225 ], [ 16.48336673, 48.17403657 ], [ 16.48366192, 48.17395919 ], [ 16.48399018, 48.1738351 ], [ 16.48421784, 48.17356194 ], [ 16.48413604, 48.17348928 ], [ 16.48387717, 48.17355058 ], [ 16.48384252, 48.17355878 ], [ 16.48365225, 48.17359541 ], [ 16.483478, 48.17352651 ], [ 16.483733, 48.17330061 ], [ 16.48373286, 48.17325332 ], [ 16.48362954, 48.17326073 ], [ 16.48353796, 48.17329364 ], [ 16.48182956, 48.17434683 ], [ 16.48172242, 48.17441745 ], [ 16.48162005, 48.17448493 ], [ 16.48144317, 48.17460153 ], [ 16.4780855, 48.17681468 ], [ 16.47548052, 48.17853152 ], [ 16.47478877, 48.17912254 ], [ 16.47440024, 48.17950269 ], [ 16.47423914, 48.17972631 ], [ 16.47432012, 48.17978045 ], [ 16.47446564, 48.17977297 ], [ 16.47489655, 48.17965722 ], [ 16.47521961, 48.17953065 ], [ 16.4755964, 48.17933908 ], [ 16.47572021, 48.17927767 ], [ 16.4756393, 48.17925612 ], [ 16.47552072, 48.17925627 ], [ 16.47549366, 48.1792237 ], [ 16.47542144, 48.17919343 ], [ 16.4754175, 48.17903774 ], [ 16.47573142, 48.17888167 ], [ 16.47594089, 48.17884235 ], [ 16.47614999, 48.17867066 ], [ 16.47634738, 48.17847594 ], [ 16.47658016, 48.17845233 ], [ 16.47669595, 48.17821836 ], [ 16.47850613, 48.17709641 ], [ 16.4792761, 48.17661915 ], [ 16.47954384, 48.17660308 ], [ 16.48009029, 48.17634553 ], [ 16.48018321, 48.17626756 ], [ 16.48170852, 48.17714333 ], [ 16.48177432, 48.17709406 ], [ 16.48202817, 48.17725865 ], [ 16.48205134, 48.1772739 ], [ 16.4820235, 48.17729335 ], [ 16.48164178, 48.17753792 ], [ 16.48066491, 48.17816652 ], [ 16.47968695, 48.17879475 ], [ 16.47870895, 48.1794228 ], [ 16.47805391, 48.17984342 ], [ 16.47406233, 48.1824785 ], [ 16.46805664, 48.18644245 ], [ 16.45978513, 48.19190039 ] ] ] } },
{ "type": "Feature", "properties": { "LEV1": "Grünlandnutzung", "LEV2": "Gewässer", "LEV3": "Gewässer inkl. Bachbett", "FLAECHE": 2636.2846187499999 }, "geometry": { "type": "Polygon", "coordinates": [ [ [ 16.40257538, 48.2104084 ], [ 16.40250362, 48.21057481 ], [ 16.40274629, 48.21072868 ], [ 16.40279418, 48.21093831 ], [ 16.40253506, 48.21106493 ], [ 16.4022831, 48.21100212 ], [ 16.40209854, 48.21082967 ], [ 16.40210114, 48.21065149 ], [ 16.40227496, 48.21042375 ], [ 16.40246186, 48.2103264 ], [ 16.40257538, 48.2104084 ] ] ] } },
{ "type": "Feature", "properties": { "LEV1": "Grünlandnutzung", "LEV2": "Gewässer", "LEV3": "Gewässer inkl. Bachbett", "FLAECHE": 67660.505438830005 }, "geometry": { "type": "Polygon", "coordinates": [ [ [ 16.48277609, 48.17157139 ], [ 16.48097678, 48.17230764 ], [ 16.4806687, 48.17214713 ], [ 16.48061231, 48.17203218 ], [ 16.48051826, 48.17195873 ], [ 16.48043109, 48.17192969 ], [ 16.48038221, 48.1719134 ], [ 16.48021711, 48.17191792 ], [ 16.48001021, 48.17153786 ], [ 16.48058162, 48.17134801 ], [ 16.48102921, 48.17120571 ], [ 16.48133195, 48.17110272 ], [ 16.48167323, 48.17097638 ], [ 16.48206094, 48.17082121 ], [ 16.48234699, 48.17070933 ], [ 16.4835097, 48.17024747 ], [ 16.48428445, 48.16994664 ], [ 16.48539296, 48.16953484 ], [ 16.48608906, 48.16928986 ], [ 16.48612022, 48.16932399 ], [ 16.48615941, 48.16934643 ], [ 16.48618751, 48.16934801 ], [ 16.48623038, 48.16934427 ], [ 16.48628723, 48.16933466 ], [ 16.48659501, 48.16925862 ], [ 16.48681994, 48.16921516 ], [ 16.48726808, 48.16913858 ], [ 16.48789621, 48.1690533 ], [ 16.48856014, 48.16898003 ], [ 16.48885689, 48.16894591 ], [ 16.48923959, 48.16888389 ], [ 16.48967671, 48.16881019 ], [ 16.4898941, 48.1687661 ], [ 16.49021016, 48.16867242 ], [ 16.49058249, 48.16855914 ], [ 16.49089565, 48.16844109 ], [ 16.49068054, 48.1685716 ], [ 16.4871396, 48.17021389 ], [ 16.4870937, 48.17023518 ], [ 16.48712097, 48.17018028 ], [ 16.4871266, 48.17012928 ], [ 16.48711902, 48.1700828 ], [ 16.48711188, 48.17006185 ], [ 16.48707725, 48.17003402 ], [ 16.48704492, 48.17001482 ], [ 16.48702165, 48.17000495 ], [ 16.48700973, 48.1699999 ], [ 16.48699754, 48.16999474 ], [ 16.48694695, 48.16998266 ], [ 16.48687057, 48.16997745 ], [ 16.48679933, 48.16998186 ], [ 16.4863454, 48.17005728 ], [ 16.48621545, 48.17007769 ], [ 16.48613352, 48.17010513 ], [ 16.48443294, 48.17080918 ], [ 16.48440251, 48.1708736 ], [ 16.48438363, 48.17091356 ], [ 16.48277609, 48.17157139 ] ] ] } },
{ "type": "Feature", "properties": { "LEV1": "Grünlandnutzung", "LEV2": "Gewässer", "LEV3": "Gewässer inkl. Bachbett", "FLAECHE": 14069.143165400001 }, "geometry": { "type": "Polygon", "coordinates": [ [ [ 16.38279448, 48.21171994 ], [ 16.38291451, 48.21218106 ], [ 16.38152154, 48.21211372 ], [ 16.38031531, 48.21217031 ], [ 16.37922526, 48.21230095 ], [ 16.37903803, 48.21189974 ], [ 16.37902616, 48.21187429 ], [ 16.3790419, 48.21187177 ], [ 16.37906531, 48.21186798 ], [ 16.37908859, 48.21186429 ], [ 16.379112, 48.21186068 ], [ 16.37913527, 48.21185699 ], [ 16.37915868, 48.21185347 ], [ 16.37918209, 48.21184986 ], [ 16.3792055, 48.21184635 ], [ 16.37922891, 48.21184283 ], [ 16.37925232, 48.2118394 ], [ 16.37927573, 48.21183598 ], [ 16.37929927, 48.21183264 ], [ 16.37932268, 48.21182922 ], [ 16.37934623, 48.21182597 ], [ 16.37936964, 48.21182263 ], [ 16.37939318, 48.21181939 ], [ 16.37941672, 48.21181623 ], [ 16.37944013, 48.21181307 ], [ 16.37946368, 48.21180992 ], [ 16.37948722, 48.21180676 ], [ 16.37951077, 48.21180369 ], [ 16.37953431, 48.21180072 ], [ 16.37955799, 48.21179765 ], [ 16.37958154, 48.21179476 ], [ 16.37960508, 48.21179179 ], [ 16.37962862, 48.2117889 ], [ 16.3796523, 48.21178601 ], [ 16.37967585, 48.21178322 ], [ 16.37969953, 48.21178042 ], [ 16.37972321, 48.21177771 ], [ 16.37974688, 48.21177501 ], [ 16.37977043, 48.2117723 ], [ 16.37979411, 48.21176968 ], [ 16.37981779, 48.21176707 ], [ 16.37984147, 48.21176445 ], [ 16.37986515, 48.21176192 ], [ 16.37988883, 48.21175939 ], [ 16.37991264, 48.21175696 ], [ 16.37993632, 48.21175452 ], [ 16.37996, 48.21175208 ], [ 16.37998368, 48.21174974 ], [ 16.38000749, 48.21174739 ], [ 16.38003117, 48.21174513 ], [ 16.38005499, 48.21174287 ], [ 16.3800788, 48.21174062 ], [ 16.38010004, 48.21173867 ], [ 16.38012629, 48.21173628 ], [ 16.38015011, 48.2117342 ], [ 16.38017036, 48.21173244 ], [ 16.3801976, 48.21173005 ], [ 16.38022142, 48.21172806 ], [ 16.38024523, 48.21172607 ], [ 16.38026904, 48.21172418 ], [ 16.38029286, 48.21172228 ], [ 16.38031667, 48.21172038 ], [ 16.38034062, 48.21171857 ], [ 16.38036444, 48.21171676 ], [ 16.38038825, 48.21171496 ], [ 16.38041207, 48.21171324 ], [ 16.38043601, 48.21171152 ], [ 16.38045983, 48.21170989 ], [ 16.38048364, 48.21170826 ], [ 16.38050759, 48.21170673 ], [ 16.38053141, 48.21170519 ], [ 16.38055536, 48.21170365 ], [ 16.38057917, 48.2117022 ], [ 16.38060312, 48.21170075 ], [ 16.38062707, 48.21169931 ], [ 16.38065088, 48.21169795 ], [ 16.38067483, 48.21169659 ], [ 16.38069878, 48.21169532 ], [ 16.3807226, 48.21169405 ], [ 16.38074655, 48.21169278 ], [ 16.3807705, 48.21169161 ], [ 16.38079445, 48.21169052 ], [ 16.3808184, 48.21168934 ], [ 16.38084235, 48.21168825 ], [ 16.3808663, 48.21168725 ], [ 16.38089025, 48.21168625 ], [ 16.38091419, 48.21168526 ], [ 16.38093814, 48.21168426 ], [ 16.38096209, 48.21168335 ], [ 16.38098604, 48.21168253 ], [ 16.38100999, 48.21168171 ], [ 16.38103394, 48.21168089 ], [ 16.38105789, 48.21168016 ], [ 16.38108184, 48.21167943 ], [ 16.38110579, 48.21167871 ], [ 16.38112974, 48.21167807 ], [ 16.38115369, 48.21167743 ], [ 16.38116876, 48.21167706 ], [ 16.38117778, 48.21167688 ], [ 16.38120173, 48.21167633 ], [ 16.38122568, 48.21167578 ], [ 16.38124963, 48.21167532 ], [ 16.38127371, 48.21167486 ], [ 16.38129766, 48.21167449 ], [ 16.38132161, 48.21167412 ], [ 16.38134556, 48.21167375 ], [ 16.38136965, 48.21167348 ], [ 16.3813936, 48.2116732 ], [ 16.38141755, 48.21167292 ], [ 16.3814415, 48.21167273 ], [ 16.38146558, 48.21167263 ], [ 16.38148953, 48.21167253 ], [ 16.38151348, 48.21167243 ], [ 16.38153757, 48.21167233 ], [ 16.38156152, 48.21167232 ], [ 16.38158547, 48.2116724 ], [ 16.38160956, 48.21167239 ], [ 16.38163351, 48.21167256 ], [ 16.38165746, 48.21167264 ], [ 16.38168141, 48.21167281 ], [ 16.38170549, 48.21167298 ], [ 16.38172944, 48.21167324 ], [ 16.38175339, 48.2116735 ], [ 16.38177748, 48.21167385 ], [ 16.38180143, 48.2116742 ], [ 16.38182538, 48.21167455 ], [ 16.38184933, 48.21167499 ], [ 16.38187342, 48.21167543 ], [ 16.38189737, 48.21167596 ], [ 16.38192132, 48.2116764 ], [ 16.38194527, 48.21167702 ], [ 16.38197079, 48.21167761 ], [ 16.38199331, 48.21167826 ], [ 16.38201726, 48.21167888 ], [ 16.38204121, 48.21167959 ], [ 16.38206516, 48.2116803 ], [ 16.38208911, 48.2116811 ], [ 16.38211306, 48.2116819 ], [ 16.38213701, 48.21168279 ], [ 16.38216097, 48.21168368 ], [ 16.38218492, 48.21168457 ], [ 16.38220887, 48.21168555 ], [ 16.38223282, 48.21168653 ], [ 16.38225677, 48.21168751 ], [ 16.38228072, 48.21168858 ], [ 16.38230467, 48.21168965 ], [ 16.38232863, 48.21169081 ], [ 16.38235258, 48.21169197 ], [ 16.38237639, 48.21169322 ], [ 16.38240035, 48.21169438 ], [ 16.3824243, 48.21169572 ], [ 16.38244825, 48.21169697 ], [ 16.38247207, 48.21169831 ], [ 16.38249602, 48.21169974 ], [ 16.38251984, 48.21170117 ], [ 16.38254379, 48.2117026 ], [ 16.38256774, 48.21170411 ], [ 16.38259156, 48.21170563 ], [ 16.38261699, 48.21170724 ], [ 16.38264229, 48.21170894 ], [ 16.38266772, 48.21171073 ], [ 16.38269302, 48.21171243 ], [ 16.38271845, 48.21171431 ], [ 16.38274375, 48.21171618 ], [ 16.38276918, 48.21171806 ], [ 16.38279448, 48.21171994 ] ] ] } },
{ "type": "Feature", "properties": { "LEV1": "Grünlandnutzung", "LEV2": "Gewässer", "LEV3": "Gewässer inkl. Bachbett", "FLAECHE": 11054.582805120001 }, "geometry": { "type": "Polygon", "coordinates": [ [ [ 16.40206771, 48.20217568 ], [ 16.40227381, 48.20269783 ], [ 16.40217627, 48.20273556 ], [ 16.40147444, 48.20285531 ], [ 16.40098392, 48.20294057 ], [ 16.40063287, 48.20300642 ], [ 16.40043409, 48.20304772 ], [ 16.40036816, 48.20306426 ], [ 16.40034869, 48.203068 ], [ 16.40024984, 48.20309477 ], [ 16.40014616, 48.20312864 ], [ 16.39966656, 48.20267455 ], [ 16.39967917, 48.20266997 ], [ 16.39969275, 48.20266502 ], [ 16.39970647, 48.20266006 ], [ 16.39972005, 48.2026552 ], [ 16.39973377, 48.20265034 ], [ 16.39974748, 48.20264556 ], [ 16.3997612, 48.2026407 ], [ 16.39977492, 48.20263602 ], [ 16.39978877, 48.20263124 ], [ 16.39980248, 48.20262656 ], [ 16.39981633, 48.20262187 ], [ 16.39983018, 48.20261728 ], [ 16.39984417, 48.20261268 ], [ 16.39985802, 48.20260809 ], [ 16.39987187, 48.20260359 ], [ 16.39988586, 48.20259908 ], [ 16.39989984, 48.20259467 ], [ 16.39991383, 48.20259016 ], [ 16.39992781, 48.20258575 ], [ 16.39994193, 48.20258142 ], [ 16.39995592, 48.2025771 ], [ 16.39997004, 48.20257277 ], [ 16.39998416, 48.20256854 ], [ 16.39999828, 48.20256431 ], [ 16.4000124, 48.20256007 ], [ 16.40002666, 48.20255593 ], [ 16.40004078, 48.20255178 ], [ 16.40005503, 48.20254764 ], [ 16.40006929, 48.20254358 ], [ 16.40008354, 48.20253953 ], [ 16.4000978, 48.20253556 ], [ 16.40011219, 48.2025316 ], [ 16.40012644, 48.20252763 ], [ 16.40014083, 48.20252376 ], [ 16.40015522, 48.20251988 ], [ 16.40016961, 48.20251601 ], [ 16.400184, 48.20251222 ], [ 16.40019839, 48.20250844 ], [ 16.40021278, 48.20250474 ], [ 16.40022731, 48.20250105 ], [ 16.4002417, 48.20249735 ], [ 16.40025622, 48.20249374 ], [ 16.40027074, 48.20249014 ], [ 16.40028527, 48.20248653 ], [ 16.40029993, 48.20248302 ], [ 16.40031445, 48.2024795 ], [ 16.40032911, 48.20247608 ], [ 16.40034364, 48.20247256 ], [ 16.4003583, 48.20246923 ], [ 16.40037296, 48.2024658 ], [ 16.40038762, 48.20246255 ], [ 16.40040228, 48.20245922 ], [ 16.40041694, 48.20245597 ], [ 16.40043173, 48.20245273 ], [ 16.40044639, 48.20244957 ], [ 16.40046118, 48.20244642 ], [ 16.40047598, 48.20244326 ], [ 16.40049077, 48.20244019 ], [ 16.40050557, 48.20243713 ], [ 16.40052036, 48.20243406 ], [ 16.40053516, 48.20243109 ], [ 16.40054995, 48.20242811 ], [ 16.40056488, 48.20242522 ], [ 16.40057981, 48.20242234 ], [ 16.4005946, 48.20241954 ], [ 16.40060953, 48.20241665 ], [ 16.40062446, 48.20241395 ], [ 16.40063939, 48.20241115 ], [ 16.40065432, 48.20240845 ], [ 16.40066925, 48.20240583 ], [ 16.40068431, 48.20240312 ], [ 16.40069924, 48.2024006 ], [ 16.40071431, 48.20239798 ], [ 16.40072924, 48.20239545 ], [ 16.4007443, 48.20239293 ], [ 16.40075936, 48.20239049 ], [ 16.40206771, 48.20217568 ] ] ] } },
{ "type": "Feature", "properties": { "LEV1": "Grünlandnutzung", "LEV2": "Gewässer", "LEV3": "Gewässer inkl. Bachbett", "FLAECHE": 24743.419909960001 }, "geometry": { "type": "Polygon", "coordinates": [ [ [ 16.374569, 48.21430224 ], [ 16.37517601, 48.21448864 ], [ 16.37366474, 48.21667971 ], [ 16.37338144, 48.2170005 ], [ 16.37299468, 48.21735622 ], [ 16.37275301, 48.21756098 ], [ 16.37233013, 48.2178498 ], [ 16.37163688, 48.21738798 ], [ 16.37240165, 48.21680027 ], [ 16.37244872, 48.21676212 ], [ 16.37264051, 48.21661682 ], [ 16.37314282, 48.21621062 ], [ 16.37315291, 48.21620189 ], [ 16.37316286, 48.21619307 ], [ 16.37317281, 48.21618426 ], [ 16.37318276, 48.21617544 ], [ 16.3731915, 48.21616752 ], [ 16.37320024, 48.21615961 ], [ 16.37320885, 48.21615169 ], [ 16.37321746, 48.21614368 ], [ 16.37322606, 48.21613568 ], [ 16.37323467, 48.21612767 ], [ 16.37324314, 48.21611966 ], [ 16.37325161, 48.21611166 ], [ 16.37325995, 48.21610356 ], [ 16.37326842, 48.21609546 ], [ 16.37327662, 48.21608737 ], [ 16.37328496, 48.21607927 ], [ 16.37329316, 48.21607108 ], [ 16.37330137, 48.21606299 ], [ 16.37330957, 48.2160548 ], [ 16.37331764, 48.21604652 ], [ 16.37332571, 48.21603834 ], [ 16.37333364, 48.21603006 ], [ 16.37334171, 48.21602187 ], [ 16.37334964, 48.21601351 ], [ 16.37335744, 48.21600523 ], [ 16.37336524, 48.21599695 ], [ 16.37337304, 48.21598859 ], [ 16.37338083, 48.21598022 ], [ 16.3733885, 48.21597186 ], [ 16.37339616, 48.21596349 ], [ 16.37340383, 48.21595503 ], [ 16.37341136, 48.21594658 ], [ 16.37341889, 48.21593812 ], [ 16.37342628, 48.21592967 ], [ 16.37343368, 48.21592121 ], [ 16.37344107, 48.21591266 ], [ 16.37344847, 48.21590412 ], [ 16.37345573, 48.21589557 ], [ 16.37346299, 48.21588703 ], [ 16.37347011, 48.21587848 ], [ 16.37347724, 48.21586984 ], [ 16.37348436, 48.2158613 ], [ 16.37349135, 48.21585266 ], [ 16.37349835, 48.21584403 ], [ 16.37350534, 48.2158353 ], [ 16.37351219, 48.21582667 ], [ 16.37352046, 48.21581619 ], [ 16.37352591, 48.21580921 ], [ 16.37353263, 48.21580049 ], [ 16.37353935, 48.21579176 ], [ 16.37354607, 48.21578304 ], [ 16.37355266, 48.21577422 ], [ 16.37355925, 48.21576541 ], [ 16.3735657, 48.21575659 ], [ 16.37357229, 48.21574778 ], [ 16.3735786, 48.21573896 ], [ 16.37358506, 48.21573006 ], [ 16.37359137, 48.21572124 ], [ 16.37359769, 48.21571233 ], [ 16.37360388, 48.21570343 ], [ 16.37361006, 48.21569452 ], [ 16.37361624, 48.21568553 ], [ 16.37362229, 48.21567662 ], [ 16.37370819, 48.21555186 ], [ 16.37374677, 48.21549591 ], [ 16.3741843, 48.21486057 ], [ 16.37437167, 48.21458838 ], [ 16.374569, 48.21430224 ] ] ] } },
{ "type": "Feature", "properties": { "LEV1": "Grünlandnutzung", "LEV2": "Gewässer", "LEV3": "Gewässer inkl. Bachbett", "FLAECHE": 24910.22064525 }, "geometry": { "type": "Polygon", "coordinates": [ [ [ 16.3686636, 48.21969396 ], [ 16.36870168, 48.21969134 ], [ 16.36901292, 48.21985637 ], [ 16.36928366, 48.22001511 ], [ 16.36914038, 48.22030401 ], [ 16.36915788, 48.22031066 ], [ 16.36916247, 48.22032442 ], [ 16.3690715, 48.22053929 ], [ 16.36901964, 48.22068302 ], [ 16.36881439, 48.22149346 ], [ 16.3687668, 48.221788 ], [ 16.36872419, 48.22207597 ], [ 16.36871201, 48.22239694 ], [ 16.36871221, 48.22334402 ], [ 16.36871008, 48.22338125 ], [ 16.36870242, 48.22339987 ], [ 16.36869785, 48.22340418 ], [ 16.36868897, 48.22340787 ], [ 16.36868304, 48.22340041 ], [ 16.36867321, 48.22339394 ], [ 16.36865854, 48.22338783 ], [ 16.36864238, 48.22338378 ], [ 16.36862543, 48.2233819 ], [ 16.36860793, 48.22338254 ], [ 16.36858949, 48.22338578 ], [ 16.36858803, 48.22340619 ], [ 16.36789221, 48.22339186 ], [ 16.36789207, 48.2233786 ], [ 16.36789207, 48.2233643 ], [ 16.36789192, 48.22334991 ], [ 16.36789164, 48.22333552 ], [ 16.36789141, 48.22332246 ], [ 16.36789109, 48.22330683 ], [ 16.36789074, 48.22329379 ], [ 16.36789058, 48.22328736 ], [ 16.3678904, 48.22327823 ], [ 16.36788985, 48.22326385 ], [ 16.36788876, 48.22324253 ], [ 16.36788763, 48.22322012 ], [ 16.36788672, 48.22319982 ], [ 16.36788576, 48.2231785 ], [ 16.36788535, 48.22316978 ], [ 16.3678848, 48.22315719 ], [ 16.36788398, 48.22313587 ], [ 16.36788316, 48.22311447 ], [ 16.36788248, 48.22309316 ], [ 16.36788179, 48.22307184 ], [ 16.3678811, 48.22305044 ], [ 16.36788055, 48.22302881 ], [ 16.36788014, 48.22300781 ], [ 16.36787958, 48.2229865 ], [ 16.36787917, 48.22296509 ], [ 16.36787889, 48.22294378 ], [ 16.36787847, 48.22292247 ], [ 16.36787832, 48.22290106 ], [ 16.36787804, 48.22287975 ], [ 16.36787789, 48.22285844 ], [ 16.36787788, 48.222839 ], [ 16.36787786, 48.22281572 ], [ 16.36787785, 48.22279315 ], [ 16.36787797, 48.222773 ], [ 16.36787809, 48.22275169 ], [ 16.36787813, 48.22274602 ], [ 16.36787817, 48.22273905 ], [ 16.36787822, 48.22273037 ], [ 16.36787847, 48.22270897 ], [ 16.36787873, 48.22268765 ], [ 16.36787912, 48.22266634 ], [ 16.36787938, 48.22265186 ], [ 16.36787951, 48.22264494 ], [ 16.36787976, 48.22263476 ], [ 16.36788003, 48.22262362 ], [ 16.36788054, 48.22260294 ], [ 16.3678811, 48.2225806 ], [ 16.36788119, 48.22257739 ], [ 16.36788182, 48.22255616 ], [ 16.36788201, 48.22254808 ], [ 16.3678824, 48.22253828 ], [ 16.36788306, 48.22251696 ], [ 16.36788333, 48.22251067 ], [ 16.36788386, 48.22249556 ], [ 16.36788454, 48.22247997 ], [ 16.36788479, 48.22247424 ], [ 16.36788519, 48.22246343 ], [ 16.36788558, 48.22245293 ], [ 16.36788651, 48.22243162 ], [ 16.36788757, 48.22241021 ], [ 16.36788864, 48.2223889 ], [ 16.3678889, 48.22238269 ], [ 16.36788923, 48.22237648 ], [ 16.36788968, 48.22236806 ], [ 16.3678909, 48.22234627 ], [ 16.36789216, 48.2223237 ], [ 16.36789329, 48.22230364 ], [ 16.36789463, 48.22228224 ], [ 16.36789609, 48.22226092 ], [ 16.36789743, 48.22223961 ], [ 16.36789811, 48.22223057 ], [ 16.36789903, 48.22221829 ], [ 16.36789984, 48.22220652 ], [ 16.3679005, 48.22219698 ], [ 16.3679021, 48.22217567 ], [ 16.3679037, 48.22215435 ], [ 16.36790541, 48.22213335 ], [ 16.36790601, 48.22212596 ], [ 16.36790717, 48.22211172 ], [ 16.36790911, 48.22208962 ], [ 16.36791091, 48.22206909 ], [ 16.36791282, 48.2220474 ], [ 16.36791349, 48.22204032 ], [ 16.36791479, 48.22202656 ], [ 16.3679168, 48.22200524 ], [ 16.36791819, 48.22199135 ], [ 16.36791894, 48.22198393 ], [ 16.36792094, 48.22196261 ], [ 16.36792281, 48.22194507 ], [ 16.36792322, 48.2219413 ], [ 16.36792549, 48.22192007 ], [ 16.36792775, 48.22189889 ], [ 16.36792876, 48.22188923 ], [ 16.36793004, 48.22187744 ], [ 16.36793245, 48.22185613 ], [ 16.36793499, 48.2218349 ], [ 16.3679374, 48.22181359 ], [ 16.36794008, 48.22179237 ], [ 16.36794262, 48.22177105 ], [ 16.36794423, 48.22175855 ], [ 16.3679453, 48.22174983 ], [ 16.36794709, 48.22173626 ], [ 16.36794812, 48.22172851 ], [ 16.36795025, 48.2217116 ], [ 16.36795067, 48.22170837 ], [ 16.36795361, 48.22168597 ], [ 16.36795655, 48.22166475 ], [ 16.36795923, 48.2216446 ], [ 16.36796206, 48.22162342 ], [ 16.36796459, 48.22160449 ], [ 16.36796741, 48.22158434 ], [ 16.36796868, 48.22157527 ], [ 16.36797022, 48.22156429 ], [ 16.36797317, 48.22154414 ], [ 16.36797516, 48.22153057 ], [ 16.36797612, 48.22152409 ], [ 16.36797906, 48.22150403 ], [ 16.36798207, 48.22148441 ], [ 16.36798497, 48.22146569 ], [ 16.36798861, 48.22144277 ], [ 16.36799166, 48.22142372 ], [ 16.36799488, 48.22140366 ], [ 16.36799823, 48.22138361 ], [ 16.36800159, 48.22136355 ], [ 16.3680036, 48.22135204 ], [ 16.36800507, 48.2213435 ], [ 16.36800856, 48.22132344 ], [ 16.36801153, 48.22130642 ], [ 16.36801567, 48.22128333 ], [ 16.36801929, 48.22126336 ], [ 16.36802304, 48.22124331 ], [ 16.36802681, 48.22122325 ], [ 16.3680275, 48.22121954 ], [ 16.36803056, 48.22120329 ], [ 16.36803445, 48.22118323 ], [ 16.36803632, 48.22117379 ], [ 16.36803834, 48.22116326 ], [ 16.36804236, 48.22114321 ], [ 16.36804518, 48.22112927 ], [ 16.36804639, 48.22112324 ], [ 16.36804807, 48.22111514 ], [ 16.36805055, 48.22110328 ], [ 16.36805444, 48.22108398 ], [ 16.36805886, 48.22106325 ], [ 16.36806302, 48.22104329 ], [ 16.36806732, 48.22102332 ], [ 16.36807175, 48.22100336 ], [ 16.36807336, 48.22099589 ], [ 16.36807604, 48.22098339 ], [ 16.3680806, 48.22096342 ], [ 16.36808503, 48.22094346 ], [ 16.3680896, 48.22092349 ], [ 16.36809079, 48.22091841 ], [ 16.36809408, 48.22090443 ], [ 16.36809699, 48.22089183 ], [ 16.36809768, 48.22088886 ], [ 16.36810342, 48.22086452 ], [ 16.36810664, 48.22085136 ], [ 16.36810831, 48.22084419 ], [ 16.36811432, 48.22081936 ], [ 16.36811859, 48.22080207 ], [ 16.36812356, 48.22078202 ], [ 16.36812554, 48.22077421 ], [ 16.36812866, 48.22076196 ], [ 16.36813362, 48.220742 ], [ 16.36813679, 48.22072986 ], [ 16.36813886, 48.22072194 ], [ 16.36814175, 48.22071058 ], [ 16.36814383, 48.22070242 ], [ 16.36814859, 48.2206843 ], [ 16.36815417, 48.22066339 ], [ 16.36815971, 48.22064281 ], [ 16.36816464, 48.22062445 ], [ 16.36816987, 48.22060502 ], [ 16.36817165, 48.22059874 ], [ 16.36817538, 48.2205855 ], [ 16.36818075, 48.22056608 ], [ 16.36818438, 48.22055312 ], [ 16.36818626, 48.22054656 ], [ 16.36819176, 48.22052713 ], [ 16.36819718, 48.22050804 ], [ 16.36820291, 48.22048819 ], [ 16.36820884, 48.22046782 ], [ 16.36821432, 48.22044933 ], [ 16.3682201, 48.22043 ], [ 16.36822286, 48.22042092 ], [ 16.36822601, 48.22041057 ], [ 16.36823179, 48.22039112 ], [ 16.3682362, 48.22037695 ], [ 16.36823782, 48.22037172 ], [ 16.36824373, 48.22035238 ], [ 16.36824978, 48.22033295 ], [ 16.3682522, 48.22032549 ], [ 16.36825475, 48.22031802 ], [ 16.36825562, 48.22031547 ], [ 16.36825748, 48.2203101 ], [ 16.36826021, 48.22030256 ], [ 16.36826267, 48.22029572 ], [ 16.36826606, 48.2202865 ], [ 16.36826818, 48.22028088 ], [ 16.368271, 48.2202735 ], [ 16.36827336, 48.22026734 ], [ 16.36827678, 48.22025866 ], [ 16.36827974, 48.22025129 ], [ 16.36828283, 48.220244 ], [ 16.36828592, 48.22023663 ], [ 16.36828901, 48.22022925 ], [ 16.36829223, 48.22022196 ], [ 16.36829546, 48.22021459 ], [ 16.36829912, 48.22020663 ], [ 16.36830218, 48.22020002 ], [ 16.36830554, 48.22019264 ], [ 16.36830784, 48.22018791 ], [ 16.36831253, 48.22017816 ], [ 16.36831585, 48.22017148 ], [ 16.36831965, 48.22016359 ], [ 16.36832308, 48.22015698 ], [ 16.36832624, 48.22015073 ], [ 16.36833137, 48.22014087 ], [ 16.36833471, 48.22013472 ], [ 16.36833847, 48.22012752 ], [ 16.3683425, 48.22012033 ], [ 16.36834725, 48.22011171 ], [ 16.36835043, 48.22010603 ], [ 16.36835447, 48.22009892 ], [ 16.36835863, 48.22009172 ], [ 16.3683628, 48.22008462 ], [ 16.36836697, 48.22007751 ], [ 16.36837127, 48.22007041 ], [ 16.36837557, 48.22006339 ], [ 16.36838095, 48.22005471 ], [ 16.36838431, 48.22004927 ], [ 16.36838778, 48.22004394 ], [ 16.36839209, 48.22003719 ], [ 16.36839789, 48.22002822 ], [ 16.36840206, 48.22002194 ], [ 16.36840717, 48.22001419 ], [ 16.36841264, 48.2200062 ], [ 16.36841671, 48.22000034 ], [ 16.36842132, 48.21999374 ], [ 16.36842639, 48.21998648 ], [ 16.36843123, 48.21997956 ], [ 16.3684358, 48.21997326 ], [ 16.36844118, 48.2199658 ], [ 16.36844629, 48.21995896 ], [ 16.36865338, 48.21970709 ], [ 16.3686636, 48.21969396 ] ] ] } },
{ "type": "Feature", "properties": { "LEV1": "Grünlandnutzung", "LEV2": "Gewässer", "LEV3": "Gewässer inkl. Bachbett", "FLAECHE": 12453.306175649999 }, "geometry": { "type": "Polygon", "coordinates": [ [ [ 16.38555966, 48.21211287 ], [ 16.38537114, 48.21266522 ], [ 16.38523789, 48.21261726 ], [ 16.38505658, 48.21255717 ], [ 16.38485725, 48.21249862 ], [ 16.38469547, 48.21245471 ], [ 16.38446344, 48.21239842 ], [ 16.38414032, 48.21233218 ], [ 16.3839223, 48.21229324 ], [ 16.38372407, 48.21226572 ], [ 16.38331122, 48.21222191 ], [ 16.38318863, 48.21176592 ], [ 16.38318471, 48.21175503 ], [ 16.38320894, 48.21175754 ], [ 16.38323329, 48.21176005 ], [ 16.38390908, 48.21182742 ], [ 16.38391581, 48.21182776 ], [ 16.38392523, 48.21182815 ], [ 16.383936, 48.21182845 ], [ 16.3839442, 48.21182858 ], [ 16.38395469, 48.21182863 ], [ 16.38396439, 48.21182855 ], [ 16.38397111, 48.21182843 ], [ 16.38398201, 48.21182813 ], [ 16.38399143, 48.21182772 ], [ 16.38399547, 48.21182752 ], [ 16.38400372, 48.21182706 ], [ 16.38400758, 48.21182682 ], [ 16.38401296, 48.21182646 ], [ 16.38401834, 48.211826 ], [ 16.38402228, 48.21182567 ], [ 16.384033, 48.21182469 ], [ 16.38404367, 48.21182355 ], [ 16.38405167, 48.2118226 ], [ 16.38406099, 48.2118214 ], [ 16.38406755, 48.2118205 ], [ 16.38407673, 48.21181915 ], [ 16.3840846, 48.21181784 ], [ 16.38409247, 48.21181653 ], [ 16.38409893, 48.21181532 ], [ 16.38410296, 48.21181455 ], [ 16.38410808, 48.21181356 ], [ 16.38411588, 48.21181203 ], [ 16.38412099, 48.2118109 ], [ 16.3841261, 48.21180977 ], [ 16.38413505, 48.21180769 ], [ 16.38414588, 48.21180504 ], [ 16.38415408, 48.21180293 ], [ 16.3841603, 48.21180124 ], [ 16.38416902, 48.21179878 ], [ 16.3841752, 48.21179698 ], [ 16.38418381, 48.21179437 ], [ 16.3841922, 48.21179166 ], [ 16.38419834, 48.2117896 ], [ 16.38420671, 48.21178676 ], [ 16.38421273, 48.21178465 ], [ 16.38421979, 48.21178199 ], [ 16.38422685, 48.21177934 ], [ 16.38423279, 48.21177697 ], [ 16.38424071, 48.21177375 ], [ 16.38424757, 48.21177083 ], [ 16.38425443, 48.2117679 ], [ 16.38426109, 48.21176484 ], [ 16.38426774, 48.21176178 ], [ 16.38427347, 48.211759 ], [ 16.38428402, 48.21175371 ], [ 16.38429148, 48.21174986 ], [ 16.38429787, 48.21174648 ], [ 16.38430405, 48.21174297 ], [ 16.38430816, 48.21174063 ], [ 16.38431226, 48.21173829 ], [ 16.38431831, 48.21173469 ], [ 16.38432429, 48.21173105 ], [ 16.38433111, 48.21172668 ], [ 16.38434077, 48.21172032 ], [ 16.38434739, 48.21171577 ], [ 16.38435378, 48.21171118 ], [ 16.38436103, 48.21170585 ], [ 16.38436813, 48.21170036 ], [ 16.38437593, 48.21169415 ], [ 16.38437923, 48.21169137 ], [ 16.38438198, 48.21168905 ], [ 16.38438917, 48.21168277 ], [ 16.38439556, 48.21167692 ], [ 16.38440019, 48.21167251 ], [ 16.38440406, 48.2116688 ], [ 16.38440965, 48.21166315 ], [ 16.38441512, 48.2116574 ], [ 16.38441864, 48.21165357 ], [ 16.38442493, 48.2116466 ], [ 16.38442811, 48.21164281 ], [ 16.38443017, 48.21164035 ], [ 16.38443487, 48.21163453 ], [ 16.38444085, 48.21162672 ], [ 16.38444502, 48.21162105 ], [ 16.38445006, 48.21161368 ], [ 16.38445508, 48.21160598 ], [ 16.38445788, 48.21160149 ], [ 16.38446249, 48.21159357 ], [ 16.38446584, 48.21158759 ], [ 16.3844686, 48.21158246 ], [ 16.38447155, 48.21157639 ], [ 16.38447444, 48.21157027 ], [ 16.38447598, 48.21156677 ], [ 16.38447789, 48.21156238 ], [ 16.38448041, 48.21155624 ], [ 16.38448333, 48.21154826 ], [ 16.38448515, 48.21154291 ], [ 16.38448712, 48.21153668 ], [ 16.38448846, 48.21153218 ], [ 16.38449082, 48.21152319 ], [ 16.38449228, 48.21151689 ], [ 16.38449297, 48.21151352 ], [ 16.38449392, 48.21150873 ], [ 16.38449503, 48.21150241 ], [ 16.38449613, 48.21149423 ], [ 16.38449673, 48.21148874 ], [ 16.38449736, 48.21148146 ], [ 16.38449769, 48.21147507 ], [ 16.38449796, 48.21146869 ], [ 16.38449795, 48.2114632 ], [ 16.38449781, 48.21145502 ], [ 16.38449754, 48.21144953 ], [ 16.38449719, 48.21144494 ], [ 16.38449656, 48.21143856 ], [ 16.38449628, 48.21143586 ], [ 16.38449577, 48.21143127 ], [ 16.38449509, 48.21142678 ], [ 16.38449367, 48.2114186 ], [ 16.38449126, 48.21141236 ], [ 16.38448403, 48.2113915 ], [ 16.38490083, 48.21135466 ], [ 16.38490032, 48.21138333 ], [ 16.38490063, 48.21139289 ], [ 16.38490123, 48.21140008 ], [ 16.38490246, 48.21140847 ], [ 16.38490332, 48.21141309 ], [ 16.38490466, 48.21141937 ], [ 16.38490541, 48.2114222 ], [ 16.38490615, 48.21142503 ], [ 16.38490807, 48.21143128 ], [ 16.38491122, 48.21144006 ], [ 16.38491449, 48.21144778 ], [ 16.38491702, 48.21145317 ], [ 16.38491981, 48.21145857 ], [ 16.38492204, 48.21146259 ], [ 16.38492598, 48.2114692 ], [ 16.38492887, 48.21147376 ], [ 16.38493375, 48.21148082 ], [ 16.38493762, 48.21148595 ], [ 16.38494439, 48.21149424 ], [ 16.38495126, 48.21150195 ], [ 16.38495948, 48.21151026 ], [ 16.38496692, 48.21151716 ], [ 16.38497213, 48.21152166 ], [ 16.38497923, 48.2115275 ], [ 16.38498651, 48.2115331 ], [ 16.38499275, 48.21153748 ], [ 16.38499829, 48.21154132 ], [ 16.3850625, 48.21176349 ], [ 16.38507663, 48.21181194 ], [ 16.3850797, 48.21181886 ], [ 16.38508213, 48.21182396 ], [ 16.38508509, 48.21182987 ], [ 16.38508728, 48.21183412 ], [ 16.38509142, 48.2118417 ], [ 16.3850949, 48.21184752 ], [ 16.38510004, 48.21185577 ], [ 16.38510329, 48.21186071 ], [ 16.38510777, 48.21186718 ], [ 16.38511359, 48.21187521 ], [ 16.38511854, 48.21188159 ], [ 16.38512174, 48.21188553 ], [ 16.38512633, 48.21189104 ], [ 16.38512969, 48.21189497 ], [ 16.38513318, 48.21189888 ], [ 16.38513887, 48.21190499 ], [ 16.38514396, 48.21191034 ], [ 16.38514925, 48.21191562 ], [ 16.3851539, 48.21192007 ], [ 16.38516187, 48.21192742 ], [ 16.38516834, 48.21193319 ], [ 16.38517336, 48.21193749 ], [ 16.38518506, 48.21194689 ], [ 16.38519262, 48.21195272 ], [ 16.38519989, 48.21195804 ], [ 16.38520739, 48.21196335 ], [ 16.3852121, 48.21196661 ], [ 16.3852178, 48.21197032 ], [ 16.38522368, 48.21197416 ], [ 16.3852287, 48.21197728 ], [ 16.38523566, 48.21198153 ], [ 16.38524085, 48.21198454 ], [ 16.38524805, 48.21198863 ], [ 16.3852554, 48.21199269 ], [ 16.38526272, 48.21199662 ], [ 16.38526703, 48.21199882 ], [ 16.38527134, 48.21200103 ], [ 16.38528116, 48.21200581 ], [ 16.38528668, 48.21200848 ], [ 16.38529348, 48.21201149 ], [ 16.38555966, 48.21211287 ] ] ] } },
{ "type": "Feature", "properties": { "LEV1": "Baulandnutzung", "LEV2": "Industrie- und Gewerbenutzung", "LEV3": "Industrie, produzierendes Gewerbe, Großhandel", "FLAECHE": 10019.696703129999 }, "geometry": { "type": "Polygon", "coordinates": [ [ [ 16.45503206, 48.19028969 ], [ 16.45287383, 48.19174869 ], [ 16.45254075, 48.19152283 ], [ 16.45233719, 48.19135836 ], [ 16.45310288, 48.19097194 ], [ 16.45304645, 48.19092843 ], [ 16.45346285, 48.19071358 ], [ 16.4535422, 48.19077251 ], [ 16.45432147, 48.19036084 ], [ 16.45473067, 48.19007705 ], [ 16.45503206, 48.19028969 ] ] ] } },
{ "type": "Feature", "properties": { "LEV1": "Baulandnutzung", "LEV2": "Industrie- und Gewerbenutzung", "LEV3": "Industrie, produzierendes Gewerbe, Großhandel", "FLAECHE": 9804.1550690399999 }, "geometry": { "type": "Polygon", "coordinates": [ [ [ 16.39075996, 48.23136738 ], [ 16.39021006, 48.231845 ], [ 16.39014393, 48.23180735 ], [ 16.3899483, 48.23198104 ], [ 16.38885655, 48.23140793 ], [ 16.38915767, 48.231144 ], [ 16.38959513, 48.23075819 ], [ 16.39028463, 48.23111786 ], [ 16.39075996, 48.23136738 ] ] ] } },
{ "type": "Feature", "properties": { "LEV1": "Baulandnutzung", "LEV2": "Industrie- und Gewerbenutzung", "LEV3": "Industrie, produzierendes Gewerbe, Großhandel", "FLAECHE": 7080.8342685799998 }, "geometry": { "type": "Polygon", "coordinates": [ [ [ 16.37931901, 48.22361841 ], [ 16.37967907, 48.22389456 ], [ 16.37927124, 48.22411054 ], [ 16.378966, 48.22427478 ], [ 16.37829875, 48.22414518 ], [ 16.37799398, 48.22389236 ], [ 16.37884441, 48.22341333 ], [ 16.37878261, 48.22336365 ], [ 16.37883521, 48.22333243 ], [ 16.37885958, 48.22335139 ], [ 16.37893303, 48.22331027 ], [ 16.37931901, 48.22361841 ] ] ] } },
{ "type": "Feature", "properties": { "LEV1": "Grünlandnutzung", "LEV2": "Landwirtschaft", "LEV3": "Gärtnerei, sonstige landwirtschaftliche Fläche", "FLAECHE": 43813.368545550002 }, "geometry": { "type": "Polygon", "coordinates": [ [ [ 16.43745626, 48.18753288 ], [ 16.43736699, 48.18758927 ], [ 16.43634163, 48.18823696 ], [ 16.43628222, 48.18825814 ], [ 16.43624939, 48.18825017 ], [ 16.4360443, 48.18804647 ], [ 16.43559078, 48.18755143 ], [ 16.43558303, 48.18754515 ], [ 16.43559223, 48.18753928 ], [ 16.43599478, 48.18732776 ], [ 16.43633038, 48.1871514 ], [ 16.4358926, 48.18675518 ], [ 16.43632392, 48.18651048 ], [ 16.4357785, 48.18587889 ], [ 16.43644251, 48.18568486 ], [ 16.43771817, 48.18531771 ], [ 16.43870731, 48.18505486 ], [ 16.43991541, 48.18473866 ], [ 16.44012515, 48.18469873 ], [ 16.44043994, 48.18517414 ], [ 16.43876351, 48.18563098 ], [ 16.43894679, 48.18593067 ], [ 16.43820837, 48.18613601 ], [ 16.43813521, 48.18604049 ], [ 16.43797956, 48.18583729 ], [ 16.43791058, 48.1858621 ], [ 16.4380857, 48.18607608 ], [ 16.43801107, 48.18612972 ], [ 16.43789022, 48.18622448 ], [ 16.43734854, 48.18664922 ], [ 16.43699618, 48.18683606 ], [ 16.43686166, 48.18690739 ], [ 16.43684931, 48.18692062 ], [ 16.43685416, 48.1869574 ], [ 16.43711496, 48.18721195 ], [ 16.43723785, 48.18732427 ], [ 16.43738766, 48.18746118 ], [ 16.43745626, 48.18753288 ] ] ] } },
{ "type": "Feature", "properties": { "LEV1": "Grünlandnutzung", "LEV2": "Landwirtschaft", "LEV3": "Gärtnerei, sonstige landwirtschaftliche Fläche", "FLAECHE": 21114.366708760001 }, "geometry": { "type": "Polygon", "coordinates": [ [ [ 16.44227919, 48.18413457 ], [ 16.44149626, 48.18421425 ], [ 16.44075228, 48.18432915 ], [ 16.44033971, 48.18440587 ], [ 16.44032363, 48.18436974 ], [ 16.44071909, 48.18427585 ], [ 16.44110751, 48.18416164 ], [ 16.44132337, 48.18410685 ], [ 16.44150135, 48.18407207 ], [ 16.44196538, 48.18395264 ], [ 16.44204393, 48.18407974 ], [ 16.44205129, 48.18409179 ], [ 16.44222138, 48.18407346 ], [ 16.44227457, 48.18398484 ], [ 16.44235881, 48.18387765 ], [ 16.44257995, 48.1838403 ], [ 16.44363194, 48.18355622 ], [ 16.44567448, 48.18295606 ], [ 16.44571858, 48.18295305 ], [ 16.44575374, 48.18295717 ], [ 16.44578522, 48.18296433 ], [ 16.44580011, 48.18296772 ], [ 16.44583215, 48.18298469 ], [ 16.44608992, 48.18322357 ], [ 16.44621611, 48.18331032 ], [ 16.44626347, 48.18338438 ], [ 16.44626347, 48.18344356 ], [ 16.44623873, 48.18350842 ], [ 16.446131, 48.18362886 ], [ 16.44607582, 48.18367514 ], [ 16.44596511, 48.18372336 ], [ 16.44584334, 48.18375315 ], [ 16.44580006, 48.18376094 ], [ 16.44572988, 48.18377358 ], [ 16.44564255, 48.18381009 ], [ 16.44562541, 48.1838234 ], [ 16.44559166, 48.18384962 ], [ 16.44556689, 48.18389775 ], [ 16.44556416, 48.18394407 ], [ 16.44528465, 48.18397761 ], [ 16.44348292, 48.18406448 ], [ 16.44227919, 48.18413457 ] ] ] } },
{ "type": "Feature", "properties": { "LEV1": "Grünlandnutzung", "LEV2": "Landwirtschaft", "LEV3": "Gärtnerei, sonstige landwirtschaftliche Fläche", "FLAECHE": 11625.701992959999 }, "geometry": { "type": "Polygon", "coordinates": [ [ [ 16.37831457, 48.22159333 ], [ 16.37904691, 48.222371 ], [ 16.37794652, 48.22263445 ], [ 16.37773721, 48.22275875 ], [ 16.37720752, 48.22230591 ], [ 16.37698955, 48.22218233 ], [ 16.37810295, 48.2213686 ], [ 16.37831457, 48.22159333 ] ] ] } },
{ "type": "Feature", "properties": { "LEV1": "Grünlandnutzung", "LEV2": "Landwirtschaft", "LEV3": "Gärtnerei, sonstige landwirtschaftliche Fläche", "FLAECHE": 27934.506851049999 }, "geometry": { "type": "Polygon", "coordinates": [ [ [ 16.43872306, 48.18685746 ], [ 16.43932046, 48.18741706 ], [ 16.43835625, 48.18840325 ], [ 16.43848399, 48.18851948 ], [ 16.4377239, 48.18930482 ], [ 16.43765331, 48.18937121 ], [ 16.43751731, 48.18949884 ], [ 16.43634963, 48.18834001 ], [ 16.43872306, 48.18685746 ] ] ] } },
{ "type": "Feature", "properties": { "LEV1": "Grünlandnutzung", "LEV2": "Landwirtschaft", "LEV3": "Gärtnerei, sonstige landwirtschaftliche Fläche", "FLAECHE": 15930.202668399999 }, "geometry": { "type": "Polygon", "coordinates": [ [ [ 16.37594225, 48.22267465 ], [ 16.3759814, 48.22270035 ], [ 16.37614797, 48.22280147 ], [ 16.37641831, 48.22260015 ], [ 16.37652603, 48.22266475 ], [ 16.37665919, 48.22257702 ], [ 16.37714616, 48.2229703 ], [ 16.37453542, 48.2242814 ], [ 16.37383772, 48.22428388 ], [ 16.37376749, 48.22424369 ], [ 16.37408988, 48.22401605 ], [ 16.37453795, 48.22371364 ], [ 16.37594225, 48.22267465 ] ] ] } },
{ "type": "Feature", "properties": { "LEV1": "Grünlandnutzung", "LEV2": "Landwirtschaft", "LEV3": "Gärtnerei, sonstige landwirtschaftliche Fläche", "FLAECHE": 5420.05920642 }, "geometry": { "type": "Polygon", "coordinates": [ [ [ 16.39430346, 48.21451824 ], [ 16.39533057, 48.21471114 ], [ 16.39534317, 48.21471484 ], [ 16.39460037, 48.21540707 ], [ 16.39405779, 48.21527327 ], [ 16.39413395, 48.21503042 ], [ 16.39430346, 48.21451824 ] ] ] } },
{ "type": "Feature", "properties": { "LEV1": "Grünlandnutzung", "LEV2": "Landwirtschaft", "LEV3": "Gärtnerei, sonstige landwirtschaftliche Fläche", "FLAECHE": 8338.6320281299995 }, "geometry": { "type": "Polygon", "coordinates": [ [ [ 16.3811124, 48.22452187 ], [ 16.38030137, 48.22501845 ], [ 16.37940319, 48.2243072 ], [ 16.38031557, 48.22383924 ], [ 16.3811124, 48.22452187 ] ] ] } },
{ "type": "Feature", "properties": { "LEV1": "Grünlandnutzung", "LEV2": "Landwirtschaft", "LEV3": "Gärtnerei, sonstige landwirtschaftliche Fläche", "FLAECHE": 17395.98877751 }, "geometry": { "type": "Polygon", "coordinates": [ [ [ 16.39551987, 48.21286215 ], [ 16.39677036, 48.21340226 ], [ 16.39678142, 48.21340738 ], [ 16.39556994, 48.21451345 ], [ 16.39555594, 48.21451093 ], [ 16.39438435, 48.21429984 ], [ 16.39434078, 48.21429338 ], [ 16.39472549, 48.21373424 ], [ 16.39482053, 48.21359611 ], [ 16.39502317, 48.21330158 ], [ 16.39511552, 48.21333245 ], [ 16.39551987, 48.21286215 ] ] ] } },
{ "type": "Feature", "properties": { "LEV1": "Grünlandnutzung", "LEV2": "Naturraum", "LEV3": "Wiese, sonstige Grünfläche", "FLAECHE": 8897.1031846200003 }, "geometry": { "type": "Polygon", "coordinates": [ [ [ 16.41691058, 48.19359855 ], [ 16.41721655, 48.1938462 ], [ 16.41733609, 48.19407364 ], [ 16.41736049, 48.19419899 ], [ 16.41735177, 48.19429792 ], [ 16.41728551, 48.19441245 ], [ 16.417179, 48.19451334 ], [ 16.41706424, 48.19457989 ], [ 16.41695642, 48.19462079 ], [ 16.41678134, 48.19465068 ], [ 16.41664616, 48.1946523 ], [ 16.41648916, 48.19463461 ], [ 16.41636845, 48.19460007 ], [ 16.41630465, 48.19457169 ], [ 16.41621148, 48.19451402 ], [ 16.41615033, 48.19445975 ], [ 16.41606862, 48.19433444 ], [ 16.41604512, 48.19426745 ], [ 16.41603828, 48.19419938 ], [ 16.41604961, 48.19413174 ], [ 16.41607493, 48.19406185 ], [ 16.41616565, 48.19393156 ], [ 16.41630989, 48.19379036 ], [ 16.41647486, 48.19365777 ], [ 16.41664394, 48.19354696 ], [ 16.41674387, 48.19348446 ], [ 16.41691058, 48.19359855 ] ] ] } },
{ "type": "Feature", "properties": { "LEV1": "Grünlandnutzung", "LEV2": "Naturraum", "LEV3": "Wiese, sonstige Grünfläche", "FLAECHE": 2281.55422443 }, "geometry": { "type": "Polygon", "coordinates": [ [ [ 16.37524403, 48.22283883 ], [ 16.37525513, 48.22288025 ], [ 16.37510207, 48.22299162 ], [ 16.37454085, 48.22340294 ], [ 16.37419983, 48.22366517 ], [ 16.37400788, 48.22350295 ], [ 16.37426138, 48.22334429 ], [ 16.37467902, 48.22306953 ], [ 16.37493681, 48.22288331 ], [ 16.37490411, 48.22285344 ], [ 16.37499004, 48.22279252 ], [ 16.37502956, 48.22275458 ], [ 16.37507598, 48.22274308 ], [ 16.37514307, 48.22278787 ], [ 16.37516235, 48.22277639 ], [ 16.37524403, 48.22283883 ] ] ] } },
{ "type": "Feature", "properties": { "LEV1": "Grünlandnutzung", "LEV2": "Naturraum", "LEV3": "Wiese, sonstige Grünfläche", "FLAECHE": 11519.599316899999 }, "geometry": { "type": "Polygon", "coordinates": [ [ [ 16.43092065, 48.20505282 ], [ 16.43081166, 48.20512838 ], [ 16.43066747, 48.20501407 ], [ 16.43058064, 48.20491584 ], [ 16.43052789, 48.20483414 ], [ 16.43048843, 48.2047365 ], [ 16.43047088, 48.20463408 ], [ 16.43047997, 48.20452967 ], [ 16.43049438, 48.20446023 ], [ 16.43053444, 48.20437116 ], [ 16.43059294, 48.20428676 ], [ 16.43067109, 48.20420656 ], [ 16.43076742, 48.20413391 ], [ 16.43084147, 48.2040905 ], [ 16.43090168, 48.20406122 ], [ 16.43095142, 48.20404005 ], [ 16.43104997, 48.20400696 ], [ 16.43116198, 48.20397566 ], [ 16.43126406, 48.20395714 ], [ 16.43136037, 48.20394663 ], [ 16.43144942, 48.20394296 ], [ 16.43158315, 48.20394743 ], [ 16.43171557, 48.20396396 ], [ 16.43186429, 48.20399819 ], [ 16.43199863, 48.20404053 ], [ 16.43215831, 48.20410416 ], [ 16.43233095, 48.20419349 ], [ 16.43235427, 48.20421901 ], [ 16.43270025, 48.20441028 ], [ 16.43216336, 48.20479231 ], [ 16.43211087, 48.20478067 ], [ 16.43173345, 48.20453996 ], [ 16.43153559, 48.20447269 ], [ 16.43137755, 48.20455832 ], [ 16.43136608, 48.20456157 ], [ 16.43133744, 48.20458005 ], [ 16.43131173, 48.20459665 ], [ 16.43125503, 48.2046466 ], [ 16.43123728, 48.20466223 ], [ 16.43121614, 48.20469912 ], [ 16.43120537, 48.20474478 ], [ 16.43121216, 48.20479749 ], [ 16.43122611, 48.20482896 ], [ 16.43092065, 48.20505282 ] ] ] } },
{ "type": "Feature", "properties": { "LEV1": "Grünlandnutzung", "LEV2": "Naturraum", "LEV3": "Wiese, sonstige Grünfläche", "FLAECHE": 19978.292014729999 }, "geometry": { "type": "Polygon", "coordinates": [ [ [ 16.43891666, 48.197444 ], [ 16.43941688, 48.19738149 ], [ 16.44153585, 48.19617279 ], [ 16.44194725, 48.19639218 ], [ 16.44145924, 48.19691572 ], [ 16.4409386, 48.1968504 ], [ 16.44076982, 48.19698737 ], [ 16.44103732, 48.19726671 ], [ 16.44105586, 48.19762956 ], [ 16.44082493, 48.19783203 ], [ 16.44060282, 48.19799879 ], [ 16.44070109, 48.19818906 ], [ 16.44062153, 48.19844493 ], [ 16.44044357, 48.19844509 ], [ 16.44027407, 48.19822514 ], [ 16.43974093, 48.19811671 ], [ 16.43899657, 48.19754577 ], [ 16.43889341, 48.19755468 ], [ 16.4388987, 48.19748329 ], [ 16.43889983, 48.19746807 ], [ 16.43891666, 48.197444 ] ] ] } },
{ "type": "Feature", "properties": { "LEV1": "Grünlandnutzung", "LEV2": "Naturraum", "LEV3": "Wiese, sonstige Grünfläche", "FLAECHE": 880.73794675 }, "geometry": { "type": "Polygon", "coordinates": [ [ [ 16.37785063, 48.2210344 ], [ 16.37767937, 48.22093641 ], [ 16.37766539, 48.22092712 ], [ 16.37785353, 48.22083422 ], [ 16.37789633, 48.22083829 ], [ 16.37854769, 48.22044758 ], [ 16.37860826, 48.22047851 ], [ 16.37785063, 48.2210344 ] ] ] } },
{ "type": "Feature", "properties": { "LEV1": "Grünlandnutzung", "LEV2": "Naturraum", "LEV3": "Wald", "FLAECHE": 230369.74707618999 }, "geometry": { "type": "MultiPolygon", "coordinates": [ [ [ [ 16.41390164, 48.20229581 ], [ 16.41415316, 48.20253021 ], [ 16.41481391, 48.20328015 ], [ 16.41495091, 48.2035763 ], [ 16.41502958, 48.20390441 ], [ 16.41513599, 48.20451497 ], [ 16.4151445, 48.2047996 ], [ 16.40912449, 48.20795697 ], [ 16.40909029, 48.2079337 ], [ 16.40665897, 48.2092243 ], [ 16.40632799, 48.20893177 ], [ 16.40622513, 48.20878579 ], [ 16.4061203, 48.20841389 ], [ 16.40594081, 48.2077771 ], [ 16.40591951, 48.20764806 ], [ 16.40578903, 48.20746495 ], [ 16.40532475, 48.20698787 ], [ 16.40512689, 48.20682467 ], [ 16.40497448, 48.20668691 ], [ 16.40533403, 48.20657026 ], [ 16.40591333, 48.20650028 ], [ 16.40644818, 48.20650294 ], [ 16.40672125, 48.2064906 ], [ 16.40709766, 48.20634422 ], [ 16.40731556, 48.20614104 ], [ 16.40763435, 48.20589682 ], [ 16.40800527, 48.20559579 ], [ 16.4082431, 48.20519839 ], [ 16.40835738, 48.20491972 ], [ 16.40828818, 48.20471775 ], [ 16.4117562, 48.20257495 ], [ 16.41243623, 48.20227936 ], [ 16.41278471, 48.20218454 ], [ 16.41315457, 48.20214129 ], [ 16.41354398, 48.2021821 ], [ 16.41390164, 48.20229581 ] ], [ [ 16.40830026, 48.20723563 ], [ 16.40844788, 48.20722729 ], [ 16.40878354, 48.20724128 ], [ 16.40924563, 48.2073302 ], [ 16.40951745, 48.20738871 ], [ 16.40964812, 48.20731829 ], [ 16.40981158, 48.20713735 ], [ 16.40981477, 48.20701752 ], [ 16.40967095, 48.20683833 ], [ 16.40925169, 48.20652505 ], [ 16.40896932, 48.2064333 ], [ 16.4086132, 48.20651182 ], [ 16.40860646, 48.20664334 ], [ 16.4086754, 48.20678814 ], [ 16.40868487, 48.20693653 ], [ 16.40850176, 48.20702969 ], [ 16.40815898, 48.20699003 ], [ 16.4081066, 48.20681414 ], [ 16.40800667, 48.20663045 ], [ 16.40813665, 48.20653168 ], [ 16.40785754, 48.20649864 ], [ 16.40754464, 48.2065752 ], [ 16.40731598, 48.20667265 ], [ 16.40703947, 48.20681896 ], [ 16.40681872, 48.20705215 ], [ 16.40680103, 48.20732818 ], [ 16.4068671, 48.20749935 ], [ 16.40652025, 48.20842093 ], [ 16.40671787, 48.20842441 ], [ 16.40686195, 48.20843771 ], [ 16.40728894, 48.20842724 ], [ 16.40744787, 48.20839086 ], [ 16.40763999, 48.20816234 ], [ 16.4076706, 48.20792394 ], [ 16.40752211, 48.20775767 ], [ 16.40751243, 48.20753899 ], [ 16.40771152, 48.20740242 ], [ 16.40830026, 48.20723563 ] ] ] ] } },
{ "type": "Feature", "properties": { "LEV1": "Grünlandnutzung", "LEV2": "Naturraum", "LEV3": "Wald", "FLAECHE": 8535.9347000199996 }, "geometry": { "type": "Polygon", "coordinates": [ [ [ 16.40449255, 48.21371718 ], [ 16.40461795, 48.21381243 ], [ 16.4050617, 48.21418881 ], [ 16.40430292, 48.21459701 ], [ 16.40383331, 48.21419601 ], [ 16.40365467, 48.21403864 ], [ 16.40331521, 48.21374881 ], [ 16.40327371, 48.21371008 ], [ 16.40329291, 48.21367508 ], [ 16.4033673, 48.21366218 ], [ 16.40355197, 48.21359939 ], [ 16.40410837, 48.21340202 ], [ 16.40449255, 48.21371718 ] ] ] } },
{ "type": "Feature", "properties": { "LEV1": "Grünlandnutzung", "LEV2": "Naturraum", "LEV3": "Wiese, sonstige Grünfläche", "FLAECHE": 1621.0427212699999 }, "geometry": { "type": "Polygon", "coordinates": [ [ [ 16.37638708, 48.22211803 ], [ 16.37621313, 48.2222361 ], [ 16.37595952, 48.222371 ], [ 16.3756051, 48.22261216 ], [ 16.37547674, 48.22263876 ], [ 16.37540032, 48.22264083 ], [ 16.37530859, 48.22261635 ], [ 16.37529811, 48.22260745 ], [ 16.37542819, 48.22251874 ], [ 16.37572854, 48.22231615 ], [ 16.37594002, 48.22216464 ], [ 16.37618408, 48.22198894 ], [ 16.37638708, 48.22211803 ] ] ] } },
{ "type": "Feature", "properties": { "LEV1": "Grünlandnutzung", "LEV2": "Naturraum", "LEV3": "Wiese, sonstige Grünfläche", "FLAECHE": 6758.7101448499998 }, "geometry": { "type": "Polygon", "coordinates": [ [ [ 16.43292497, 48.20279847 ], [ 16.43290266, 48.20280099 ], [ 16.43284037, 48.20280793 ], [ 16.43275014, 48.20282428 ], [ 16.43267026, 48.20284539 ], [ 16.4325607, 48.20288847 ], [ 16.43247671, 48.20293333 ], [ 16.43238937, 48.20298952 ], [ 16.43233822, 48.2030464 ], [ 16.43230265, 48.20309095 ], [ 16.43227381, 48.20313774 ], [ 16.43224607, 48.20319424 ], [ 16.43222842, 48.20325478 ], [ 16.43222674, 48.20336162 ], [ 16.43223993, 48.20343436 ], [ 16.43226239, 48.20350458 ], [ 16.43231748, 48.20361398 ], [ 16.43236038, 48.20367564 ], [ 16.43235676, 48.2036814 ], [ 16.43067213, 48.20253021 ], [ 16.43066019, 48.20252205 ], [ 16.43067791, 48.20252685 ], [ 16.43075454, 48.2025476 ], [ 16.43095254, 48.20260742 ], [ 16.43116128, 48.20265078 ], [ 16.43139165, 48.20268269 ], [ 16.43164944, 48.20269822 ], [ 16.43202006, 48.20269341 ], [ 16.43236458, 48.20268305 ], [ 16.43260512, 48.20268582 ], [ 16.43284947, 48.20270657 ], [ 16.43299225, 48.20273334 ], [ 16.4331757, 48.20277959 ], [ 16.43327101, 48.20280954 ], [ 16.43335947, 48.20284805 ], [ 16.43350058, 48.20291565 ], [ 16.43349454, 48.2029197 ], [ 16.43342479, 48.2028882 ], [ 16.43337175, 48.20286675 ], [ 16.43331898, 48.20284853 ], [ 16.4332331, 48.20282729 ], [ 16.43315061, 48.20281153 ], [ 16.43308333, 48.20280287 ], [ 16.43306327, 48.20280141 ], [ 16.43300731, 48.20279736 ], [ 16.43292497, 48.20279847 ] ] ] } },
{ "type": "Feature", "properties": { "LEV1": "Grünlandnutzung", "LEV2": "Naturraum", "LEV3": "Wiese, sonstige Grünfläche", "FLAECHE": 5295.6059384500004 }, "geometry": { "type": "Polygon", "coordinates": [ [ [ 16.41890554, 48.19401542 ], [ 16.4189642, 48.19426125 ], [ 16.4190637, 48.19449365 ], [ 16.41914965, 48.19465808 ], [ 16.41787992, 48.19374662 ], [ 16.41811401, 48.19377658 ], [ 16.41831301, 48.19375912 ], [ 16.41838218, 48.19375304 ], [ 16.41841768, 48.19374993 ], [ 16.41847079, 48.19373613 ], [ 16.41862695, 48.19365184 ], [ 16.41868751, 48.19358768 ], [ 16.4187221, 48.19351975 ], [ 16.41873248, 48.19344762 ], [ 16.41870846, 48.19331876 ], [ 16.41863023, 48.19318032 ], [ 16.41850553, 48.19309093 ], [ 16.41832545, 48.19301677 ], [ 16.41819582, 48.19295652 ], [ 16.41826519, 48.19293453 ], [ 16.41851261, 48.1928071 ], [ 16.41861805, 48.19271475 ], [ 16.41868569, 48.19262684 ], [ 16.41871664, 48.19263248 ], [ 16.41871246, 48.19271262 ], [ 16.41871838, 48.19279238 ], [ 16.41874994, 48.19299863 ], [ 16.41882471, 48.19348717 ], [ 16.41886229, 48.19373273 ], [ 16.41890554, 48.19401542 ] ] ] } },
{ "type": "Feature", "properties": { "LEV1": "Grünlandnutzung", "LEV2": "Naturraum", "LEV3": "Wiese, sonstige Grünfläche", "FLAECHE": 35791.0694716 }, "geometry": { "type": "Polygon", "coordinates": [ [ [ 16.41831184, 48.19934351 ], [ 16.41822383, 48.19925712 ], [ 16.41820782, 48.19924141 ], [ 16.41776483, 48.19944318 ], [ 16.41730419, 48.1990751 ], [ 16.41709706, 48.19918369 ], [ 16.41689779, 48.19944014 ], [ 16.416721, 48.19960861 ], [ 16.41642557, 48.19989013 ], [ 16.41619839, 48.20014503 ], [ 16.41616854, 48.2004402 ], [ 16.41616375, 48.20048752 ], [ 16.41577054, 48.20085033 ], [ 16.41552153, 48.20080128 ], [ 16.41539032, 48.20056126 ], [ 16.41530698, 48.20040882 ], [ 16.41513961, 48.2001332 ], [ 16.41507839, 48.2000445 ], [ 16.41507648, 48.20004173 ], [ 16.41510012, 48.20003203 ], [ 16.41512599, 48.20002142 ], [ 16.41515865, 48.20000692 ], [ 16.41518728, 48.19999552 ], [ 16.41519126, 48.19999391 ], [ 16.41541086, 48.19990135 ], [ 16.41570729, 48.19977533 ], [ 16.41572839, 48.19976434 ], [ 16.41590816, 48.19962437 ], [ 16.41591715, 48.19960494 ], [ 16.41598269, 48.19945606 ], [ 16.41601812, 48.19936532 ], [ 16.4160217, 48.19936745 ], [ 16.41610251, 48.19916783 ], [ 16.41611676, 48.1991591 ], [ 16.41615139, 48.19911617 ], [ 16.41619852, 48.19905661 ], [ 16.4162102, 48.19904086 ], [ 16.41622293, 48.19902369 ], [ 16.41625799, 48.19897643 ], [ 16.41646461, 48.19889032 ], [ 16.41648572, 48.19888365 ], [ 16.41671452, 48.19878807 ], [ 16.41693915, 48.19869186 ], [ 16.41696308, 48.19868186 ], [ 16.41709254, 48.19863051 ], [ 16.41730468, 48.19854537 ], [ 16.41742379, 48.19849763 ], [ 16.41743402, 48.19849364 ], [ 16.41754021, 48.19845231 ], [ 16.41766349, 48.19840653 ], [ 16.41773146, 48.19838032 ], [ 16.41774267, 48.19837599 ], [ 16.41783665, 48.19834031 ], [ 16.41799689, 48.19827814 ], [ 16.41801808, 48.19827204 ], [ 16.41802818, 48.19827313 ], [ 16.41806435, 48.19827846 ], [ 16.41833931, 48.198319 ], [ 16.41836361, 48.19830273 ], [ 16.41840045, 48.19827805 ], [ 16.41859828, 48.19816701 ], [ 16.41863657, 48.19813982 ], [ 16.41881055, 48.19800237 ], [ 16.41904683, 48.1977896 ], [ 16.41919861, 48.19765225 ], [ 16.41935778, 48.19750869 ], [ 16.4194823, 48.19739799 ], [ 16.41942154, 48.197259 ], [ 16.4194102, 48.19723158 ], [ 16.41937225, 48.19714437 ], [ 16.41936469, 48.19712468 ], [ 16.41930716, 48.19698767 ], [ 16.41935291, 48.19692715 ], [ 16.41952755, 48.19670898 ], [ 16.41963408, 48.19665904 ], [ 16.41969947, 48.19663887 ], [ 16.4197417, 48.19662657 ], [ 16.41982556, 48.19672244 ], [ 16.41984227, 48.19690894 ], [ 16.41981302, 48.19711581 ], [ 16.41976489, 48.19730066 ], [ 16.41941608, 48.19770731 ], [ 16.41931559, 48.19795587 ], [ 16.41931492, 48.19797676 ], [ 16.41931349, 48.19802152 ], [ 16.4193095, 48.1981458 ], [ 16.41930932, 48.19815157 ], [ 16.41933648, 48.19829239 ], [ 16.4193956, 48.19859883 ], [ 16.41939206, 48.19885702 ], [ 16.41939187, 48.19887088 ], [ 16.41886178, 48.19908326 ], [ 16.41848229, 48.19923531 ], [ 16.41831184, 48.19934351 ] ] ] } },
{ "type": "Feature", "properties": { "LEV1": "Grünlandnutzung", "LEV2": "Naturraum", "LEV3": "Wiese, sonstige Grünfläche", "FLAECHE": 5297.4236898099998 }, "geometry": { "type": "Polygon", "coordinates": [ [ [ 16.41849571, 48.19319727 ], [ 16.41857499, 48.19329521 ], [ 16.41861272, 48.19341641 ], [ 16.41858991, 48.19353478 ], [ 16.41848718, 48.19364241 ], [ 16.41842495, 48.19367366 ], [ 16.41839014, 48.19368484 ], [ 16.41828929, 48.19370442 ], [ 16.41820832, 48.19370979 ], [ 16.41811336, 48.19370608 ], [ 16.41795405, 48.19367382 ], [ 16.41787088, 48.19364366 ], [ 16.41769402, 48.19357076 ], [ 16.41757476, 48.19351445 ], [ 16.41737579, 48.19340587 ], [ 16.41731075, 48.19336059 ], [ 16.41731908, 48.1933551 ], [ 16.41717325, 48.19325528 ], [ 16.41730901, 48.19319493 ], [ 16.41741561, 48.19315853 ], [ 16.41758453, 48.19311568 ], [ 16.41772788, 48.19308116 ], [ 16.41807429, 48.19299321 ], [ 16.41823151, 48.19307044 ], [ 16.41823195, 48.19309373 ], [ 16.41819417, 48.1930988 ], [ 16.41820733, 48.19317361 ], [ 16.4184248, 48.1931588 ], [ 16.41849571, 48.19319727 ] ] ] } },
{ "type": "Feature", "properties": { "LEV1": "Grünlandnutzung", "LEV2": "Naturraum", "LEV3": "Wiese, sonstige Grünfläche", "FLAECHE": 5089.3972114799999 }, "geometry": { "type": "Polygon", "coordinates": [ [ [ 16.40429049, 48.22469854 ], [ 16.40521713, 48.22519909 ], [ 16.4052775, 48.22526111 ], [ 16.40490335, 48.22556386 ], [ 16.40456742, 48.22536855 ], [ 16.40388817, 48.22497361 ], [ 16.40379218, 48.22485145 ], [ 16.40382518, 48.22471161 ], [ 16.40391708, 48.22465209 ], [ 16.40411222, 48.22464406 ], [ 16.40429049, 48.22469854 ] ] ] } },
{ "type": "Feature", "properties": { "LEV1": "Grünlandnutzung", "LEV2": "Naturraum", "LEV3": "Wald", "FLAECHE": 46080.194148340001 }, "geometry": { "type": "Polygon", "coordinates": [ [ [ 16.42875431, 48.20194812 ], [ 16.42878653, 48.20197316 ], [ 16.428752, 48.20200536 ], [ 16.42794177, 48.20276103 ], [ 16.42794422, 48.20276382 ], [ 16.42762219, 48.20301797 ], [ 16.42771892, 48.20308325 ], [ 16.42777117, 48.20311851 ], [ 16.42782343, 48.20315378 ], [ 16.42796017, 48.20324606 ], [ 16.4278935, 48.20329158 ], [ 16.42788218, 48.20329931 ], [ 16.4278742, 48.20330476 ], [ 16.42782719, 48.20333686 ], [ 16.4278104, 48.20334833 ], [ 16.42760862, 48.2034861 ], [ 16.42760604, 48.2034842 ], [ 16.42750797, 48.20341226 ], [ 16.42722094, 48.20320143 ], [ 16.42653432, 48.20269273 ], [ 16.4260333, 48.20298099 ], [ 16.42524567, 48.20223221 ], [ 16.42489643, 48.20190017 ], [ 16.42508936, 48.20129878 ], [ 16.42752968, 48.20095397 ], [ 16.4275418, 48.20098536 ], [ 16.42757936, 48.20110244 ], [ 16.4276446, 48.20117523 ], [ 16.42784639, 48.20132841 ], [ 16.42819754, 48.20156996 ], [ 16.42840106, 48.20171368 ], [ 16.42858527, 48.20184093 ], [ 16.42867234, 48.20190106 ], [ 16.42875431, 48.20194812 ] ] ] } },
{ "type": "Feature", "properties": { "LEV1": "Grünlandnutzung", "LEV2": "Naturraum", "LEV3": "Wiese, sonstige Grünfläche", "FLAECHE": 4874.9487849899997 }, "geometry": { "type": "Polygon", "coordinates": [ [ [ 16.41881947, 48.19489708 ], [ 16.41880544, 48.19490708 ], [ 16.41828875, 48.19479782 ], [ 16.41796978, 48.1947699 ], [ 16.41686582, 48.19474307 ], [ 16.41686781, 48.1947232 ], [ 16.41709356, 48.19466503 ], [ 16.41733789, 48.19453473 ], [ 16.41748995, 48.19431842 ], [ 16.41746403, 48.19409298 ], [ 16.41740244, 48.19392854 ], [ 16.41881947, 48.19489708 ] ] ] } },
{ "type": "Feature", "properties": { "LEV1": "Grünlandnutzung", "LEV2": "Naturraum", "LEV3": "Wiese, sonstige Grünfläche", "FLAECHE": 4278.5533574700003 }, "geometry": { "type": "Polygon", "coordinates": [ [ [ 16.41944974, 48.19308395 ], [ 16.4194341, 48.19314269 ], [ 16.41929792, 48.1931397 ], [ 16.41919313, 48.19317749 ], [ 16.4191527, 48.19289127 ], [ 16.41907182, 48.19260327 ], [ 16.41904406, 48.19257163 ], [ 16.41897157, 48.19241115 ], [ 16.41893391, 48.19232808 ], [ 16.4191043, 48.19214324 ], [ 16.41931027, 48.19201044 ], [ 16.4194891, 48.19188899 ], [ 16.41980619, 48.19168282 ], [ 16.41998975, 48.19156698 ], [ 16.42005274, 48.19152723 ], [ 16.42007857, 48.19153045 ], [ 16.41990412, 48.19169246 ], [ 16.4199349, 48.19171482 ], [ 16.41955552, 48.19212475 ], [ 16.41949748, 48.19226798 ], [ 16.41941204, 48.19247883 ], [ 16.41943556, 48.19285625 ], [ 16.41944974, 48.19308395 ] ] ] } },
{ "type": "Feature", "properties": { "LEV1": "Grünlandnutzung", "LEV2": "Naturraum", "LEV3": "Wiese, sonstige Grünfläche", "FLAECHE": 4266.9246857099997 }, "geometry": { "type": "Polygon", "coordinates": [ [ [ 16.39223717, 48.21698415 ], [ 16.39271559, 48.21704078 ], [ 16.39289614, 48.21711013 ], [ 16.39313942, 48.21726906 ], [ 16.39331173, 48.21761509 ], [ 16.39312648, 48.21770208 ], [ 16.39295153, 48.21774968 ], [ 16.39271635, 48.21772421 ], [ 16.39252481, 48.21760736 ], [ 16.39243161, 48.21739177 ], [ 16.392336, 48.21740059 ], [ 16.39225523, 48.21716092 ], [ 16.39223755, 48.21698862 ], [ 16.39223717, 48.21698415 ] ] ] } },
{ "type": "Feature", "properties": { "LEV1": "Grünlandnutzung", "LEV2": "Naturraum", "LEV3": "Wiese, sonstige Grünfläche", "FLAECHE": 2743.34329226 }, "geometry": { "type": "Polygon", "coordinates": [ [ [ 16.37767577, 48.22105206 ], [ 16.37769332, 48.2210805 ], [ 16.3776946, 48.22110811 ], [ 16.37768335, 48.22113573 ], [ 16.37754071, 48.22125543 ], [ 16.37715311, 48.22154386 ], [ 16.37685591, 48.22175575 ], [ 16.37678157, 48.22175839 ], [ 16.37651762, 48.22195851 ], [ 16.37652157, 48.2220108 ], [ 16.37642131, 48.22209046 ], [ 16.37622209, 48.22196076 ], [ 16.37633546, 48.22187668 ], [ 16.37665955, 48.22163225 ], [ 16.37708377, 48.22132838 ], [ 16.37733529, 48.22115761 ], [ 16.37754786, 48.22099408 ], [ 16.37767577, 48.22105206 ] ] ] } },
{ "type": "Feature", "properties": { "LEV1": "Grünlandnutzung", "LEV2": "Naturraum", "LEV3": "Wiese, sonstige Grünfläche", "FLAECHE": 5306.2451178499996 }, "geometry": { "type": "Polygon", "coordinates": [ [ [ 16.42148068, 48.2095712 ], [ 16.42092108, 48.20996729 ], [ 16.42016365, 48.20893104 ], [ 16.42019326, 48.2089126 ], [ 16.42043193, 48.20876402 ], [ 16.420508, 48.20882093 ], [ 16.42110374, 48.2092666 ], [ 16.42122016, 48.20936778 ], [ 16.42124733, 48.20938902 ], [ 16.42148068, 48.2095712 ] ] ] } },
{ "type": "Feature", "properties": { "LEV1": "Grünlandnutzung", "LEV2": "Naturraum", "LEV3": "Wiese, sonstige Grünfläche", "FLAECHE": 3946.0341838899999 }, "geometry": { "type": "Polygon", "coordinates": [ [ [ 16.41610227, 48.19387219 ], [ 16.41607095, 48.19391172 ], [ 16.4160023, 48.19399902 ], [ 16.41593845, 48.19409459 ], [ 16.41592655, 48.19413803 ], [ 16.41591994, 48.19421052 ], [ 16.41594921, 48.19435089 ], [ 16.41601676, 48.19445399 ], [ 16.41608455, 48.19453884 ], [ 16.41622808, 48.19463488 ], [ 16.41639753, 48.19469834 ], [ 16.41652589, 48.19472191 ], [ 16.41659786, 48.19472743 ], [ 16.41659666, 48.19473481 ], [ 16.41616195, 48.19472388 ], [ 16.41599537, 48.19470781 ], [ 16.4157185, 48.1946811 ], [ 16.41524006, 48.19460301 ], [ 16.41506743, 48.19455198 ], [ 16.41494468, 48.19451571 ], [ 16.41609922, 48.1938558 ], [ 16.41610227, 48.19387219 ] ] ] } },
{ "type": "Feature", "properties": { "LEV1": "Grünlandnutzung", "LEV2": "Naturraum", "LEV3": "Wiese, sonstige Grünfläche", "FLAECHE": 2538.1119561199998 }, "geometry": { "type": "Polygon", "coordinates": [ [ [ 16.41106035, 48.19699738 ], [ 16.41108704, 48.19701963 ], [ 16.41109604, 48.19704187 ], [ 16.41110039, 48.1970702 ], [ 16.41109558, 48.19709242 ], [ 16.41121481, 48.19712867 ], [ 16.41107153, 48.1972991 ], [ 16.41087684, 48.19754429 ], [ 16.41079713, 48.19765114 ], [ 16.41040372, 48.19817844 ], [ 16.41039445, 48.19818141 ], [ 16.41038044, 48.19817234 ], [ 16.41042292, 48.19803487 ], [ 16.41043807, 48.1979754 ], [ 16.41052963, 48.19761601 ], [ 16.41055842, 48.19753002 ], [ 16.4105922, 48.19744861 ], [ 16.41064103, 48.19735388 ], [ 16.41069551, 48.19726022 ], [ 16.41076344, 48.19716746 ], [ 16.41083823, 48.19707622 ], [ 16.41097081, 48.19694816 ], [ 16.41106035, 48.19699738 ] ] ] } },
{ "type": "Feature", "properties": { "LEV1": "Grünlandnutzung", "LEV2": "Naturraum", "LEV3": "Wiese, sonstige Grünfläche", "FLAECHE": 2356.20204698 }, "geometry": { "type": "Polygon", "coordinates": [ [ [ 16.41168886, 48.21773731 ], [ 16.41164152, 48.21773807 ], [ 16.41038773, 48.21772036 ], [ 16.41039949, 48.21771137 ], [ 16.41093265, 48.2172954 ], [ 16.41093324, 48.21728724 ], [ 16.41168886, 48.21773731 ] ] ] } },
{ "type": "Feature", "properties": { "LEV1": "Grünlandnutzung", "LEV2": "Naturraum", "LEV3": "Wiese, sonstige Grünfläche", "FLAECHE": 6100.5301979799997 }, "geometry": { "type": "Polygon", "coordinates": [ [ [ 16.40361257, 48.22520652 ], [ 16.4039886, 48.22540253 ], [ 16.40406684, 48.22543405 ], [ 16.40470673, 48.22577415 ], [ 16.40448825, 48.2259465 ], [ 16.40433925, 48.2260492 ], [ 16.40416059, 48.22610551 ], [ 16.40394372, 48.22597164 ], [ 16.40322507, 48.22560631 ], [ 16.40313485, 48.22546904 ], [ 16.40310802, 48.22532975 ], [ 16.40323936, 48.22521024 ], [ 16.40348118, 48.22518185 ], [ 16.40361257, 48.22520652 ] ] ] } },
{ "type": "Feature", "properties": { "LEV1": "Grünlandnutzung", "LEV2": "Naturraum", "LEV3": "Wald", "FLAECHE": 1355.0590364300001 }, "geometry": { "type": "Polygon", "coordinates": [ [ [ 16.42102593, 48.21345896 ], [ 16.42106844, 48.21346925 ], [ 16.4210838, 48.21348174 ], [ 16.42108382, 48.21349307 ], [ 16.4211672, 48.21354418 ], [ 16.42055405, 48.21397424 ], [ 16.42052002, 48.2139811 ], [ 16.42048773, 48.21398337 ], [ 16.42044856, 48.21397548 ], [ 16.42041624, 48.21396067 ], [ 16.42038727, 48.21393911 ], [ 16.42037701, 48.21391645 ], [ 16.4203736, 48.21388687 ], [ 16.42037866, 48.21385727 ], [ 16.42039047, 48.21383685 ], [ 16.42040914, 48.21381867 ], [ 16.4208848, 48.21348638 ], [ 16.42093415, 48.21346593 ], [ 16.42098338, 48.21345789 ], [ 16.42102593, 48.21345896 ] ] ] } },
{ "type": "Feature", "properties": { "LEV1": "Grünlandnutzung", "LEV2": "Naturraum", "LEV3": "Wiese, sonstige Grünfläche", "FLAECHE": 1319.74418249 }, "geometry": { "type": "Polygon", "coordinates": [ [ [ 16.41241225, 48.19593894 ], [ 16.41241683, 48.19594365 ], [ 16.41241563, 48.19595112 ], [ 16.41234308, 48.19600962 ], [ 16.41209344, 48.19620287 ], [ 16.41192807, 48.1963475 ], [ 16.41145782, 48.19681114 ], [ 16.41121503, 48.19672757 ], [ 16.41134255, 48.19662888 ], [ 16.4117212, 48.19635375 ], [ 16.41238979, 48.19594304 ], [ 16.41240324, 48.19593736 ], [ 16.41241225, 48.19593894 ] ] ] } },
{ "type": "Feature", "properties": { "LEV1": "Grünlandnutzung", "LEV2": "Naturraum", "LEV3": "Wiese, sonstige Grünfläche", "FLAECHE": 352.67668593000002 }, "geometry": { "type": "Polygon", "coordinates": [ [ [ 16.47981176, 48.1713925 ], [ 16.47949911, 48.17151646 ], [ 16.47941137, 48.17141295 ], [ 16.4797539, 48.17129045 ], [ 16.47981176, 48.1713925 ] ] ] } },
{ "type": "Feature", "properties": { "LEV1": "Grünlandnutzung", "LEV2": "Naturraum", "LEV3": "Wiese, sonstige Grünfläche", "FLAECHE": 6048.64713287 }, "geometry": { "type": "Polygon", "coordinates": [ [ [ 16.43124377, 48.20389723 ], [ 16.43118311, 48.20390487 ], [ 16.4311423, 48.2039149 ], [ 16.43101122, 48.20394713 ], [ 16.43084159, 48.20401325 ], [ 16.43069376, 48.20409638 ], [ 16.43061235, 48.20415796 ], [ 16.43054788, 48.2042179 ], [ 16.43047432, 48.20430952 ], [ 16.43044334, 48.20436026 ], [ 16.43037133, 48.2044883 ], [ 16.4303994, 48.20438917 ], [ 16.43060449, 48.20391191 ], [ 16.43070223, 48.2035816 ], [ 16.43068361, 48.20333196 ], [ 16.43061689, 48.20311986 ], [ 16.43053207, 48.20293476 ], [ 16.43063707, 48.20297047 ], [ 16.43071869, 48.20302427 ], [ 16.4322489, 48.20405812 ], [ 16.43223868, 48.20405966 ], [ 16.43197871, 48.20396023 ], [ 16.43185959, 48.20392862 ], [ 16.43182163, 48.20391855 ], [ 16.43178064, 48.20391154 ], [ 16.43166081, 48.20389107 ], [ 16.43146262, 48.20388681 ], [ 16.43134639, 48.20388432 ], [ 16.43124377, 48.20389723 ] ] ] } },
{ "type": "Feature", "properties": { "LEV1": "Grünlandnutzung", "LEV2": "Naturraum", "LEV3": "Wald", "FLAECHE": 5355.4702003800003 }, "geometry": { "type": "Polygon", "coordinates": [ [ [ 16.4952832, 48.1651226 ], [ 16.49187582, 48.16651979 ], [ 16.4895146, 48.16733236 ], [ 16.48872197, 48.16756337 ], [ 16.48870908, 48.16752193 ], [ 16.48872965, 48.16747829 ], [ 16.4890579, 48.167372 ], [ 16.48981889, 48.16712574 ], [ 16.49096864, 48.16673955 ], [ 16.49177918, 48.16643538 ], [ 16.49220136, 48.16627698 ], [ 16.49340051, 48.16579123 ], [ 16.49462551, 48.1652817 ], [ 16.4946657, 48.16532382 ], [ 16.49523053, 48.16508868 ], [ 16.4952832, 48.1651226 ] ] ] } },
{ "type": "Feature", "properties": { "LEV1": "Grünlandnutzung", "LEV2": "Naturraum", "LEV3": "Wald", "FLAECHE": 1784.9886055300001 }, "geometry": { "type": "Polygon", "coordinates": [ [ [ 16.41471946, 48.20248153 ], [ 16.41463467, 48.20254877 ], [ 16.41455764, 48.20258201 ], [ 16.41446401, 48.20258387 ], [ 16.41440625, 48.20255261 ], [ 16.41436866, 48.20251427 ], [ 16.41403141, 48.2021702 ], [ 16.41426257, 48.20219945 ], [ 16.41463682, 48.20219182 ], [ 16.4149499, 48.20213134 ], [ 16.41496147, 48.2021291 ], [ 16.41471946, 48.20248153 ] ] ] } },
{ "type": "Feature", "properties": { "LEV1": "Grünlandnutzung", "LEV2": "Naturraum", "LEV3": "Wald", "FLAECHE": 17659.489436650001 }, "geometry": { "type": "Polygon", "coordinates": [ [ [ 16.41563653, 48.20229969 ], [ 16.41565444, 48.20326222 ], [ 16.41574619, 48.20361145 ], [ 16.41586214, 48.20385959 ], [ 16.41600831, 48.20408027 ], [ 16.41617113, 48.20427216 ], [ 16.41572607, 48.20450479 ], [ 16.41542578, 48.20466174 ], [ 16.41523458, 48.20476168 ], [ 16.41512077, 48.2039735 ], [ 16.41502728, 48.20363344 ], [ 16.41486029, 48.2032607 ], [ 16.41454161, 48.20283239 ], [ 16.41463709, 48.20272027 ], [ 16.41505252, 48.20219568 ], [ 16.41518117, 48.20204873 ], [ 16.41551309, 48.20172708 ], [ 16.41563653, 48.20229969 ] ] ] } },
{ "type": "Feature", "properties": { "LEV1": "Grünlandnutzung", "LEV2": "Naturraum", "LEV3": "Wald", "FLAECHE": 19856.87681423 }, "geometry": { "type": "Polygon", "coordinates": [ [ [ 16.4437857, 48.18418273 ], [ 16.44489942, 48.18413374 ], [ 16.44506172, 48.18412118 ], [ 16.44558879, 48.18408039 ], [ 16.4455928, 48.18413048 ], [ 16.44557513, 48.18416871 ], [ 16.44553578, 48.1841924 ], [ 16.44549842, 48.18420431 ], [ 16.44535469, 48.18421893 ], [ 16.44498408, 48.18423079 ], [ 16.4446131, 48.18432296 ], [ 16.44426316, 48.18444047 ], [ 16.44304894, 48.18490296 ], [ 16.44052577, 48.18589832 ], [ 16.44025628, 48.18597348 ], [ 16.44005593, 48.18599065 ], [ 16.43980817, 48.18603944 ], [ 16.43884624, 48.18667028 ], [ 16.43874855, 48.1866961 ], [ 16.43863653, 48.18660168 ], [ 16.44017484, 48.18554429 ], [ 16.4437857, 48.18418273 ] ] ] } },
{ "type": "Feature", "properties": { "LEV1": "Grünlandnutzung", "LEV2": "Naturraum", "LEV3": "Wiese, sonstige Grünfläche", "FLAECHE": 23247.251652629999 }, "geometry": { "type": "Polygon", "coordinates": [ [ [ 16.4870937, 48.17023518 ], [ 16.48322806, 48.17187302 ], [ 16.48315222, 48.17216368 ], [ 16.48261849, 48.17288779 ], [ 16.48219126, 48.17326858 ], [ 16.48210509, 48.17334514 ], [ 16.48113776, 48.17401557 ], [ 16.48104384, 48.17391621 ], [ 16.48159484, 48.17355299 ], [ 16.48156422, 48.17337177 ], [ 16.48154233, 48.17322342 ], [ 16.48187257, 48.1732105 ], [ 16.48244749, 48.17278474 ], [ 16.48265425, 48.17228894 ], [ 16.48273359, 48.17209866 ], [ 16.4828425, 48.17166782 ], [ 16.48277609, 48.17157139 ], [ 16.48438363, 48.17091356 ], [ 16.48440251, 48.1708736 ], [ 16.48443294, 48.17080918 ], [ 16.48613352, 48.17010513 ], [ 16.48621545, 48.17007769 ], [ 16.4863454, 48.17005728 ], [ 16.48679933, 48.16998186 ], [ 16.48687057, 48.16997745 ], [ 16.48694695, 48.16998266 ], [ 16.48699754, 48.16999474 ], [ 16.48700973, 48.1699999 ], [ 16.48702165, 48.17000495 ], [ 16.48704492, 48.17001482 ], [ 16.48707725, 48.17003402 ], [ 16.48711188, 48.17006185 ], [ 16.48711902, 48.1700828 ], [ 16.4871266, 48.17012928 ], [ 16.48712097, 48.17018028 ], [ 16.4870937, 48.17023518 ] ] ] } },
{ "type": "Feature", "properties": { "LEV1": "Grünlandnutzung", "LEV2": "Naturraum", "LEV3": "Wald", "FLAECHE": 104172.34765827 }, "geometry": { "type": "Polygon", "coordinates": [ [ [ 16.42363088, 48.19825286 ], [ 16.42405967, 48.19853348 ], [ 16.4246742, 48.19895156 ], [ 16.42537959, 48.19944417 ], [ 16.42538695, 48.19945157 ], [ 16.41705251, 48.20387314 ], [ 16.41671678, 48.20407472 ], [ 16.41696778, 48.20380458 ], [ 16.41719478, 48.2033241 ], [ 16.41744861, 48.20279215 ], [ 16.41748621, 48.20272422 ], [ 16.41782091, 48.20281785 ], [ 16.41793264, 48.20304429 ], [ 16.41808655, 48.20304643 ], [ 16.41832092, 48.20289394 ], [ 16.41898267, 48.20213072 ], [ 16.41877059, 48.20200722 ], [ 16.41816353, 48.20213862 ], [ 16.41781581, 48.20275153 ], [ 16.41751796, 48.20266686 ], [ 16.41754872, 48.20261131 ], [ 16.41765828, 48.20241338 ], [ 16.417941, 48.20186846 ], [ 16.41831577, 48.20134623 ], [ 16.41852091, 48.20117089 ], [ 16.41876578, 48.20102413 ], [ 16.41886879, 48.20099112 ], [ 16.41901613, 48.20094391 ], [ 16.41915093, 48.20086314 ], [ 16.41972928, 48.20062944 ], [ 16.42029724, 48.20038171 ], [ 16.42131079, 48.19984002 ], [ 16.4218474, 48.19952144 ], [ 16.42225579, 48.19926609 ], [ 16.42259743, 48.1990394 ], [ 16.42265385, 48.19900196 ], [ 16.42293382, 48.19881618 ], [ 16.42352455, 48.19837606 ], [ 16.42361306, 48.19827352 ], [ 16.42363088, 48.19825286 ] ] ] } },
{ "type": "Feature", "properties": { "LEV1": "Grünlandnutzung", "LEV2": "Naturraum", "LEV3": "Wiese, sonstige Grünfläche", "FLAECHE": 18267.012791540001 }, "geometry": { "type": "Polygon", "coordinates": [ [ [ 16.47850613, 48.17709641 ], [ 16.47669595, 48.17821836 ], [ 16.47658016, 48.17845233 ], [ 16.47634738, 48.17847594 ], [ 16.47614999, 48.17867066 ], [ 16.47594089, 48.17884235 ], [ 16.47573142, 48.17888167 ], [ 16.4754175, 48.17903774 ], [ 16.47542144, 48.17919343 ], [ 16.47549366, 48.1792237 ], [ 16.47552072, 48.17925627 ], [ 16.4756393, 48.17925612 ], [ 16.47572021, 48.17927767 ], [ 16.4755964, 48.17933908 ], [ 16.47521961, 48.17953065 ], [ 16.47489655, 48.17965722 ], [ 16.47446564, 48.17977297 ], [ 16.47432012, 48.17978045 ], [ 16.47423914, 48.17972631 ], [ 16.47440024, 48.17950269 ], [ 16.47478877, 48.17912254 ], [ 16.47548052, 48.17853152 ], [ 16.4780855, 48.17681468 ], [ 16.47850613, 48.17709641 ] ] ] } },
{ "type": "Feature", "properties": { "LEV1": "Grünlandnutzung", "LEV2": "Naturraum", "LEV3": "Wiese, sonstige Grünfläche", "FLAECHE": 2806.3998046800002 }, "geometry": { "type": "Polygon", "coordinates": [ [ [ 16.44307706, 48.19955348 ], [ 16.44299044, 48.19957125 ], [ 16.44289207, 48.19954505 ], [ 16.44310127, 48.19928632 ], [ 16.44346134, 48.19908442 ], [ 16.44370981, 48.19879937 ], [ 16.44382108, 48.19872477 ], [ 16.44393251, 48.19872905 ], [ 16.44422065, 48.19861047 ], [ 16.44449565, 48.19847437 ], [ 16.44458745, 48.1984962 ], [ 16.44459032, 48.19851074 ], [ 16.44307706, 48.19955348 ] ] ] } },
{ "type": "Feature", "properties": { "LEV1": "Grünlandnutzung", "LEV2": "Naturraum", "LEV3": "Wiese, sonstige Grünfläche", "FLAECHE": 19773.155366859999 }, "geometry": { "type": "Polygon", "coordinates": [ [ [ 16.45287383, 48.19174869 ], [ 16.45196884, 48.19236043 ], [ 16.4509308, 48.19306194 ], [ 16.45072147, 48.19291917 ], [ 16.45061272, 48.19285874 ], [ 16.45044001, 48.19281849 ], [ 16.45042726, 48.19281717 ], [ 16.45032807, 48.19281119 ], [ 16.45022533, 48.19281795 ], [ 16.45010286, 48.19284712 ], [ 16.45009288, 48.19285131 ], [ 16.45000812, 48.19288687 ], [ 16.44994299, 48.19293316 ], [ 16.44992476, 48.19295285 ], [ 16.44989764, 48.19298213 ], [ 16.44986024, 48.19303892 ], [ 16.44984062, 48.1931116 ], [ 16.44984467, 48.19317635 ], [ 16.4498666, 48.19324243 ], [ 16.44988692, 48.19327622 ], [ 16.44989833, 48.19329519 ], [ 16.44994983, 48.19334936 ], [ 16.45010534, 48.19345598 ], [ 16.45022477, 48.19353785 ], [ 16.45021381, 48.19354525 ], [ 16.44996021, 48.19371659 ], [ 16.44958999, 48.19345703 ], [ 16.44947637, 48.19333574 ], [ 16.44968195, 48.19322593 ], [ 16.44930301, 48.19293121 ], [ 16.44987721, 48.19259564 ], [ 16.45027041, 48.19240134 ], [ 16.45130566, 48.19187892 ], [ 16.45233719, 48.19135836 ], [ 16.45254075, 48.19152283 ], [ 16.45287383, 48.19174869 ] ] ] } },
{ "type": "Feature", "properties": { "LEV1": "Grünlandnutzung", "LEV2": "Naturraum", "LEV3": "Wiese, sonstige Grünfläche", "FLAECHE": 13509.4361888 }, "geometry": { "type": "Polygon", "coordinates": [ [ [ 16.44378215, 48.19190415 ], [ 16.44382425, 48.19203237 ], [ 16.44247519, 48.19254877 ], [ 16.44267652, 48.19277605 ], [ 16.4400286, 48.19256286 ], [ 16.44001654, 48.19256233 ], [ 16.4398509, 48.1925551 ], [ 16.43973412, 48.1925401 ], [ 16.43971561, 48.19249776 ], [ 16.43970595, 48.19237852 ], [ 16.44200392, 48.19211085 ], [ 16.44378215, 48.19190415 ] ] ] } },
{ "type": "Feature", "properties": { "LEV1": "Grünlandnutzung", "LEV2": "Naturraum", "LEV3": "Wald", "FLAECHE": 21917.468993719998 }, "geometry": { "type": "Polygon", "coordinates": [ [ [ 16.41831184, 48.19934351 ], [ 16.41802901, 48.19952305 ], [ 16.41772509, 48.19983911 ], [ 16.41765351, 48.20008603 ], [ 16.41754976, 48.20065942 ], [ 16.41739127, 48.2008153 ], [ 16.41672911, 48.2010584 ], [ 16.41598691, 48.20129967 ], [ 16.41578079, 48.20140772 ], [ 16.41576888, 48.20141313 ], [ 16.41561389, 48.20097023 ], [ 16.41552153, 48.20080128 ], [ 16.41577054, 48.20085033 ], [ 16.41616375, 48.20048752 ], [ 16.41616854, 48.2004402 ], [ 16.41619839, 48.20014503 ], [ 16.41642557, 48.19989013 ], [ 16.416721, 48.19960861 ], [ 16.41689779, 48.19944014 ], [ 16.41709706, 48.19918369 ], [ 16.41730419, 48.1990751 ], [ 16.41776483, 48.19944318 ], [ 16.41820782, 48.19924141 ], [ 16.41822383, 48.19925712 ], [ 16.41831184, 48.19934351 ] ] ] } },
{ "type": "Feature", "properties": { "LEV1": "Grünlandnutzung", "LEV2": "Naturraum", "LEV3": "Wiese, sonstige Grünfläche", "FLAECHE": 7198.6806712199996 }, "geometry": { "type": "Polygon", "coordinates": [ [ [ 16.47576991, 48.17759051 ], [ 16.47491748, 48.17815645 ], [ 16.47280962, 48.17954309 ], [ 16.47234923, 48.17955622 ], [ 16.47383272, 48.17858587 ], [ 16.47555046, 48.17746223 ], [ 16.47556454, 48.17747046 ], [ 16.47576991, 48.17759051 ] ] ] } },
{ "type": "Feature", "properties": { "LEV1": "Grünlandnutzung", "LEV2": "Naturraum", "LEV3": "Wald", "FLAECHE": 19005.77512993 }, "geometry": { "type": "Polygon", "coordinates": [ [ [ 16.47951882, 48.17179644 ], [ 16.47947888, 48.1718808 ], [ 16.47947179, 48.17189242 ], [ 16.47946348, 48.17190223 ], [ 16.47945074, 48.17191313 ], [ 16.47943665, 48.17192196 ], [ 16.47942094, 48.17192935 ], [ 16.47936024, 48.17195452 ], [ 16.47935012, 48.17194356 ], [ 16.47932326, 48.17195465 ], [ 16.47933338, 48.17196561 ], [ 16.47927402, 48.17199015 ], [ 16.47924756, 48.17199891 ], [ 16.47921907, 48.17200335 ], [ 16.47920119, 48.17200409 ], [ 16.47918088, 48.17200286 ], [ 16.47896127, 48.17198316 ], [ 16.47868631, 48.17212407 ], [ 16.47787775, 48.17257159 ], [ 16.47732047, 48.17282435 ], [ 16.47735042, 48.17285984 ], [ 16.47736771, 48.17289004 ], [ 16.47737129, 48.17292025 ], [ 16.47735067, 48.1729513 ], [ 16.47732048, 48.17297328 ], [ 16.47628885, 48.17342772 ], [ 16.47581286, 48.17361715 ], [ 16.47424233, 48.17422799 ], [ 16.47260984, 48.17485911 ], [ 16.47163612, 48.17522466 ], [ 16.47166039, 48.17514693 ], [ 16.47166911, 48.17514362 ], [ 16.47157956, 48.17501925 ], [ 16.47152071, 48.17494432 ], [ 16.47200559, 48.17475712 ], [ 16.47386563, 48.17404093 ], [ 16.47462639, 48.17374602 ], [ 16.47548505, 48.17341152 ], [ 16.47590355, 48.17324355 ], [ 16.47692825, 48.17281593 ], [ 16.4780249, 48.17230017 ], [ 16.47825504, 48.17218909 ], [ 16.47887864, 48.17190871 ], [ 16.47941771, 48.17168914 ], [ 16.47949767, 48.17177178 ], [ 16.47951882, 48.17179644 ] ] ] } },
{ "type": "Feature", "properties": { "LEV1": "Grünlandnutzung", "LEV2": "Naturraum", "LEV3": "Wald", "FLAECHE": 32644.826581289999 }, "geometry": { "type": "MultiPolygon", "coordinates": [ [ [ [ 16.40442473, 48.21037381 ], [ 16.40350902, 48.2108152 ], [ 16.40314599, 48.21100823 ], [ 16.40290791, 48.21117258 ], [ 16.40252242, 48.21137857 ], [ 16.40246193, 48.21121655 ], [ 16.40239547, 48.2111182 ], [ 16.40213168, 48.21096295 ], [ 16.40203914, 48.21088242 ], [ 16.40197806, 48.21078722 ], [ 16.40191577, 48.21068177 ], [ 16.40185032, 48.21053485 ], [ 16.40180029, 48.21034225 ], [ 16.40169864, 48.20986513 ], [ 16.40163211, 48.20961012 ], [ 16.40154889, 48.20944892 ], [ 16.4014817, 48.20930623 ], [ 16.40133827, 48.20908589 ], [ 16.40120064, 48.20888767 ], [ 16.40114109, 48.20882259 ], [ 16.40090101, 48.2085684 ], [ 16.40244448, 48.20864333 ], [ 16.40253037, 48.20868852 ], [ 16.40253498, 48.20892162 ], [ 16.40263652, 48.20920179 ], [ 16.40293828, 48.20969822 ], [ 16.40300785, 48.2099115 ], [ 16.40350714, 48.20979168 ], [ 16.40394244, 48.20981436 ], [ 16.40418052, 48.20996288 ], [ 16.40442473, 48.21037381 ] ], [ [ 16.40257538, 48.2104084 ], [ 16.40246186, 48.2103264 ], [ 16.40227496, 48.21042375 ], [ 16.40210114, 48.21065149 ], [ 16.40209854, 48.21082967 ], [ 16.4022831, 48.21100212 ], [ 16.40253506, 48.21106493 ], [ 16.40279418, 48.21093831 ], [ 16.40274629, 48.21072868 ], [ 16.40250362, 48.21057481 ], [ 16.40257538, 48.2104084 ] ] ] ] } },
{ "type": "Feature", "properties": { "LEV1": "Grünlandnutzung", "LEV2": "Naturraum", "LEV3": "Wiese, sonstige Grünfläche", "FLAECHE": 2382.0134397699999 }, "geometry": { "type": "Polygon", "coordinates": [ [ [ 16.42024379, 48.19095953 ], [ 16.4202906, 48.19099273 ], [ 16.42028025, 48.19099413 ], [ 16.42022476, 48.19102708 ], [ 16.41997047, 48.19130768 ], [ 16.41992751, 48.19135322 ], [ 16.41873534, 48.19204538 ], [ 16.41862602, 48.19191991 ], [ 16.42024379, 48.19095953 ] ] ] } },
{ "type": "Feature", "properties": { "LEV1": "Grünlandnutzung", "LEV2": "Naturraum", "LEV3": "Wiese, sonstige Grünfläche", "FLAECHE": 31605.19244544 }, "geometry": { "type": "Polygon", "coordinates": [ [ [ 16.44203487, 48.20027759 ], [ 16.43469374, 48.20530431 ], [ 16.43411835, 48.20488401 ], [ 16.43479878, 48.20449708 ], [ 16.43663346, 48.20353199 ], [ 16.44167451, 48.2000323 ], [ 16.44203487, 48.20027759 ] ] ] } },
{ "type": "Feature", "properties": { "LEV1": "Grünlandnutzung", "LEV2": "Naturraum", "LEV3": "Wiese, sonstige Grünfläche", "FLAECHE": 7339.68026809 }, "geometry": { "type": "Polygon", "coordinates": [ [ [ 16.43532444, 48.1946848 ], [ 16.43545282, 48.19564198 ], [ 16.43588894, 48.1960744 ], [ 16.43503675, 48.196187 ], [ 16.43524035, 48.19600354 ], [ 16.43521166, 48.1958677 ], [ 16.43465791, 48.19569615 ], [ 16.43468803, 48.19502131 ], [ 16.43532444, 48.1946848 ] ] ] } },
{ "type": "Feature", "properties": { "LEV1": "Grünlandnutzung", "LEV2": "Naturraum", "LEV3": "Wiese, sonstige Grünfläche", "FLAECHE": 12232.559107040001 }, "geometry": { "type": "Polygon", "coordinates": [ [ [ 16.42688275, 48.19996985 ], [ 16.42693996, 48.19993749 ], [ 16.42755772, 48.19959994 ], [ 16.43005279, 48.19980083 ], [ 16.43154787, 48.19994799 ], [ 16.43148343, 48.20015686 ], [ 16.42769458, 48.20000452 ], [ 16.42732996, 48.2002058 ], [ 16.42727685, 48.20023271 ], [ 16.42688275, 48.19996985 ] ] ] } },
{ "type": "Feature", "properties": { "LEV1": "Grünlandnutzung", "LEV2": "Naturraum", "LEV3": "Wald", "FLAECHE": 5358.4570964499999 }, "geometry": { "type": "Polygon", "coordinates": [ [ [ 16.43974093, 48.19811671 ], [ 16.4396923, 48.19815354 ], [ 16.44006063, 48.1983623 ], [ 16.44044578, 48.1986659 ], [ 16.44111876, 48.19915589 ], [ 16.44115948, 48.19920019 ], [ 16.44122814, 48.19929312 ], [ 16.44125178, 48.1993431 ], [ 16.44126081, 48.19937912 ], [ 16.44118958, 48.19935787 ], [ 16.44099234, 48.19929144 ], [ 16.44096749, 48.1993224 ], [ 16.44058253, 48.19904435 ], [ 16.44052948, 48.19907497 ], [ 16.44042283, 48.1990004 ], [ 16.43993089, 48.19861537 ], [ 16.43963139, 48.19835152 ], [ 16.4392463, 48.19800208 ], [ 16.43914968, 48.19790929 ], [ 16.43890988, 48.19759065 ], [ 16.43889341, 48.19755468 ], [ 16.43899657, 48.19754577 ], [ 16.43974093, 48.19811671 ] ] ] } },
{ "type": "Feature", "properties": { "LEV1": "Grünlandnutzung", "LEV2": "Naturraum", "LEV3": "Wiese, sonstige Grünfläche", "FLAECHE": 12618.06914439 }, "geometry": { "type": "Polygon", "coordinates": [ [ [ 16.43760517, 48.18979979 ], [ 16.4370472, 48.19009907 ], [ 16.43678524, 48.19025668 ], [ 16.43673354, 48.19018709 ], [ 16.43612835, 48.18937254 ], [ 16.43568499, 48.18877577 ], [ 16.43559008, 48.18864802 ], [ 16.43556896, 48.18861959 ], [ 16.43553247, 48.18857047 ], [ 16.43584956, 48.18853353 ], [ 16.43621478, 48.18843204 ], [ 16.43760517, 48.18979979 ] ] ] } },
{ "type": "Feature", "properties": { "LEV1": "Grünlandnutzung", "LEV2": "Naturraum", "LEV3": "Wald", "FLAECHE": 33181.157827410003 }, "geometry": { "type": "Polygon", "coordinates": [ [ [ 16.41830649, 48.20089204 ], [ 16.41792789, 48.20115234 ], [ 16.41782761, 48.20128893 ], [ 16.41746759, 48.20161006 ], [ 16.41731487, 48.20184813 ], [ 16.41705184, 48.20242415 ], [ 16.41689117, 48.20265485 ], [ 16.41670558, 48.20303693 ], [ 16.41650032, 48.20357648 ], [ 16.41632653, 48.20393651 ], [ 16.41621761, 48.20381276 ], [ 16.41617963, 48.20376961 ], [ 16.41607223, 48.20356887 ], [ 16.41598876, 48.20327368 ], [ 16.41595199, 48.20229047 ], [ 16.41584304, 48.20160796 ], [ 16.41583366, 48.20145922 ], [ 16.41584379, 48.20145332 ], [ 16.41600544, 48.20136413 ], [ 16.41621373, 48.20129513 ], [ 16.41674616, 48.20111873 ], [ 16.41747949, 48.200887 ], [ 16.41767816, 48.20070259 ], [ 16.41774444, 48.20050361 ], [ 16.41779773, 48.20009114 ], [ 16.4178668, 48.19987885 ], [ 16.41812076, 48.19961436 ], [ 16.41828802, 48.19956172 ], [ 16.41849305, 48.19957084 ], [ 16.41866756, 48.19950767 ], [ 16.41875202, 48.19941021 ], [ 16.41875237, 48.19929906 ], [ 16.41964401, 48.19892478 ], [ 16.42000398, 48.19920774 ], [ 16.41936551, 48.19958962 ], [ 16.41914967, 48.19939609 ], [ 16.41835758, 48.19973807 ], [ 16.41822487, 48.19991599 ], [ 16.41804245, 48.20037322 ], [ 16.41801635, 48.20053062 ], [ 16.41799733, 48.20067367 ], [ 16.41830649, 48.20089204 ] ] ] } },
{ "type": "Feature", "properties": { "LEV1": "Grünlandnutzung", "LEV2": "Naturraum", "LEV3": "Wald", "FLAECHE": 29885.965364060001 }, "geometry": { "type": "Polygon", "coordinates": [ [ [ 16.41518791, 48.208091 ], [ 16.41489547, 48.20786314 ], [ 16.41319259, 48.2087834 ], [ 16.41315019, 48.20859322 ], [ 16.4131988, 48.20835478 ], [ 16.41321512, 48.20829064 ], [ 16.41322853, 48.20825763 ], [ 16.41330794, 48.20809705 ], [ 16.41345497, 48.20790287 ], [ 16.41406816, 48.20724407 ], [ 16.41442691, 48.2068429 ], [ 16.41461088, 48.20660941 ], [ 16.41479259, 48.20631412 ], [ 16.41522531, 48.20528905 ], [ 16.4154632, 48.20522224 ], [ 16.41561945, 48.20516935 ], [ 16.41576009, 48.20502878 ], [ 16.41512927, 48.20661712 ], [ 16.41516122, 48.20737534 ], [ 16.41516404, 48.20744223 ], [ 16.41622368, 48.20768852 ], [ 16.41634104, 48.2077157 ], [ 16.41740628, 48.20775392 ], [ 16.41733066, 48.20779891 ], [ 16.41655598, 48.2081897 ], [ 16.41622428, 48.20807761 ], [ 16.41578583, 48.20800533 ], [ 16.415229, 48.20812506 ], [ 16.41518791, 48.208091 ] ] ] } },
{ "type": "Feature", "properties": { "LEV1": "Grünlandnutzung", "LEV2": "Naturraum", "LEV3": "Wald", "FLAECHE": 793910.99103051005 }, "geometry": { "type": "MultiPolygon", "coordinates": [ [ [ [ 16.43582426, 48.19386664 ], [ 16.43018557, 48.19686524 ], [ 16.43016997, 48.19686584 ], [ 16.42988563, 48.19687664 ], [ 16.4296631, 48.19685443 ], [ 16.42948017, 48.19678497 ], [ 16.42877173, 48.196367 ], [ 16.42847195, 48.19624196 ], [ 16.42818637, 48.19616323 ], [ 16.42792586, 48.19611245 ], [ 16.42763288, 48.19610603 ], [ 16.42731548, 48.19613245 ], [ 16.42699658, 48.19622389 ], [ 16.42621362, 48.19648226 ], [ 16.42545304, 48.19676928 ], [ 16.42406121, 48.19723396 ], [ 16.42322089, 48.19747031 ], [ 16.42203626, 48.19664232 ], [ 16.42155446, 48.1963117 ], [ 16.42147339, 48.19625645 ], [ 16.42116084, 48.1960466 ], [ 16.42062443, 48.19565489 ], [ 16.4201286, 48.19531046 ], [ 16.41989806, 48.19515369 ], [ 16.41969363, 48.19500284 ], [ 16.4195169, 48.19484631 ], [ 16.41941096, 48.19471662 ], [ 16.41935393, 48.19463311 ], [ 16.41931589, 48.19456686 ], [ 16.41925056, 48.19442418 ], [ 16.41919037, 48.19413833 ], [ 16.41919365, 48.19407314 ], [ 16.41919313, 48.19317749 ], [ 16.41929792, 48.1931397 ], [ 16.4194341, 48.19314269 ], [ 16.41944974, 48.19308395 ], [ 16.41954589, 48.19307066 ], [ 16.41955535, 48.19306762 ], [ 16.42024078, 48.19284713 ], [ 16.42090843, 48.19258484 ], [ 16.42215392, 48.19210678 ], [ 16.42218808, 48.19209367 ], [ 16.42221765, 48.19207845 ], [ 16.42204056, 48.19194782 ], [ 16.42220258, 48.19183312 ], [ 16.42212084, 48.1917786 ], [ 16.4221259, 48.19177472 ], [ 16.42232704, 48.19162069 ], [ 16.42247661, 48.19150614 ], [ 16.42264405, 48.19137791 ], [ 16.42272289, 48.19124869 ], [ 16.42276624, 48.19117763 ], [ 16.42259592, 48.19106858 ], [ 16.42348125, 48.19068649 ], [ 16.42349393, 48.19068084 ], [ 16.42431715, 48.19008948 ], [ 16.42462802, 48.18986617 ], [ 16.42473323, 48.18980626 ], [ 16.42493435, 48.18969176 ], [ 16.4258921, 48.18914645 ], [ 16.42557924, 48.18892896 ], [ 16.42557189, 48.18892384 ], [ 16.42588626, 48.18880174 ], [ 16.4262938, 48.18866275 ], [ 16.42719574, 48.18837686 ], [ 16.42744694, 48.18830353 ], [ 16.42749326, 48.18830829 ], [ 16.42869517, 48.18843673 ], [ 16.42880231, 48.18848273 ], [ 16.42934331, 48.1884243 ], [ 16.4295157, 48.18842988 ], [ 16.43016722, 48.18822363 ], [ 16.43076098, 48.1883631 ], [ 16.43158068, 48.18817894 ], [ 16.43159047, 48.1881874 ], [ 16.43167974, 48.18817384 ], [ 16.43187234, 48.18846659 ], [ 16.43209497, 48.18884907 ], [ 16.43215177, 48.1889448 ], [ 16.43231998, 48.18906535 ], [ 16.43245536, 48.18910858 ], [ 16.43267972, 48.18911846 ], [ 16.43281753, 48.18909416 ], [ 16.43283547, 48.18912067 ], [ 16.43281262, 48.18927124 ], [ 16.43300749, 48.18962289 ], [ 16.43485673, 48.19238657 ], [ 16.4350153, 48.19238076 ], [ 16.43509128, 48.19251127 ], [ 16.43498154, 48.19251687 ], [ 16.43582426, 48.19386664 ] ], [ [ 16.42545988, 48.19435522 ], [ 16.42539099, 48.19418719 ], [ 16.42537669, 48.19418944 ], [ 16.42430133, 48.19435869 ], [ 16.4234156, 48.19449808 ], [ 16.4232465, 48.1945222 ], [ 16.42305698, 48.19454923 ], [ 16.42277038, 48.19459012 ], [ 16.4222165, 48.19460582 ], [ 16.42198035, 48.19464385 ], [ 16.42166839, 48.19469409 ], [ 16.42111398, 48.19489682 ], [ 16.42072672, 48.19503842 ], [ 16.42081519, 48.19540933 ], [ 16.42081869, 48.19542398 ], [ 16.42110427, 48.19543529 ], [ 16.42120989, 48.19542878 ], [ 16.42135551, 48.19541981 ], [ 16.42244031, 48.1952395 ], [ 16.42269717, 48.19512473 ], [ 16.42285887, 48.19497721 ], [ 16.42290238, 48.19493752 ], [ 16.42300783, 48.19492071 ], [ 16.42323924, 48.19488384 ], [ 16.42343876, 48.1946737 ], [ 16.42479179, 48.1944605 ], [ 16.42544776, 48.19435713 ], [ 16.42545988, 48.19435522 ] ] ] ] } },
{ "type": "Feature", "properties": { "LEV1": "Grünlandnutzung", "LEV2": "Naturraum", "LEV3": "Wiese, sonstige Grünfläche", "FLAECHE": 4468.5058385900002 }, "geometry": { "type": "Polygon", "coordinates": [ [ [ 16.42747161, 48.19619755 ], [ 16.42762037, 48.19618203 ], [ 16.42786424, 48.19618085 ], [ 16.42814611, 48.19621695 ], [ 16.42839063, 48.19627575 ], [ 16.42863278, 48.19636936 ], [ 16.42935414, 48.19679442 ], [ 16.42939636, 48.19681261 ], [ 16.42755171, 48.19652341 ], [ 16.42747161, 48.19619755 ] ] ] } },
{ "type": "Feature", "properties": { "LEV1": "Grünlandnutzung", "LEV2": "Naturraum", "LEV3": "Wiese, sonstige Grünfläche", "FLAECHE": 3237.3006953499998 }, "geometry": { "type": "Polygon", "coordinates": [ [ [ 16.41636787, 48.19321409 ], [ 16.41652775, 48.19333659 ], [ 16.41470565, 48.19442 ], [ 16.41451717, 48.19432406 ], [ 16.41636787, 48.19321409 ] ] ] } },
{ "type": "Feature", "properties": { "LEV1": "Grünlandnutzung", "LEV2": "Naturraum", "LEV3": "Wald", "FLAECHE": 114453.02294398 }, "geometry": { "type": "Polygon", "coordinates": [ [ [ 16.4438193, 48.19785583 ], [ 16.44381091, 48.19786211 ], [ 16.44363125, 48.19798456 ], [ 16.44290838, 48.19847711 ], [ 16.44243875, 48.19879711 ], [ 16.44198148, 48.19910618 ], [ 16.44182751, 48.19919682 ], [ 16.44173883, 48.19924903 ], [ 16.44159887, 48.1993221 ], [ 16.44152261, 48.19936192 ], [ 16.44140099, 48.19942093 ], [ 16.44135979, 48.19944615 ], [ 16.44127857, 48.19949585 ], [ 16.44123053, 48.19952601 ], [ 16.44123442, 48.1995038 ], [ 16.44123715, 48.19949042 ], [ 16.44126684, 48.19940316 ], [ 16.44126081, 48.19937912 ], [ 16.44125178, 48.1993431 ], [ 16.44122814, 48.19929312 ], [ 16.44115948, 48.19920019 ], [ 16.44111876, 48.19915589 ], [ 16.44044578, 48.1986659 ], [ 16.44006063, 48.1983623 ], [ 16.4396923, 48.19815354 ], [ 16.43974093, 48.19811671 ], [ 16.44027407, 48.19822514 ], [ 16.44044357, 48.19844509 ], [ 16.44062153, 48.19844493 ], [ 16.44070109, 48.19818906 ], [ 16.44060282, 48.19799879 ], [ 16.44082493, 48.19783203 ], [ 16.44105586, 48.19762956 ], [ 16.44103732, 48.19726671 ], [ 16.44076982, 48.19698737 ], [ 16.4409386, 48.1968504 ], [ 16.44145924, 48.19691572 ], [ 16.44194725, 48.19639218 ], [ 16.44153585, 48.19617279 ], [ 16.43941688, 48.19738149 ], [ 16.43891666, 48.197444 ], [ 16.43897213, 48.19736467 ], [ 16.43895785, 48.19721746 ], [ 16.43895444, 48.19721172 ], [ 16.4388967, 48.19711418 ], [ 16.43873936, 48.19686377 ], [ 16.43858884, 48.19665974 ], [ 16.43853502, 48.19658678 ], [ 16.43852364, 48.19657109 ], [ 16.4384035, 48.19640533 ], [ 16.43837033, 48.19633249 ], [ 16.43836297, 48.19631633 ], [ 16.4383569, 48.19616939 ], [ 16.43839226, 48.1959686 ], [ 16.43868403, 48.19431186 ], [ 16.43873119, 48.19402292 ], [ 16.43936421, 48.1946015 ], [ 16.44026905, 48.19413754 ], [ 16.44038654, 48.19424198 ], [ 16.44071226, 48.19407727 ], [ 16.44075686, 48.19411488 ], [ 16.44086836, 48.19424419 ], [ 16.44287455, 48.1959785 ], [ 16.44285598, 48.19598858 ], [ 16.44211272, 48.19653849 ], [ 16.44201952, 48.19674382 ], [ 16.44188917, 48.19703099 ], [ 16.44187664, 48.1970586 ], [ 16.44216288, 48.19711703 ], [ 16.44228609, 48.19714218 ], [ 16.44230162, 48.19714535 ], [ 16.44251977, 48.197032 ], [ 16.44252918, 48.19702711 ], [ 16.44256993, 48.19704865 ], [ 16.44274071, 48.19716074 ], [ 16.44278974, 48.19719293 ], [ 16.44278331, 48.19720087 ], [ 16.44277689, 48.19720881 ], [ 16.4427625, 48.19722659 ], [ 16.44271935, 48.19730433 ], [ 16.44268268, 48.1973916 ], [ 16.44265365, 48.19747094 ], [ 16.44306638, 48.19774414 ], [ 16.44310426, 48.19771856 ], [ 16.44332718, 48.19786323 ], [ 16.44344836, 48.19778587 ], [ 16.44349481, 48.19775621 ], [ 16.44356194, 48.19771336 ], [ 16.44357208, 48.19770688 ], [ 16.44362637, 48.19774213 ], [ 16.44368072, 48.19777741 ], [ 16.44369847, 48.19778894 ], [ 16.4438193, 48.19785583 ] ] ] } },
{ "type": "Feature", "properties": { "LEV1": "Grünlandnutzung", "LEV2": "Naturraum", "LEV3": "Wiese, sonstige Grünfläche", "FLAECHE": 4909.1771545700003 }, "geometry": { "type": "Polygon", "coordinates": [ [ [ 16.4528939, 48.1908114 ], [ 16.45188686, 48.19132784 ], [ 16.45147879, 48.19097611 ], [ 16.45245636, 48.19042232 ], [ 16.4528939, 48.1908114 ] ] ] } },
{ "type": "Feature", "properties": { "LEV1": "Grünlandnutzung", "LEV2": "Naturraum", "LEV3": "Wiese, sonstige Grünfläche", "FLAECHE": 2302.2120930299998 }, "geometry": { "type": "Polygon", "coordinates": [ [ [ 16.38883121, 48.22965187 ], [ 16.38837944, 48.23015225 ], [ 16.38827905, 48.23026151 ], [ 16.38812873, 48.2301998 ], [ 16.38819712, 48.22995089 ], [ 16.38830338, 48.22941768 ], [ 16.38830711, 48.2294099 ], [ 16.38831165, 48.22940576 ], [ 16.38841405, 48.2294113 ], [ 16.38841275, 48.2294165 ], [ 16.38840017, 48.22948531 ], [ 16.38840811, 48.22948575 ], [ 16.38840518, 48.22950919 ], [ 16.38883121, 48.22965187 ] ] ] } },
{ "type": "Feature", "properties": { "LEV1": "Grünlandnutzung", "LEV2": "Naturraum", "LEV3": "Wald", "FLAECHE": 8122.2877703800004 }, "geometry": { "type": "Polygon", "coordinates": [ [ [ 16.3944159, 48.23299826 ], [ 16.39420243, 48.23317063 ], [ 16.39382514, 48.23310549 ], [ 16.39339036, 48.23300864 ], [ 16.39342519, 48.23297939 ], [ 16.39347922, 48.232934 ], [ 16.39348578, 48.23292849 ], [ 16.39349761, 48.23291855 ], [ 16.39462637, 48.23197045 ], [ 16.39526902, 48.23230938 ], [ 16.3944159, 48.23299826 ] ] ] } },
{ "type": "Feature", "properties": { "LEV1": "Grünlandnutzung", "LEV2": "Naturraum", "LEV3": "Wald", "FLAECHE": 71897.065286330006 }, "geometry": { "type": "Polygon", "coordinates": [ [ [ 16.49089565, 48.16844109 ], [ 16.49058249, 48.16855914 ], [ 16.49021016, 48.16867242 ], [ 16.4898941, 48.1687661 ], [ 16.48967671, 48.16881019 ], [ 16.48923959, 48.16888389 ], [ 16.48885689, 48.16894591 ], [ 16.48856014, 48.16898003 ], [ 16.48789621, 48.1690533 ], [ 16.48726808, 48.16913858 ], [ 16.48681994, 48.16921516 ], [ 16.48659501, 48.16925862 ], [ 16.48628723, 48.16933466 ], [ 16.48623038, 48.16934427 ], [ 16.48618751, 48.16934801 ], [ 16.48615941, 48.16934643 ], [ 16.48612022, 48.16932399 ], [ 16.48608906, 48.16928986 ], [ 16.48539296, 48.16953484 ], [ 16.48428445, 48.16994664 ], [ 16.4835097, 48.17024747 ], [ 16.48234699, 48.17070933 ], [ 16.48206094, 48.17082121 ], [ 16.48167323, 48.17097638 ], [ 16.48133195, 48.17110272 ], [ 16.48102921, 48.17120571 ], [ 16.48058162, 48.17134801 ], [ 16.48001021, 48.17153786 ], [ 16.47993786, 48.17138668 ], [ 16.47999346, 48.17136674 ], [ 16.4800456, 48.17135588 ], [ 16.48025971, 48.17133241 ], [ 16.48038092, 48.17131022 ], [ 16.48044822, 48.17129134 ], [ 16.48059221, 48.17123963 ], [ 16.48105005, 48.17106701 ], [ 16.48184958, 48.17077237 ], [ 16.48291543, 48.17038223 ], [ 16.48314145, 48.17029372 ], [ 16.48335793, 48.17020657 ], [ 16.48430822, 48.16984319 ], [ 16.48435485, 48.16979079 ], [ 16.4843779, 48.16976342 ], [ 16.48442151, 48.16973548 ], [ 16.48447694, 48.16970187 ], [ 16.48566146, 48.16926569 ], [ 16.48596393, 48.16916475 ], [ 16.48638005, 48.16903227 ], [ 16.48789073, 48.16856273 ], [ 16.48840162, 48.16838417 ], [ 16.48884796, 48.1682502 ], [ 16.49038716, 48.16775451 ], [ 16.49068583, 48.16764771 ], [ 16.491196, 48.16746248 ], [ 16.49169625, 48.1672859 ], [ 16.49208745, 48.16715056 ], [ 16.49223262, 48.16709766 ], [ 16.49237993, 48.16704251 ], [ 16.49255986, 48.16697365 ], [ 16.49278008, 48.16688666 ], [ 16.49296268, 48.16681149 ], [ 16.49348223, 48.16657615 ], [ 16.49378149, 48.16644641 ], [ 16.49396007, 48.16637467 ], [ 16.49421266, 48.16645778 ], [ 16.49490551, 48.16605914 ], [ 16.49492373, 48.16603852 ], [ 16.49493495, 48.16601297 ], [ 16.49493635, 48.16598734 ], [ 16.49492902, 48.16596504 ], [ 16.49490813, 48.16594978 ], [ 16.49488002, 48.16594532 ], [ 16.49485503, 48.16595049 ], [ 16.49343636, 48.1665665 ], [ 16.49308289, 48.16672976 ], [ 16.49280229, 48.16685191 ], [ 16.49264399, 48.16691778 ], [ 16.49244391, 48.16699602 ], [ 16.49214043, 48.16710957 ], [ 16.49198452, 48.167165 ], [ 16.49159935, 48.1672961 ], [ 16.4910227, 48.16750238 ], [ 16.49077197, 48.16759355 ], [ 16.49055737, 48.16767055 ], [ 16.48943389, 48.16803835 ], [ 16.48885259, 48.16822475 ], [ 16.48841484, 48.16835474 ], [ 16.48758315, 48.1686161 ], [ 16.48601801, 48.16912834 ], [ 16.48536339, 48.16935322 ], [ 16.48490595, 48.16951776 ], [ 16.48445781, 48.16968831 ], [ 16.48438814, 48.16972464 ], [ 16.48433073, 48.16977112 ], [ 16.48427611, 48.16980447 ], [ 16.484048, 48.16991511 ], [ 16.48388722, 48.16996739 ], [ 16.48372757, 48.17003783 ], [ 16.48323106, 48.17022292 ], [ 16.48301164, 48.1703143 ], [ 16.4823702, 48.17055137 ], [ 16.48169557, 48.17079442 ], [ 16.48062354, 48.17119462 ], [ 16.48041388, 48.17127088 ], [ 16.48026474, 48.17130641 ], [ 16.47999243, 48.17133517 ], [ 16.47992258, 48.17135774 ], [ 16.47988765, 48.17128917 ], [ 16.48102102, 48.17083106 ], [ 16.48263978, 48.17022538 ], [ 16.48476166, 48.16941281 ], [ 16.48571028, 48.16908711 ], [ 16.48693929, 48.16865319 ], [ 16.4876464, 48.16840801 ], [ 16.48852578, 48.16813588 ], [ 16.48933623, 48.16788407 ], [ 16.49022882, 48.16758519 ], [ 16.49069046, 48.16744311 ], [ 16.4916367, 48.16710944 ], [ 16.49204689, 48.16693963 ], [ 16.49300822, 48.16658093 ], [ 16.49406674, 48.16613413 ], [ 16.49432566, 48.16604475 ], [ 16.49469742, 48.16588703 ], [ 16.49493135, 48.16580703 ], [ 16.49504689, 48.16578187 ], [ 16.49518287, 48.16575991 ], [ 16.49522039, 48.16576382 ], [ 16.49526923, 48.16577733 ], [ 16.49530987, 48.16579265 ], [ 16.49534489, 48.16581284 ], [ 16.49537025, 48.16584032 ], [ 16.49537367, 48.16586145 ], [ 16.49536044, 48.16588611 ], [ 16.49521359, 48.16599945 ], [ 16.49502996, 48.16613317 ], [ 16.49474684, 48.16630848 ], [ 16.49421327, 48.16661427 ], [ 16.49268983, 48.16749113 ], [ 16.49165765, 48.16808177 ], [ 16.49145874, 48.16819059 ], [ 16.49127401, 48.16827798 ], [ 16.49089565, 48.16844109 ] ] ] } },
{ "type": "Feature", "properties": { "LEV1": "Grünlandnutzung", "LEV2": "Naturraum", "LEV3": "Wiese, sonstige Grünfläche", "FLAECHE": 26696.608515600001 }, "geometry": { "type": "Polygon", "coordinates": [ [ [ 16.46357791, 48.17755648 ], [ 16.46307316, 48.17773115 ], [ 16.46248129, 48.177915 ], [ 16.45829704, 48.17911544 ], [ 16.45803075, 48.17921231 ], [ 16.45371318, 48.18047956 ], [ 16.45086059, 48.18130946 ], [ 16.45097182, 48.1811803 ], [ 16.4511806, 48.18093787 ], [ 16.45118558, 48.18093209 ], [ 16.46350104, 48.17737473 ], [ 16.46357791, 48.17755648 ] ] ] } },
{ "type": "Feature", "properties": { "LEV1": "Grünlandnutzung", "LEV2": "Naturraum", "LEV3": "Wiese, sonstige Grünfläche", "FLAECHE": 13515.15721612 }, "geometry": { "type": "Polygon", "coordinates": [ [ [ 16.43042, 48.19897765 ], [ 16.43018651, 48.19965234 ], [ 16.42795971, 48.19939867 ], [ 16.42841673, 48.19920074 ], [ 16.4280728, 48.19892222 ], [ 16.42830574, 48.19859575 ], [ 16.43042, 48.19897765 ] ] ] } },
{ "type": "Feature", "properties": { "LEV1": "Grünlandnutzung", "LEV2": "Naturraum", "LEV3": "Wiese, sonstige Grünfläche", "FLAECHE": 42641.965799650003 }, "geometry": { "type": "Polygon", "coordinates": [ [ [ 16.45081579, 48.18107225 ], [ 16.45051912, 48.18141016 ], [ 16.44974088, 48.18163622 ], [ 16.44971854, 48.18163699 ], [ 16.44969825, 48.1816377 ], [ 16.44967043, 48.18164555 ], [ 16.44964492, 48.18166338 ], [ 16.44907982, 48.18182914 ], [ 16.44904782, 48.18183061 ], [ 16.44902431, 48.18184206 ], [ 16.4484502, 48.18200873 ], [ 16.44839602, 48.18201831 ], [ 16.44836029, 48.18203535 ], [ 16.44779868, 48.18220173 ], [ 16.4477703, 48.18220265 ], [ 16.44773254, 48.18221321 ], [ 16.44769264, 48.18223241 ], [ 16.44715158, 48.18238932 ], [ 16.44712025, 48.18239178 ], [ 16.44707765, 48.18240325 ], [ 16.44704823, 48.18241946 ], [ 16.44648741, 48.18258278 ], [ 16.44646872, 48.1825828 ], [ 16.44644117, 48.18259182 ], [ 16.44641726, 48.18260488 ], [ 16.44581718, 48.18277498 ], [ 16.44451408, 48.18315384 ], [ 16.4444029, 48.18316869 ], [ 16.44430358, 48.18319874 ], [ 16.44423857, 48.1832345 ], [ 16.44193524, 48.18390169 ], [ 16.44132449, 48.18406431 ], [ 16.44080155, 48.18422469 ], [ 16.44056339, 48.18429155 ], [ 16.44031082, 48.18435131 ], [ 16.44012233, 48.18437765 ], [ 16.43987509, 48.18441349 ], [ 16.43942573, 48.18452199 ], [ 16.4382657, 48.1848617 ], [ 16.43680119, 48.1852847 ], [ 16.43535549, 48.18570702 ], [ 16.43519555, 48.18576067 ], [ 16.4349253, 48.18586442 ], [ 16.43426279, 48.18605501 ], [ 16.43337994, 48.18629975 ], [ 16.43280585, 48.18645986 ], [ 16.43213163, 48.1866572 ], [ 16.43185606, 48.18673 ], [ 16.43159082, 48.18678688 ], [ 16.43148406, 48.18662472 ], [ 16.44256395, 48.18340107 ], [ 16.44837776, 48.18170611 ], [ 16.45081579, 48.18107225 ] ] ] } },
{ "type": "Feature", "properties": { "LEV1": "Grünlandnutzung", "LEV2": "Naturraum", "LEV3": "Wiese, sonstige Grünfläche", "FLAECHE": 1969.3304914299999 }, "geometry": { "type": "Polygon", "coordinates": [ [ [ 16.39547391, 48.23314629 ], [ 16.39509776, 48.23317511 ], [ 16.3947019, 48.23320173 ], [ 16.39430557, 48.23318844 ], [ 16.39420243, 48.23317063 ], [ 16.3944159, 48.23299826 ], [ 16.39450927, 48.23300251 ], [ 16.39477368, 48.23301058 ], [ 16.39535205, 48.23299371 ], [ 16.39576421, 48.23290096 ], [ 16.39547391, 48.23314629 ] ] ] } },
{ "type": "Feature", "properties": { "LEV1": "Grünlandnutzung", "LEV2": "Naturraum", "LEV3": "Wald", "FLAECHE": 15982.52993155 }, "geometry": { "type": "Polygon", "coordinates": [ [ [ 16.42307479, 48.1978592 ], [ 16.42293903, 48.19800005 ], [ 16.42281001, 48.19815096 ], [ 16.4226405, 48.19821503 ], [ 16.42219555, 48.19856124 ], [ 16.42188339, 48.19875591 ], [ 16.4217249, 48.19890379 ], [ 16.42140294, 48.19911384 ], [ 16.42130977, 48.19920592 ], [ 16.42053485, 48.19885859 ], [ 16.42027708, 48.19902813 ], [ 16.4200305, 48.19876255 ], [ 16.42026241, 48.1986652 ], [ 16.42080984, 48.19837809 ], [ 16.42092962, 48.19825156 ], [ 16.42113622, 48.1981585 ], [ 16.42138265, 48.19807343 ], [ 16.42199535, 48.19789679 ], [ 16.42280012, 48.19766348 ], [ 16.42282855, 48.19765524 ], [ 16.42307479, 48.1978592 ] ] ] } },
{ "type": "Feature", "properties": { "LEV1": "Grünlandnutzung", "LEV2": "Naturraum", "LEV3": "Wiese, sonstige Grünfläche", "FLAECHE": 8406.2435052000001 }, "geometry": { "type": "Polygon", "coordinates": [ [ [ 16.42455898, 48.20934386 ], [ 16.42474707, 48.20921034 ], [ 16.42477475, 48.20920448 ], [ 16.42494148, 48.20921712 ], [ 16.42503197, 48.20922328 ], [ 16.42510255, 48.20922826 ], [ 16.42503446, 48.20970706 ], [ 16.42638232, 48.20979588 ], [ 16.42646296, 48.20927992 ], [ 16.4264885, 48.20929361 ], [ 16.42653508, 48.20930671 ], [ 16.42661454, 48.20935116 ], [ 16.42685889, 48.20949835 ], [ 16.42686978, 48.20950537 ], [ 16.42688769, 48.2095157 ], [ 16.4264347, 48.20983685 ], [ 16.42572132, 48.21033966 ], [ 16.42461581, 48.20989191 ], [ 16.42459232, 48.20976745 ], [ 16.4246486, 48.2094078 ], [ 16.42455898, 48.20934386 ] ] ] } },
{ "type": "Feature", "properties": { "LEV1": "Grünlandnutzung", "LEV2": "Naturraum", "LEV3": "Wiese, sonstige Grünfläche", "FLAECHE": 11236.66970043 }, "geometry": { "type": "Polygon", "coordinates": [ [ [ 16.48162005, 48.17448493 ], [ 16.48172242, 48.17441745 ], [ 16.48182956, 48.17434683 ], [ 16.48353796, 48.17329364 ], [ 16.48362954, 48.17326073 ], [ 16.48373286, 48.17325332 ], [ 16.483733, 48.17330061 ], [ 16.483478, 48.17352651 ], [ 16.48365225, 48.17359541 ], [ 16.48384252, 48.17355878 ], [ 16.48387717, 48.17355058 ], [ 16.48413604, 48.17348928 ], [ 16.48421784, 48.17356194 ], [ 16.48399018, 48.1738351 ], [ 16.48366192, 48.17395919 ], [ 16.48336673, 48.17403657 ], [ 16.48261098, 48.17437225 ], [ 16.48251829, 48.17452807 ], [ 16.48212303, 48.17472333 ], [ 16.48228647, 48.17487882 ], [ 16.4818207, 48.17517748 ], [ 16.48182128, 48.17494924 ], [ 16.48182752, 48.17474122 ], [ 16.48162005, 48.17448493 ] ] ] } },
{ "type": "Feature", "properties": { "LEV1": "Grünlandnutzung", "LEV2": "Naturraum", "LEV3": "Wiese, sonstige Grünfläche", "FLAECHE": 18833.64883043 }, "geometry": { "type": "Polygon", "coordinates": [ [ [ 16.40925534, 48.21121791 ], [ 16.40921359, 48.21119411 ], [ 16.40915651, 48.21117013 ], [ 16.40910939, 48.21115622 ], [ 16.40905327, 48.21114547 ], [ 16.4090086, 48.2111419 ], [ 16.40897792, 48.21114201 ], [ 16.40895881, 48.21114301 ], [ 16.40713861, 48.20959938 ], [ 16.40735035, 48.20948751 ], [ 16.40749927, 48.20941092 ], [ 16.40798322, 48.20915801 ], [ 16.40994633, 48.21082326 ], [ 16.40996577, 48.21083975 ], [ 16.40925534, 48.21121791 ] ] ] } },
{ "type": "Feature", "properties": { "LEV1": "Grünlandnutzung", "LEV2": "Naturraum", "LEV3": "Wald", "FLAECHE": 38458.94981505 }, "geometry": { "type": "Polygon", "coordinates": [ [ [ 16.41997419, 48.19573001 ], [ 16.42053267, 48.19613007 ], [ 16.42106084, 48.19649823 ], [ 16.42271843, 48.19760595 ], [ 16.42195215, 48.19780186 ], [ 16.42132737, 48.19799612 ], [ 16.42088149, 48.19818675 ], [ 16.42017063, 48.19856112 ], [ 16.41952362, 48.19882168 ], [ 16.41952471, 48.19858524 ], [ 16.41942953, 48.1981218 ], [ 16.41942781, 48.19797737 ], [ 16.41952374, 48.19773781 ], [ 16.41989055, 48.19731621 ], [ 16.41993329, 48.19712975 ], [ 16.41995434, 48.19691875 ], [ 16.41993892, 48.19670401 ], [ 16.41979901, 48.19652478 ], [ 16.41961093, 48.1963456 ], [ 16.41971796, 48.1962961 ], [ 16.41972196, 48.19629425 ], [ 16.41968013, 48.19624574 ], [ 16.41945215, 48.1959813 ], [ 16.41997419, 48.19573001 ] ] ] } },
{ "type": "Feature", "properties": { "LEV1": "Grünlandnutzung", "LEV2": "Naturraum", "LEV3": "Wald", "FLAECHE": 125670.31864153 }, "geometry": { "type": "MultiPolygon", "coordinates": [ [ [ [ 16.43544953, 48.19915922 ], [ 16.43515343, 48.19942693 ], [ 16.43475601, 48.19926728 ], [ 16.43433716, 48.19914911 ], [ 16.43403698, 48.19904685 ], [ 16.43367618, 48.19889265 ], [ 16.43133647, 48.19780616 ], [ 16.43096251, 48.19758236 ], [ 16.43078708, 48.19742458 ], [ 16.43049168, 48.19728084 ], [ 16.43058158, 48.19723094 ], [ 16.43054294, 48.1972129 ], [ 16.43311283, 48.19585419 ], [ 16.4338343, 48.19588281 ], [ 16.43399808, 48.19571265 ], [ 16.43465791, 48.19569615 ], [ 16.43521166, 48.1958677 ], [ 16.43524035, 48.19600354 ], [ 16.43503675, 48.196187 ], [ 16.43588894, 48.1960744 ], [ 16.43545282, 48.19564198 ], [ 16.43532444, 48.1946848 ], [ 16.43610885, 48.19427001 ], [ 16.4363058, 48.19462696 ], [ 16.43784409, 48.19696035 ], [ 16.43808929, 48.19728937 ], [ 16.43696833, 48.19802511 ], [ 16.43554284, 48.19913468 ], [ 16.43544953, 48.19915922 ] ], [ [ 16.43442925, 48.19712359 ], [ 16.43391141, 48.19710639 ], [ 16.4334239, 48.19744405 ], [ 16.4330668, 48.19810704 ], [ 16.43329436, 48.19836822 ], [ 16.43414227, 48.19880456 ], [ 16.43495414, 48.19873547 ], [ 16.43570125, 48.19869587 ], [ 16.43616027, 48.19836576 ], [ 16.43652922, 48.19804618 ], [ 16.43585128, 48.19793758 ], [ 16.43512142, 48.19781329 ], [ 16.43468475, 48.19745674 ], [ 16.43442925, 48.19712359 ] ] ] ] } },
{ "type": "Feature", "properties": { "LEV1": "Grünlandnutzung", "LEV2": "Naturraum", "LEV3": "Wald", "FLAECHE": 18901.297310959999 }, "geometry": { "type": "Polygon", "coordinates": [ [ [ 16.43644251, 48.18568486 ], [ 16.4357785, 48.18587889 ], [ 16.43632392, 48.18651048 ], [ 16.4358926, 48.18675518 ], [ 16.43633038, 48.1871514 ], [ 16.43599478, 48.18732776 ], [ 16.43559223, 48.18753928 ], [ 16.43558303, 48.18754515 ], [ 16.43530077, 48.1873165 ], [ 16.43511034, 48.18718411 ], [ 16.43490432, 48.18709322 ], [ 16.43462308, 48.18696914 ], [ 16.43364155, 48.18660125 ], [ 16.4336521, 48.18656239 ], [ 16.43389007, 48.18644977 ], [ 16.43411058, 48.18635596 ], [ 16.43644251, 48.18568486 ] ] ] } },
{ "type": "Feature", "properties": { "LEV1": "Grünlandnutzung", "LEV2": "Naturraum", "LEV3": "Wiese, sonstige Grünfläche", "FLAECHE": 10341.14402706 }, "geometry": { "type": "Polygon", "coordinates": [ [ [ 16.4149415, 48.19505 ], [ 16.4146429, 48.19505472 ], [ 16.41441499, 48.19509663 ], [ 16.41437694, 48.19510363 ], [ 16.41395459, 48.19535976 ], [ 16.41387446, 48.19538905 ], [ 16.41324093, 48.19578177 ], [ 16.41278193, 48.19592586 ], [ 16.41273623, 48.19589541 ], [ 16.41272208, 48.1958813 ], [ 16.41323312, 48.19553895 ], [ 16.4137837, 48.19519818 ], [ 16.41424017, 48.19498375 ], [ 16.41468534, 48.19485898 ], [ 16.41475581, 48.19485363 ], [ 16.41490053, 48.19484264 ], [ 16.41502036, 48.19484887 ], [ 16.41515502, 48.19484481 ], [ 16.41551796, 48.19487302 ], [ 16.41598786, 48.19490493 ], [ 16.41633855, 48.19491152 ], [ 16.4166557, 48.19491747 ], [ 16.41673603, 48.19491898 ], [ 16.41728051, 48.1949224 ], [ 16.41782071, 48.19492578 ], [ 16.41816714, 48.19494834 ], [ 16.41848638, 48.19499651 ], [ 16.41885737, 48.19508286 ], [ 16.41911563, 48.19516406 ], [ 16.41931976, 48.19529234 ], [ 16.41959957, 48.1954756 ], [ 16.41907091, 48.19540275 ], [ 16.41890156, 48.19528985 ], [ 16.41817, 48.19519968 ], [ 16.41705277, 48.19506196 ], [ 16.41521903, 48.19500697 ], [ 16.4149415, 48.19505 ] ] ] } },
{ "type": "Feature", "properties": { "LEV1": "Grünlandnutzung", "LEV2": "Naturraum", "LEV3": "Wiese, sonstige Grünfläche", "FLAECHE": 5969.3660059699996 }, "geometry": { "type": "Polygon", "coordinates": [ [ [ 16.43993015, 48.20049273 ], [ 16.43968176, 48.20066572 ], [ 16.43965677, 48.20067842 ], [ 16.4396327, 48.20068618 ], [ 16.43960607, 48.20068899 ], [ 16.43957876, 48.20068578 ], [ 16.43954107, 48.20067673 ], [ 16.4395157, 48.20066395 ], [ 16.43950471, 48.20065841 ], [ 16.43888292, 48.20027097 ], [ 16.43912715, 48.20007716 ], [ 16.43913356, 48.20005467 ], [ 16.43920401, 48.20004149 ], [ 16.43926684, 48.20003818 ], [ 16.43933532, 48.20004415 ], [ 16.43941958, 48.20006485 ], [ 16.43948552, 48.20007945 ], [ 16.43956571, 48.2000872 ], [ 16.4396331, 48.20008453 ], [ 16.43970034, 48.20007062 ], [ 16.43975975, 48.20004467 ], [ 16.43980758, 48.20001773 ], [ 16.43985015, 48.19997965 ], [ 16.43986823, 48.19993989 ], [ 16.43987717, 48.19990615 ], [ 16.43987765, 48.1998916 ], [ 16.43987844, 48.19986721 ], [ 16.43987128, 48.19982628 ], [ 16.43984855, 48.19978594 ], [ 16.43981996, 48.19975395 ], [ 16.43978237, 48.19972368 ], [ 16.43974358, 48.19969952 ], [ 16.43969955, 48.19968139 ], [ 16.43968369, 48.19967661 ], [ 16.43965675, 48.19966848 ], [ 16.43960885, 48.1996616 ], [ 16.43959346, 48.19966161 ], [ 16.43955329, 48.19966165 ], [ 16.43950016, 48.19966772 ], [ 16.43941357, 48.19968687 ], [ 16.43938636, 48.19966693 ], [ 16.43980792, 48.19936124 ], [ 16.43983548, 48.19937523 ], [ 16.43990069, 48.19934482 ], [ 16.439952, 48.1993209 ], [ 16.44001647, 48.19947399 ], [ 16.44005944, 48.19963385 ], [ 16.4400797, 48.19980992 ], [ 16.44008424, 48.19992323 ], [ 16.44005048, 48.20012408 ], [ 16.43997269, 48.20037443 ], [ 16.43994776, 48.20044377 ], [ 16.43993015, 48.20049273 ] ] ] } },
{ "type": "Feature", "properties": { "LEV1": "Grünlandnutzung", "LEV2": "Naturraum", "LEV3": "Wiese, sonstige Grünfläche", "FLAECHE": 2993.8181469900001 }, "geometry": { "type": "Polygon", "coordinates": [ [ [ 16.41001687, 48.21091139 ], [ 16.41003316, 48.21091776 ], [ 16.41029073, 48.2111355 ], [ 16.41032295, 48.2111755 ], [ 16.41033266, 48.21119258 ], [ 16.41034643, 48.21122603 ], [ 16.41035065, 48.21126092 ], [ 16.4103449, 48.21128098 ], [ 16.41032878, 48.21130302 ], [ 16.41030096, 48.21132336 ], [ 16.41026949, 48.21133625 ], [ 16.41020587, 48.21135301 ], [ 16.40961298, 48.21148246 ], [ 16.40942195, 48.21152825 ], [ 16.40938608, 48.21137935 ], [ 16.40936259, 48.21132433 ], [ 16.40931097, 48.21126186 ], [ 16.40994624, 48.21092366 ], [ 16.40996143, 48.2109143 ], [ 16.40997932, 48.21090943 ], [ 16.40999843, 48.21090843 ], [ 16.41001687, 48.21091139 ] ] ] } },
{ "type": "Feature", "properties": { "LEV1": "Grünlandnutzung", "LEV2": "Naturraum", "LEV3": "Wiese, sonstige Grünfläche", "FLAECHE": 12617.03911996 }, "geometry": { "type": "Polygon", "coordinates": [ [ [ 16.44512109, 48.19557083 ], [ 16.4448842, 48.19547763 ], [ 16.44457515, 48.19578611 ], [ 16.44415875, 48.1956196 ], [ 16.44458421, 48.19512083 ], [ 16.44591181, 48.19419663 ], [ 16.44655511, 48.19433809 ], [ 16.44682149, 48.19440554 ], [ 16.44512109, 48.19557083 ] ] ] } },
{ "type": "Feature", "properties": { "LEV1": "Grünlandnutzung", "LEV2": "Naturraum", "LEV3": "Wiese, sonstige Grünfläche", "FLAECHE": 38675.512628789998 }, "geometry": { "type": "Polygon", "coordinates": [ [ [ 16.44575015, 48.1839439 ], [ 16.44574764, 48.18393031 ], [ 16.44562494, 48.18394096 ], [ 16.44562849, 48.18390102 ], [ 16.44566953, 48.18384963 ], [ 16.44572581, 48.18381774 ], [ 16.44578844, 48.18379988 ], [ 16.44591144, 48.1837789 ], [ 16.44606074, 48.18372848 ], [ 16.44613929, 48.18367148 ], [ 16.44620546, 48.18360999 ], [ 16.44626663, 48.18353781 ], [ 16.44631821, 48.18344926 ], [ 16.44631727, 48.18338604 ], [ 16.4462664, 48.18330659 ], [ 16.44621884, 48.18326599 ], [ 16.44610005, 48.18317994 ], [ 16.44600168, 48.18308948 ], [ 16.44587338, 48.18295659 ], [ 16.44580852, 48.18287589 ], [ 16.44540239, 48.18299966 ], [ 16.44500646, 48.18311596 ], [ 16.44427764, 48.1833315 ], [ 16.4437348, 48.18348768 ], [ 16.44323107, 48.18362908 ], [ 16.44260085, 48.18380359 ], [ 16.44254131, 48.18381759 ], [ 16.44244573, 48.18383422 ], [ 16.44239329, 48.18384111 ], [ 16.44236154, 48.1838343 ], [ 16.44236528, 48.18382378 ], [ 16.44238557, 48.18381521 ], [ 16.44247251, 48.18378168 ], [ 16.44254011, 48.1837594 ], [ 16.4442674, 48.18326019 ], [ 16.44434069, 48.18325743 ], [ 16.44444955, 48.18322432 ], [ 16.44446093, 48.18320407 ], [ 16.44577357, 48.1828216 ], [ 16.4458416, 48.182813 ], [ 16.44588512, 48.18278606 ], [ 16.44645603, 48.18262355 ], [ 16.44647996, 48.18262119 ], [ 16.4464895, 48.1826165 ], [ 16.44649984, 48.18260885 ], [ 16.44706079, 48.18244445 ], [ 16.44711054, 48.1824426 ], [ 16.44714737, 48.18243492 ], [ 16.4471675, 48.18241314 ], [ 16.44723575, 48.18239316 ], [ 16.44772361, 48.18225077 ], [ 16.44776368, 48.18224817 ], [ 16.44778989, 48.18224077 ], [ 16.447815, 48.18222464 ], [ 16.44838804, 48.18205933 ], [ 16.44840513, 48.18206498 ], [ 16.44843941, 48.18205586 ], [ 16.44846018, 48.1820372 ], [ 16.44871693, 48.18196308 ], [ 16.44901981, 48.18187606 ], [ 16.44905234, 48.18187072 ], [ 16.44907815, 48.18186431 ], [ 16.44910089, 48.18185148 ], [ 16.44967209, 48.1816859 ], [ 16.44970281, 48.18169129 ], [ 16.44973104, 48.18168506 ], [ 16.44974726, 48.18166427 ], [ 16.45007691, 48.181567 ], [ 16.45048384, 48.18145148 ], [ 16.45043515, 48.181507 ], [ 16.45031844, 48.18164463 ], [ 16.45032964, 48.18164939 ], [ 16.44999388, 48.18202385 ], [ 16.44975999, 48.18225134 ], [ 16.44955465, 48.1824395 ], [ 16.44927063, 48.18267846 ], [ 16.44908307, 48.18281984 ], [ 16.44887682, 48.18295908 ], [ 16.44866798, 48.18308456 ], [ 16.44852402, 48.18316828 ], [ 16.44838068, 48.18324249 ], [ 16.44821933, 48.18331927 ], [ 16.44802064, 48.18340976 ], [ 16.44784193, 48.18347927 ], [ 16.44755168, 48.1835827 ], [ 16.44728612, 48.18366417 ], [ 16.4470524, 48.18372681 ], [ 16.44678425, 48.183792 ], [ 16.44658772, 48.18383194 ], [ 16.44634561, 48.18387003 ], [ 16.44599485, 48.18391821 ], [ 16.44575015, 48.1839439 ] ] ] } },
{ "type": "Feature", "properties": { "LEV1": "Grünlandnutzung", "LEV2": "Naturraum", "LEV3": "Wald", "FLAECHE": 2629.2583049700002 }, "geometry": { "type": "Polygon", "coordinates": [ [ [ 16.43279566, 48.18905218 ], [ 16.43264935, 48.18906138 ], [ 16.43249129, 48.18904767 ], [ 16.43231445, 48.18898468 ], [ 16.43225515, 48.18891899 ], [ 16.43221147, 48.18886624 ], [ 16.43217979, 48.18882417 ], [ 16.43198333, 48.18848098 ], [ 16.43185911, 48.18829195 ], [ 16.43175877, 48.1881432 ], [ 16.43201328, 48.18807129 ], [ 16.43245899, 48.18874597 ], [ 16.43253716, 48.18883467 ], [ 16.43265202, 48.18883673 ], [ 16.43273309, 48.18896356 ], [ 16.43279566, 48.18905218 ] ] ] } },
{ "type": "Feature", "properties": { "LEV1": "Grünlandnutzung", "LEV2": "Naturraum", "LEV3": "Wald", "FLAECHE": 4216.6878530699996 }, "geometry": { "type": "Polygon", "coordinates": [ [ [ 16.44601079, 48.19636948 ], [ 16.44526213, 48.19686823 ], [ 16.44488318, 48.19654516 ], [ 16.44536008, 48.19594823 ], [ 16.44601079, 48.19636948 ] ] ] } },
{ "type": "Feature", "properties": { "LEV1": "Grünlandnutzung", "LEV2": "Naturraum", "LEV3": "Wiese, sonstige Grünfläche", "FLAECHE": 764.10280906000003 }, "geometry": { "type": "Polygon", "coordinates": [ [ [ 16.46393849, 48.17723959 ], [ 16.46399337, 48.17734812 ], [ 16.46403126, 48.17742306 ], [ 16.46357791, 48.17755648 ], [ 16.46350104, 48.17737473 ], [ 16.46357543, 48.17735323 ], [ 16.46393849, 48.17723959 ] ] ] } },
{ "type": "Feature", "properties": { "LEV1": "Grünlandnutzung", "LEV2": "Naturraum", "LEV3": "Wiese, sonstige Grünfläche", "FLAECHE": 2464.51938148 }, "geometry": { "type": "Polygon", "coordinates": [ [ [ 16.41848191, 48.19200415 ], [ 16.41854841, 48.19214922 ], [ 16.41854841, 48.19215709 ], [ 16.4179882, 48.19248363 ], [ 16.41781203, 48.19258708 ], [ 16.41776097, 48.19262003 ], [ 16.41720211, 48.1929407 ], [ 16.41694258, 48.19308961 ], [ 16.41680954, 48.19300018 ], [ 16.4168305, 48.19298656 ], [ 16.41809045, 48.19223838 ], [ 16.41848191, 48.19200415 ] ] ] } },
{ "type": "Feature", "properties": { "LEV1": "Grünlandnutzung", "LEV2": "Naturraum", "LEV3": "Wiese, sonstige Grünfläche", "FLAECHE": 27150.103495529998 }, "geometry": { "type": "Polygon", "coordinates": [ [ [ 16.41390164, 48.20229581 ], [ 16.41354398, 48.2021821 ], [ 16.41315457, 48.20214129 ], [ 16.41278471, 48.20218454 ], [ 16.41243623, 48.20227936 ], [ 16.4117562, 48.20257495 ], [ 16.40828818, 48.20471775 ], [ 16.40811204, 48.20457368 ], [ 16.40796996, 48.20451668 ], [ 16.40798056, 48.2045104 ], [ 16.40930491, 48.20359147 ], [ 16.41078266, 48.2026498 ], [ 16.41150947, 48.20224209 ], [ 16.41172137, 48.20204477 ], [ 16.41169421, 48.20164946 ], [ 16.41150271, 48.20141727 ], [ 16.41121799, 48.20128143 ], [ 16.41145082, 48.20127282 ], [ 16.41160292, 48.20126719 ], [ 16.41210045, 48.20130689 ], [ 16.41262207, 48.20143703 ], [ 16.4131241, 48.20168761 ], [ 16.4133913, 48.20188253 ], [ 16.41369916, 48.20210712 ], [ 16.41390164, 48.20229581 ] ] ] } },
{ "type": "Feature", "properties": { "LEV1": "Grünlandnutzung", "LEV2": "Naturraum", "LEV3": "Wald", "FLAECHE": 13636.9524413 }, "geometry": { "type": "Polygon", "coordinates": [ [ [ 16.42980046, 48.19694164 ], [ 16.4296288, 48.19700662 ], [ 16.42945098, 48.19700848 ], [ 16.42923097, 48.19696531 ], [ 16.42861598, 48.1968988 ], [ 16.42840074, 48.19689061 ], [ 16.42812361, 48.19687258 ], [ 16.42761793, 48.19685023 ], [ 16.42718602, 48.19686028 ], [ 16.42675274, 48.19685766 ], [ 16.42639982, 48.19688402 ], [ 16.42609023, 48.19691538 ], [ 16.42569299, 48.19698215 ], [ 16.42518363, 48.19708875 ], [ 16.42489455, 48.1971638 ], [ 16.42452762, 48.19725563 ], [ 16.42400354, 48.1974136 ], [ 16.42370066, 48.19751896 ], [ 16.42363488, 48.1975995 ], [ 16.42352256, 48.19767657 ], [ 16.42347903, 48.19763073 ], [ 16.42328405, 48.19751352 ], [ 16.42396775, 48.19732558 ], [ 16.42669384, 48.19640642 ], [ 16.42710949, 48.19625591 ], [ 16.42730164, 48.19621529 ], [ 16.42747161, 48.19619755 ], [ 16.42755171, 48.19652341 ], [ 16.42939636, 48.19681261 ], [ 16.42959148, 48.19689667 ], [ 16.42980046, 48.19694164 ] ] ] } },
{ "type": "Feature", "properties": { "LEV1": "Grünlandnutzung", "LEV2": "Naturraum", "LEV3": "Wald", "FLAECHE": 62627.905204399998 }, "geometry": { "type": "Polygon", "coordinates": [ [ [ 16.41121799, 48.20128143 ], [ 16.41150271, 48.20141727 ], [ 16.41169421, 48.20164946 ], [ 16.41172137, 48.20204477 ], [ 16.41150947, 48.20224209 ], [ 16.41078266, 48.2026498 ], [ 16.40930491, 48.20359147 ], [ 16.40798056, 48.2045104 ], [ 16.40796996, 48.20451668 ], [ 16.40790403, 48.20449023 ], [ 16.40750848, 48.20442462 ], [ 16.40726097, 48.2043195 ], [ 16.40710378, 48.20410161 ], [ 16.40693286, 48.2039685 ], [ 16.40693303, 48.20394079 ], [ 16.40689176, 48.20393649 ], [ 16.40676078, 48.20383448 ], [ 16.40616999, 48.20337625 ], [ 16.40632813, 48.2033218 ], [ 16.40721018, 48.20298284 ], [ 16.40774501, 48.20273862 ], [ 16.40801456, 48.20261191 ], [ 16.40856545, 48.20231542 ], [ 16.40953991, 48.20170767 ], [ 16.40993768, 48.20150138 ], [ 16.4103213, 48.20136974 ], [ 16.41083306, 48.20129567 ], [ 16.41121799, 48.20128143 ] ] ] } },
{ "type": "Feature", "properties": { "LEV1": "Grünlandnutzung", "LEV2": "Naturraum", "LEV3": "Wald", "FLAECHE": 38799.329764020003 }, "geometry": { "type": "Polygon", "coordinates": [ [ [ 16.41472856, 48.20016577 ], [ 16.41494433, 48.20051078 ], [ 16.41525418, 48.20105933 ], [ 16.41541831, 48.20150627 ], [ 16.41544927, 48.20160086 ], [ 16.41538797, 48.20171907 ], [ 16.41520768, 48.20187604 ], [ 16.41506253, 48.20196688 ], [ 16.41461731, 48.20210056 ], [ 16.41423807, 48.2021018 ], [ 16.41389689, 48.20199987 ], [ 16.41366656, 48.20180793 ], [ 16.41331832, 48.20157398 ], [ 16.41273794, 48.20128317 ], [ 16.41216451, 48.20114173 ], [ 16.41161706, 48.20109415 ], [ 16.41145535, 48.20108824 ], [ 16.41144332, 48.20099007 ], [ 16.41188499, 48.20070079 ], [ 16.41196279, 48.20059886 ], [ 16.41200193, 48.20054756 ], [ 16.41299699, 48.19990595 ], [ 16.41301793, 48.19991923 ], [ 16.4138554, 48.20045019 ], [ 16.41410199, 48.20059152 ], [ 16.41472856, 48.20016577 ] ] ] } },
{ "type": "Feature", "properties": { "LEV1": "Grünlandnutzung", "LEV2": "Naturraum", "LEV3": "Wiese, sonstige Grünfläche", "FLAECHE": 22787.689523829999 }, "geometry": { "type": "Polygon", "coordinates": [ [ [ 16.40830026, 48.20723563 ], [ 16.40771152, 48.20740242 ], [ 16.40751243, 48.20753899 ], [ 16.40752211, 48.20775767 ], [ 16.4076706, 48.20792394 ], [ 16.40763999, 48.20816234 ], [ 16.40744787, 48.20839086 ], [ 16.40728894, 48.20842724 ], [ 16.40686195, 48.20843771 ], [ 16.40671787, 48.20842441 ], [ 16.40652025, 48.20842093 ], [ 16.4068671, 48.20749935 ], [ 16.40680103, 48.20732818 ], [ 16.40681872, 48.20705215 ], [ 16.40703947, 48.20681896 ], [ 16.40731598, 48.20667265 ], [ 16.40754464, 48.2065752 ], [ 16.40785754, 48.20649864 ], [ 16.40813665, 48.20653168 ], [ 16.40800667, 48.20663045 ], [ 16.4081066, 48.20681414 ], [ 16.40815898, 48.20699003 ], [ 16.40850176, 48.20702969 ], [ 16.40868487, 48.20693653 ], [ 16.4086754, 48.20678814 ], [ 16.40860646, 48.20664334 ], [ 16.4086132, 48.20651182 ], [ 16.40896932, 48.2064333 ], [ 16.40925169, 48.20652505 ], [ 16.40967095, 48.20683833 ], [ 16.40981477, 48.20701752 ], [ 16.40981158, 48.20713735 ], [ 16.40964812, 48.20731829 ], [ 16.40951745, 48.20738871 ], [ 16.40924563, 48.2073302 ], [ 16.40878354, 48.20724128 ], [ 16.40844788, 48.20722729 ], [ 16.40830026, 48.20723563 ] ] ] } },
{ "type": "Feature", "properties": { "LEV1": "Grünlandnutzung", "LEV2": "Naturraum", "LEV3": "Wald", "FLAECHE": 11481.56363604 }, "geometry": { "type": "Polygon", "coordinates": [ [ [ 16.43505709, 48.18850573 ], [ 16.43497535, 48.18851569 ], [ 16.43417823, 48.18861276 ], [ 16.43415977, 48.18861847 ], [ 16.43314816, 48.188931 ], [ 16.4331095, 48.18894295 ], [ 16.43300627, 48.18897484 ], [ 16.43285142, 48.18873422 ], [ 16.43299322, 48.18868724 ], [ 16.43209402, 48.1874749 ], [ 16.43202128, 48.18734186 ], [ 16.43300432, 48.18793967 ], [ 16.43361075, 48.18815781 ], [ 16.43444704, 48.18830829 ], [ 16.43468346, 48.18830247 ], [ 16.43505709, 48.18850573 ] ] ] } },
{ "type": "Feature", "properties": { "LEV1": "Grünlandnutzung", "LEV2": "Naturraum", "LEV3": "Wald", "FLAECHE": 65921.112465779996 }, "geometry": { "type": "Polygon", "coordinates": [ [ [ 16.40602077, 48.21017906 ], [ 16.40605889, 48.21015914 ], [ 16.40677048, 48.20978721 ], [ 16.40682474, 48.20981559 ], [ 16.40685324, 48.20979894 ], [ 16.40861121, 48.21128858 ], [ 16.40864219, 48.21132172 ], [ 16.40863997, 48.21136651 ], [ 16.40864662, 48.21140599 ], [ 16.40866188, 48.21144546 ], [ 16.40867833, 48.21147243 ], [ 16.40869734, 48.21149526 ], [ 16.40874773, 48.21154136 ], [ 16.40879244, 48.21157065 ], [ 16.40883983, 48.21159418 ], [ 16.4088918, 48.21161205 ], [ 16.40893944, 48.21162155 ], [ 16.40897726, 48.21162467 ], [ 16.40922065, 48.21161768 ], [ 16.40917764, 48.21164613 ], [ 16.40913691, 48.21167808 ], [ 16.4090528, 48.21176465 ], [ 16.4084379, 48.21243566 ], [ 16.4084238, 48.21244897 ], [ 16.40837487, 48.21249515 ], [ 16.40830525, 48.21254996 ], [ 16.40823651, 48.21259475 ], [ 16.40818547, 48.21262801 ], [ 16.40690476, 48.2133033 ], [ 16.40537095, 48.214112 ], [ 16.40528784, 48.21415063 ], [ 16.4052327, 48.21417135 ], [ 16.40519933, 48.21417433 ], [ 16.40517053, 48.21417021 ], [ 16.40515222, 48.21416204 ], [ 16.40513418, 48.21415162 ], [ 16.40461931, 48.21371998 ], [ 16.40456194, 48.21367271 ], [ 16.40570107, 48.21306499 ], [ 16.40574728, 48.21300904 ], [ 16.4057035, 48.2129536 ], [ 16.40560409, 48.21289334 ], [ 16.40536468, 48.21276582 ], [ 16.40516643, 48.21271943 ], [ 16.40529535, 48.21263068 ], [ 16.40537245, 48.21254377 ], [ 16.40546448, 48.21242796 ], [ 16.40556156, 48.21228284 ], [ 16.40568601, 48.21207044 ], [ 16.40578142, 48.21187687 ], [ 16.40590727, 48.21161534 ], [ 16.4059689, 48.21147634 ], [ 16.40597694, 48.21145798 ], [ 16.40599683, 48.21140459 ], [ 16.4065301, 48.21157251 ], [ 16.40671233, 48.21145987 ], [ 16.40720771, 48.21120638 ], [ 16.40602077, 48.21017906 ] ] ] } },
{ "type": "Feature", "properties": { "LEV1": "Grünlandnutzung", "LEV2": "Naturraum", "LEV3": "Wiese, sonstige Grünfläche", "FLAECHE": 24699.895052290001 }, "geometry": { "type": "Polygon", "coordinates": [ [ [ 16.4437857, 48.18418273 ], [ 16.44017484, 48.18554429 ], [ 16.43863653, 48.18660168 ], [ 16.43843355, 48.18642999 ], [ 16.43820837, 48.18613601 ], [ 16.43894679, 48.18593067 ], [ 16.43876351, 48.18563098 ], [ 16.44043994, 48.18517414 ], [ 16.44012515, 48.18469873 ], [ 16.43991541, 48.18473866 ], [ 16.43870731, 48.18505486 ], [ 16.43869179, 48.18502756 ], [ 16.438659, 48.18496991 ], [ 16.43972018, 48.18468864 ], [ 16.44055484, 48.18451783 ], [ 16.44160387, 48.18435706 ], [ 16.44254853, 48.18425339 ], [ 16.44320914, 48.18420808 ], [ 16.4437857, 48.18418273 ] ] ] } },
{ "type": "Feature", "properties": { "LEV1": "Grünlandnutzung", "LEV2": "Naturraum", "LEV3": "Wiese, sonstige Grünfläche", "FLAECHE": 16509.815548719998 }, "geometry": { "type": "Polygon", "coordinates": [ [ [ 16.43813604, 48.19264999 ], [ 16.43792722, 48.19276077 ], [ 16.43791969, 48.19276618 ], [ 16.43776976, 48.1928443 ], [ 16.43626014, 48.19362974 ], [ 16.4355237, 48.19250991 ], [ 16.4353498, 48.19251321 ], [ 16.43525108, 48.19237867 ], [ 16.43541636, 48.19236915 ], [ 16.43548688, 48.19237031 ], [ 16.43604129, 48.19237945 ], [ 16.43641236, 48.19237492 ], [ 16.43670134, 48.19237466 ], [ 16.43784671, 48.19237366 ], [ 16.43813567, 48.1923734 ], [ 16.43822626, 48.1923358 ], [ 16.43824891, 48.1923264 ], [ 16.43813604, 48.19264999 ] ] ] } },
{ "type": "Feature", "properties": { "LEV1": "Grünlandnutzung", "LEV2": "Naturraum", "LEV3": "Wiese, sonstige Grünfläche", "FLAECHE": 13067.78570524 }, "geometry": { "type": "Polygon", "coordinates": [ [ [ 16.4275418, 48.20098536 ], [ 16.42752968, 48.20095397 ], [ 16.42508936, 48.20129878 ], [ 16.42489643, 48.20190017 ], [ 16.42390386, 48.20095651 ], [ 16.42708981, 48.20064927 ], [ 16.42713711, 48.20064056 ], [ 16.42732392, 48.20077241 ], [ 16.42753128, 48.20091875 ], [ 16.4275418, 48.20098536 ] ] ] } },
{ "type": "Feature", "properties": { "LEV1": "Grünlandnutzung", "LEV2": "Naturraum", "LEV3": "Wald", "FLAECHE": 106750.20197241 }, "geometry": { "type": "MultiPolygon", "coordinates": [ [ [ [ 16.4349533, 48.20007438 ], [ 16.43462934, 48.20027365 ], [ 16.43471946, 48.20033765 ], [ 16.43374644, 48.20096969 ], [ 16.43313533, 48.20063184 ], [ 16.43345559, 48.20032692 ], [ 16.43302721, 48.20008222 ], [ 16.43282978, 48.1999694 ], [ 16.43281065, 48.19980979 ], [ 16.43237653, 48.19965783 ], [ 16.43212621, 48.20003238 ], [ 16.432431, 48.20022267 ], [ 16.43069911, 48.20079012 ], [ 16.43000355, 48.2011982 ], [ 16.42960944, 48.20144287 ], [ 16.42955302, 48.20147018 ], [ 16.42944712, 48.20152091 ], [ 16.42839394, 48.20082093 ], [ 16.42787138, 48.20062925 ], [ 16.42727685, 48.20023271 ], [ 16.42732996, 48.2002058 ], [ 16.42769458, 48.20000452 ], [ 16.43148343, 48.20015686 ], [ 16.43154787, 48.19994799 ], [ 16.43005279, 48.19980083 ], [ 16.42755772, 48.19959994 ], [ 16.42693996, 48.19993749 ], [ 16.42688275, 48.19996985 ], [ 16.42620808, 48.19951629 ], [ 16.42622177, 48.1995092 ], [ 16.42855837, 48.19829919 ], [ 16.42912469, 48.1980006 ], [ 16.42998343, 48.19754503 ], [ 16.4301524, 48.19777665 ], [ 16.43049845, 48.19788941 ], [ 16.4307759, 48.19793172 ], [ 16.43114191, 48.19813907 ], [ 16.43172215, 48.19853942 ], [ 16.43241457, 48.19892321 ], [ 16.43272784, 48.19904894 ], [ 16.4335019, 48.19941998 ], [ 16.43382658, 48.19960622 ], [ 16.43420504, 48.19977084 ], [ 16.43461533, 48.19991231 ], [ 16.43490588, 48.20005164 ], [ 16.4349533, 48.20007438 ] ], [ [ 16.43042, 48.19897765 ], [ 16.42830574, 48.19859575 ], [ 16.4280728, 48.19892222 ], [ 16.42841673, 48.19920074 ], [ 16.42795971, 48.19939867 ], [ 16.43018651, 48.19965234 ], [ 16.43042, 48.19897765 ] ] ] ] } },
{ "type": "Feature", "properties": { "LEV1": "Grünlandnutzung", "LEV2": "Naturraum", "LEV3": "Wald", "FLAECHE": 267165.90419660998 }, "geometry": { "type": "MultiPolygon", "coordinates": [ [ [ [ 16.44488318, 48.19654516 ], [ 16.44472312, 48.19642219 ], [ 16.44401362, 48.19677081 ], [ 16.44082213, 48.19399981 ], [ 16.44208525, 48.19327033 ], [ 16.44219756, 48.19278727 ], [ 16.44267548, 48.19282708 ], [ 16.44271182, 48.19283011 ], [ 16.44272786, 48.19278018 ], [ 16.44267652, 48.19277605 ], [ 16.44247519, 48.19254877 ], [ 16.44382425, 48.19203237 ], [ 16.44378215, 48.19190415 ], [ 16.44424279, 48.19176532 ], [ 16.44470618, 48.19152494 ], [ 16.44518767, 48.19132537 ], [ 16.44548876, 48.19123327 ], [ 16.44583198, 48.19116216 ], [ 16.44632933, 48.19102229 ], [ 16.44704083, 48.19089732 ], [ 16.44783052, 48.19073 ], [ 16.44829014, 48.1905648 ], [ 16.44889185, 48.19048795 ], [ 16.45039099, 48.19043583 ], [ 16.45084937, 48.19037971 ], [ 16.45130307, 48.19040003 ], [ 16.45198337, 48.19034512 ], [ 16.45261203, 48.19023342 ], [ 16.45302087, 48.19021852 ], [ 16.45359637, 48.19003591 ], [ 16.45388789, 48.18988695 ], [ 16.45427177, 48.1897826 ], [ 16.45510605, 48.18953048 ], [ 16.4549705, 48.18970638 ], [ 16.45462176, 48.19000715 ], [ 16.45423136, 48.19028571 ], [ 16.45346285, 48.19071358 ], [ 16.45304645, 48.19092843 ], [ 16.45310288, 48.19097194 ], [ 16.45233719, 48.19135836 ], [ 16.45130566, 48.19187892 ], [ 16.45027041, 48.19240134 ], [ 16.44987721, 48.19259564 ], [ 16.44930301, 48.19293121 ], [ 16.44968195, 48.19322593 ], [ 16.44947637, 48.19333574 ], [ 16.44958999, 48.19345703 ], [ 16.44921244, 48.19370556 ], [ 16.44899275, 48.19356189 ], [ 16.44879249, 48.1934491 ], [ 16.44837551, 48.19375079 ], [ 16.44826244, 48.19395087 ], [ 16.44776198, 48.19403985 ], [ 16.44756806, 48.19417463 ], [ 16.44747364, 48.19411645 ], [ 16.44716949, 48.19416705 ], [ 16.44682149, 48.19440554 ], [ 16.44655511, 48.19433809 ], [ 16.44591181, 48.19419663 ], [ 16.44458421, 48.19512083 ], [ 16.44415875, 48.1956196 ], [ 16.44457515, 48.19578611 ], [ 16.4448842, 48.19547763 ], [ 16.44512109, 48.19557083 ], [ 16.4453186, 48.19571782 ], [ 16.44547012, 48.19581049 ], [ 16.44536008, 48.19594823 ], [ 16.44488318, 48.19654516 ] ], [ [ 16.4488145, 48.19262955 ], [ 16.44981391, 48.19246744 ], [ 16.44978889, 48.19240352 ], [ 16.44861051, 48.19246525 ], [ 16.44821282, 48.19252807 ], [ 16.44818721, 48.19252648 ], [ 16.44678372, 48.1928275 ], [ 16.44641554, 48.19297001 ], [ 16.44592581, 48.19315926 ], [ 16.44638428, 48.19325608 ], [ 16.44648264, 48.19322453 ], [ 16.44749055, 48.19290127 ], [ 16.44753917, 48.19289329 ], [ 16.44817413, 48.19278903 ], [ 16.44826302, 48.19277444 ], [ 16.4488145, 48.19262955 ] ], [ [ 16.4528939, 48.1908114 ], [ 16.45245636, 48.19042232 ], [ 16.45147879, 48.19097611 ], [ 16.45188686, 48.19132784 ], [ 16.4528939, 48.1908114 ] ] ] ] } },
{ "type": "Feature", "properties": { "LEV1": "Grünlandnutzung", "LEV2": "Naturraum", "LEV3": "Wiese, sonstige Grünfläche", "FLAECHE": 17445.591856499999 }, "geometry": { "type": "Polygon", "coordinates": [ [ [ 16.43142026, 48.18683928 ], [ 16.4314056, 48.1868442 ], [ 16.43133226, 48.18689124 ], [ 16.43124841, 48.1869289 ], [ 16.43116441, 48.18695703 ], [ 16.43082271, 48.18705491 ], [ 16.43049151, 48.18715121 ], [ 16.42990465, 48.18732328 ], [ 16.42958352, 48.18741635 ], [ 16.42935662, 48.18748165 ], [ 16.42902796, 48.18757328 ], [ 16.42849311, 48.1877346 ], [ 16.42808474, 48.18785391 ], [ 16.42783297, 48.18792552 ], [ 16.42710115, 48.18812341 ], [ 16.42641291, 48.18832855 ], [ 16.42544122, 48.18864812 ], [ 16.4249697, 48.18881127 ], [ 16.42457254, 48.18896626 ], [ 16.42373347, 48.18930513 ], [ 16.42333082, 48.18948351 ], [ 16.42306513, 48.18960359 ], [ 16.42279487, 48.18972997 ], [ 16.42243754, 48.18990632 ], [ 16.42198778, 48.19014336 ], [ 16.42091819, 48.19075183 ], [ 16.42086255, 48.19077768 ], [ 16.42041758, 48.19091219 ], [ 16.4203481, 48.19095055 ], [ 16.42031103, 48.19090791 ], [ 16.42170678, 48.1900929 ], [ 16.42314669, 48.18931849 ], [ 16.42522704, 48.18851978 ], [ 16.42841015, 48.18756548 ], [ 16.43132783, 48.186718 ], [ 16.43133971, 48.18671504 ], [ 16.43142026, 48.18683928 ] ] ] } },
{ "type": "Feature", "properties": { "LEV1": "Grünlandnutzung", "LEV2": "Naturraum", "LEV3": "Wald", "FLAECHE": 868.61458024000001 }, "geometry": { "type": "Polygon", "coordinates": [ [ [ 16.41594467, 48.19294071 ], [ 16.41413804, 48.19404757 ], [ 16.41412359, 48.19403414 ], [ 16.41408816, 48.19399892 ], [ 16.41427952, 48.19388609 ], [ 16.41476934, 48.19359719 ], [ 16.41591497, 48.19292153 ], [ 16.41594467, 48.19294071 ] ] ] } },
{ "type": "Feature", "properties": { "LEV1": "Grünlandnutzung", "LEV2": "Naturraum", "LEV3": "Wald", "FLAECHE": 47080.53112806 }, "geometry": { "type": "Polygon", "coordinates": [ [ [ 16.4293698, 48.19741387 ], [ 16.42876813, 48.19772804 ], [ 16.42824804, 48.1980014 ], [ 16.42756883, 48.19836311 ], [ 16.42583415, 48.19924716 ], [ 16.42582255, 48.19924335 ], [ 16.42401194, 48.1980004 ], [ 16.42434802, 48.19779492 ], [ 16.42472584, 48.19761413 ], [ 16.42503945, 48.19748816 ], [ 16.42546405, 48.19737173 ], [ 16.42584444, 48.19728672 ], [ 16.4262359, 48.19721995 ], [ 16.42679477, 48.19719289 ], [ 16.42767914, 48.19723131 ], [ 16.4278663, 48.19726057 ], [ 16.42819174, 48.19728181 ], [ 16.4293698, 48.19741387 ] ] ] } },
{ "type": "Feature", "properties": { "LEV1": "Grünlandnutzung", "LEV2": "Naturraum", "LEV3": "Wiese, sonstige Grünfläche", "FLAECHE": 14375.61751661 }, "geometry": { "type": "Polygon", "coordinates": [ [ [ 16.40180775, 48.210561 ], [ 16.40184785, 48.21070519 ], [ 16.40186768, 48.21076994 ], [ 16.40188082, 48.21081282 ], [ 16.4019809, 48.21089667 ], [ 16.40207265, 48.21099212 ], [ 16.40221457, 48.21107325 ], [ 16.40233916, 48.21117642 ], [ 16.4023846, 48.21124906 ], [ 16.40244835, 48.21143212 ], [ 16.40157486, 48.21188702 ], [ 16.401169, 48.21174045 ], [ 16.4010852, 48.2117445 ], [ 16.40083992, 48.21186267 ], [ 16.40012917, 48.21136742 ], [ 16.40024191, 48.21129326 ], [ 16.4005754, 48.21105507 ], [ 16.40057878, 48.21105288 ], [ 16.40058169, 48.21105101 ], [ 16.40058581, 48.21104836 ], [ 16.40058946, 48.21104603 ], [ 16.40059286, 48.21104386 ], [ 16.4005975, 48.21104092 ], [ 16.40060167, 48.2110383 ], [ 16.4006051, 48.21103614 ], [ 16.40060879, 48.21103384 ], [ 16.40061347, 48.21103093 ], [ 16.40061742, 48.21102849 ], [ 16.40062139, 48.21102606 ], [ 16.40062536, 48.21102363 ], [ 16.40062934, 48.21102121 ], [ 16.40063333, 48.2110188 ], [ 16.40063733, 48.21101639 ], [ 16.40064133, 48.21101399 ], [ 16.40064434, 48.21101219 ], [ 16.40064812, 48.21100995 ], [ 16.4006524, 48.21100742 ], [ 16.40065644, 48.21100504 ], [ 16.40066049, 48.21100267 ], [ 16.40066455, 48.21100031 ], [ 16.40066887, 48.2109978 ], [ 16.4006732, 48.21099531 ], [ 16.40067626, 48.21099355 ], [ 16.4006801, 48.21099136 ], [ 16.40068497, 48.21098859 ], [ 16.40068856, 48.21098656 ], [ 16.40069242, 48.21098439 ], [ 16.40069629, 48.21098222 ], [ 16.40069939, 48.21098049 ], [ 16.40070379, 48.21097805 ], [ 16.40070872, 48.21097533 ], [ 16.40071288, 48.21097305 ], [ 16.40071652, 48.21097106 ], [ 16.40071965, 48.21096935 ], [ 16.40072331, 48.21096737 ], [ 16.40072776, 48.21096497 ], [ 16.40073275, 48.2109623 ], [ 16.40073643, 48.21096033 ], [ 16.40074012, 48.21095838 ], [ 16.40074381, 48.21095642 ], [ 16.40074751, 48.21095448 ], [ 16.40075254, 48.21095184 ], [ 16.40075705, 48.2109495 ], [ 16.40076077, 48.21094757 ], [ 16.40076397, 48.21094592 ], [ 16.4007677, 48.210944 ], [ 16.40077225, 48.21094168 ], [ 16.40077814, 48.21093869 ], [ 16.40078217, 48.21093665 ], [ 16.40078539, 48.21093503 ], [ 16.40078916, 48.21093314 ], [ 16.40079293, 48.21093126 ], [ 16.40079672, 48.21092939 ], [ 16.40080186, 48.21092685 ], [ 16.40080728, 48.21092419 ], [ 16.40081136, 48.2109222 ], [ 16.40081463, 48.21092062 ], [ 16.40081844, 48.21091877 ], [ 16.40082226, 48.21091693 ], [ 16.40082609, 48.2109151 ], [ 16.40083075, 48.21091288 ], [ 16.40083596, 48.21091041 ], [ 16.40083981, 48.2109086 ], [ 16.40084394, 48.21090666 ], [ 16.40084918, 48.21090422 ], [ 16.4008536, 48.21090217 ], [ 16.40085831, 48.2109 ], [ 16.40086303, 48.21089783 ], [ 16.40086636, 48.21089631 ], [ 16.40087026, 48.21089454 ], [ 16.4008736, 48.21089303 ], [ 16.40087695, 48.21089152 ], [ 16.40088142, 48.21088952 ], [ 16.40088589, 48.21088752 ], [ 16.40088981, 48.21088578 ], [ 16.40089318, 48.21088429 ], [ 16.40089655, 48.21088281 ], [ 16.40089993, 48.21088133 ], [ 16.40090331, 48.21087985 ], [ 16.40090782, 48.21087789 ], [ 16.40091177, 48.21087618 ], [ 16.40091573, 48.21087448 ], [ 16.4009197, 48.21087278 ], [ 16.40092367, 48.21087109 ], [ 16.40092708, 48.21086964 ], [ 16.40093049, 48.2108682 ], [ 16.40093391, 48.21086676 ], [ 16.40093732, 48.21086533 ], [ 16.40094075, 48.2108639 ], [ 16.40094475, 48.21086224 ], [ 16.40094933, 48.21086035 ], [ 16.40095334, 48.2108587 ], [ 16.40095735, 48.21085705 ], [ 16.4009608, 48.21085565 ], [ 16.40096425, 48.21085425 ], [ 16.40096828, 48.21085262 ], [ 16.40097174, 48.21085123 ], [ 16.4009752, 48.21084985 ], [ 16.40097925, 48.21084823 ], [ 16.4009833, 48.21084663 ], [ 16.40098735, 48.21084503 ], [ 16.40099142, 48.21084343 ], [ 16.4009949, 48.21084207 ], [ 16.40099839, 48.21084071 ], [ 16.40100246, 48.21083914 ], [ 16.40100713, 48.21083734 ], [ 16.4010118, 48.21083555 ], [ 16.40101647, 48.21083377 ], [ 16.40102145, 48.21083189 ], [ 16.4010259, 48.21083021 ], [ 16.40106847, 48.21082005 ], [ 16.40108346, 48.2108117 ], [ 16.4011092, 48.21081033 ], [ 16.40124381, 48.2107782 ], [ 16.40149027, 48.21074748 ], [ 16.40179493, 48.21056933 ], [ 16.40180775, 48.210561 ] ] ] } },
{ "type": "Feature", "properties": { "LEV1": "Grünlandnutzung", "LEV2": "Naturraum", "LEV3": "Wald", "FLAECHE": 77548.551754419997 }, "geometry": { "type": "Polygon", "coordinates": [ [ [ 16.43824891, 48.1923264 ], [ 16.43822626, 48.1923358 ], [ 16.43813567, 48.1923734 ], [ 16.43784671, 48.19237366 ], [ 16.43670134, 48.19237466 ], [ 16.43641236, 48.19237492 ], [ 16.43604129, 48.19237945 ], [ 16.43548688, 48.19237031 ], [ 16.43541636, 48.19236915 ], [ 16.43414972, 48.1904039 ], [ 16.43364119, 48.18961485 ], [ 16.4334865, 48.18937481 ], [ 16.43321718, 48.18906072 ], [ 16.43323427, 48.18903247 ], [ 16.43324987, 48.18900667 ], [ 16.43326196, 48.18898667 ], [ 16.43329508, 48.18897714 ], [ 16.43333967, 48.18896453 ], [ 16.43334217, 48.18896732 ], [ 16.43334502, 48.18897037 ], [ 16.43334852, 48.18897395 ], [ 16.43335175, 48.1889771 ], [ 16.4333541, 48.18897929 ], [ 16.4333565, 48.18898146 ], [ 16.43335997, 48.1889845 ], [ 16.43336354, 48.18898748 ], [ 16.43336655, 48.1889899 ], [ 16.43336962, 48.18899228 ], [ 16.43337231, 48.1889943 ], [ 16.4333755, 48.18899661 ], [ 16.43337828, 48.18899857 ], [ 16.43338111, 48.18900049 ], [ 16.43338542, 48.18900333 ], [ 16.43338835, 48.18900519 ], [ 16.43339182, 48.18900731 ], [ 16.43339535, 48.1890094 ], [ 16.43339893, 48.18901144 ], [ 16.43340204, 48.18901316 ], [ 16.43342933, 48.18901693 ], [ 16.43350697, 48.18905354 ], [ 16.43356418, 48.18908052 ], [ 16.43359895, 48.18909691 ], [ 16.43364821, 48.18911684 ], [ 16.43368037, 48.18912463 ], [ 16.43402592, 48.18914601 ], [ 16.43407976, 48.18914945 ], [ 16.43410073, 48.18917674 ], [ 16.4341925, 48.1891822 ], [ 16.43426916, 48.18937414 ], [ 16.43428331, 48.18940957 ], [ 16.43441188, 48.18937402 ], [ 16.43444133, 48.1893659 ], [ 16.43449092, 48.18935265 ], [ 16.43459679, 48.18932431 ], [ 16.43461978, 48.18931818 ], [ 16.43463917, 48.18933138 ], [ 16.4346523, 48.18937382 ], [ 16.43466461, 48.18941363 ], [ 16.434673, 48.1894408 ], [ 16.43467478, 48.18945321 ], [ 16.43469392, 48.18953572 ], [ 16.43471239, 48.18961533 ], [ 16.43471587, 48.18963034 ], [ 16.43472579, 48.18962854 ], [ 16.43476077, 48.18962221 ], [ 16.43490782, 48.18978405 ], [ 16.43494159, 48.18978861 ], [ 16.43506455, 48.18994292 ], [ 16.43512097, 48.19001813 ], [ 16.43516015, 48.19007036 ], [ 16.43517288, 48.1900693 ], [ 16.43546796, 48.19004482 ], [ 16.43550477, 48.19004165 ], [ 16.43552747, 48.19007508 ], [ 16.43556663, 48.19008476 ], [ 16.43581837, 48.19008091 ], [ 16.43589694, 48.1900797 ], [ 16.43602844, 48.19006475 ], [ 16.43608667, 48.19005813 ], [ 16.43618825, 48.19000382 ], [ 16.4361552, 48.18981769 ], [ 16.43614434, 48.18977729 ], [ 16.43613111, 48.18973964 ], [ 16.43612124, 48.18971168 ], [ 16.43611747, 48.18971088 ], [ 16.43595357, 48.18953026 ], [ 16.43578453, 48.1894069 ], [ 16.43573802, 48.18937288 ], [ 16.43535511, 48.18930373 ], [ 16.43516924, 48.18927016 ], [ 16.43514362, 48.18916808 ], [ 16.43511964, 48.18901135 ], [ 16.43512056, 48.18899624 ], [ 16.43509926, 48.18890773 ], [ 16.43509672, 48.18889869 ], [ 16.43507745, 48.18881983 ], [ 16.43505289, 48.18876202 ], [ 16.435003, 48.18864461 ], [ 16.43499862, 48.18863325 ], [ 16.43501094, 48.18863122 ], [ 16.43511401, 48.18861921 ], [ 16.43527616, 48.18860033 ], [ 16.43553247, 48.18857047 ], [ 16.43556896, 48.18861959 ], [ 16.43559008, 48.18864802 ], [ 16.43568499, 48.18877577 ], [ 16.43612835, 48.18937254 ], [ 16.43673354, 48.19018709 ], [ 16.43678524, 48.19025668 ], [ 16.43684135, 48.1902976 ], [ 16.43777803, 48.19098064 ], [ 16.43780378, 48.19099941 ], [ 16.43808698, 48.19116225 ], [ 16.43813368, 48.1911891 ], [ 16.43893556, 48.19142504 ], [ 16.43824891, 48.1923264 ] ] ] } },
{ "type": "Feature", "properties": { "LEV1": "Grünlandnutzung", "LEV2": "Naturraum", "LEV3": "Wald", "FLAECHE": 2491.2096730500002 }, "geometry": { "type": "Polygon", "coordinates": [ [ [ 16.41400996, 48.19412603 ], [ 16.41376468, 48.1942763 ], [ 16.41360262, 48.19437359 ], [ 16.41322392, 48.19460762 ], [ 16.41240905, 48.19510318 ], [ 16.41175739, 48.19553354 ], [ 16.41054688, 48.19644216 ], [ 16.41051394, 48.19642529 ], [ 16.41050101, 48.19641711 ], [ 16.41051469, 48.19640499 ], [ 16.41052624, 48.19639491 ], [ 16.41053793, 48.19638492 ], [ 16.41054962, 48.19637484 ], [ 16.41056131, 48.19636485 ], [ 16.41057313, 48.19635486 ], [ 16.41058495, 48.19634496 ], [ 16.41059691, 48.19633497 ], [ 16.41060873, 48.19632507 ], [ 16.41062069, 48.19631517 ], [ 16.41063278, 48.19630536 ], [ 16.41064474, 48.19629546 ], [ 16.41065683, 48.19628565 ], [ 16.41068021, 48.19626684 ], [ 16.41070372, 48.19624812 ], [ 16.41072724, 48.1962294 ], [ 16.41075075, 48.19621067 ], [ 16.41077426, 48.19619195 ], [ 16.41079791, 48.19617332 ], [ 16.41082156, 48.19615469 ], [ 16.41084534, 48.19613606 ], [ 16.41086912, 48.19611743 ], [ 16.4108929, 48.19609889 ], [ 16.41091668, 48.19608034 ], [ 16.4109406, 48.1960618 ], [ 16.41096438, 48.19604326 ], [ 16.41098843, 48.19602481 ], [ 16.41101235, 48.19600636 ], [ 16.4110364, 48.19598791 ], [ 16.41106045, 48.19596954 ], [ 16.41108463, 48.19595118 ], [ 16.41110869, 48.19593282 ], [ 16.41113287, 48.19591446 ], [ 16.41115719, 48.1958961 ], [ 16.41118138, 48.19587782 ], [ 16.4112057, 48.19585955 ], [ 16.41123002, 48.19584128 ], [ 16.41125447, 48.1958231 ], [ 16.41127893, 48.19580491 ], [ 16.41130338, 48.19578673 ], [ 16.41132783, 48.19576855 ], [ 16.41135242, 48.19575046 ], [ 16.41137701, 48.19573237 ], [ 16.4114016, 48.19571427 ], [ 16.41142633, 48.19569627 ], [ 16.41145091, 48.19567818 ], [ 16.41147577, 48.19566017 ], [ 16.4115005, 48.19564226 ], [ 16.41152535, 48.19562426 ], [ 16.41155021, 48.19560635 ], [ 16.41157507, 48.19558843 ], [ 16.41160006, 48.19557052 ], [ 16.41162506, 48.1955527 ], [ 16.41165005, 48.19553487 ], [ 16.41167504, 48.19551705 ], [ 16.41170017, 48.19549923 ], [ 16.4117253, 48.19548149 ], [ 16.41175043, 48.19546376 ], [ 16.41177569, 48.19544603 ], [ 16.41180095, 48.19542839 ], [ 16.41182621, 48.19541074 ], [ 16.41185161, 48.1953931 ], [ 16.41187687, 48.19537545 ], [ 16.41188708, 48.19536843 ], [ 16.4119024, 48.1953579 ], [ 16.4119278, 48.19534035 ], [ 16.41195319, 48.19532279 ], [ 16.41197873, 48.19530524 ], [ 16.41200439, 48.19528778 ], [ 16.41202992, 48.19527031 ], [ 16.41205559, 48.19525285 ], [ 16.41208125, 48.19523548 ], [ 16.41210692, 48.1952181 ], [ 16.41213272, 48.19520073 ], [ 16.41215852, 48.19518335 ], [ 16.41218432, 48.19516607 ], [ 16.41221012, 48.19514878 ], [ 16.41223606, 48.1951315 ], [ 16.41226199, 48.19511431 ], [ 16.41228793, 48.19509702 ], [ 16.412314, 48.19507992 ], [ 16.41234007, 48.19506272 ], [ 16.41236613, 48.19504562 ], [ 16.4123922, 48.19502851 ], [ 16.41241841, 48.19501141 ], [ 16.41244461, 48.19499431 ], [ 16.41247082, 48.19497729 ], [ 16.41249715, 48.19496028 ], [ 16.41252349, 48.19494335 ], [ 16.41254983, 48.19492634 ], [ 16.41257617, 48.19490941 ], [ 16.41260264, 48.19489249 ], [ 16.41263043, 48.19487482 ], [ 16.41265559, 48.19485882 ], [ 16.41268206, 48.19484198 ], [ 16.41270867, 48.19482515 ], [ 16.41273528, 48.1948084 ], [ 16.41276189, 48.19479166 ], [ 16.41278863, 48.19477491 ], [ 16.41281537, 48.19475826 ], [ 16.41284211, 48.1947416 ], [ 16.41286886, 48.19472495 ], [ 16.41289573, 48.19470829 ], [ 16.41292248, 48.19469172 ], [ 16.41294949, 48.19467516 ], [ 16.41297637, 48.19465859 ], [ 16.41300338, 48.19464212 ], [ 16.4130195, 48.19463221 ], [ 16.41303039, 48.19462564 ], [ 16.4130574, 48.19460917 ], [ 16.41308441, 48.19459269 ], [ 16.41311156, 48.1945763 ], [ 16.4131387, 48.19455992 ], [ 16.41316585, 48.19454353 ], [ 16.41319313, 48.19452724 ], [ 16.41320683, 48.19451908 ], [ 16.41322041, 48.19451094 ], [ 16.41324769, 48.19449464 ], [ 16.41327497, 48.19447844 ], [ 16.41330239, 48.19446223 ], [ 16.4133298, 48.19444603 ], [ 16.41335722, 48.19442982 ], [ 16.41338464, 48.1944137 ], [ 16.41341219, 48.19439759 ], [ 16.41369601, 48.19423021 ], [ 16.4139566, 48.19407653 ], [ 16.41400996, 48.19412603 ] ] ] } },
{ "type": "Feature", "properties": { "LEV1": "Grünlandnutzung", "LEV2": "Naturraum", "LEV3": "Wald", "FLAECHE": 41348.891627630001 }, "geometry": { "type": "Polygon", "coordinates": [ [ [ 16.4098138, 48.20128591 ], [ 16.40976791, 48.20131398 ], [ 16.40934058, 48.20154448 ], [ 16.40839569, 48.20213593 ], [ 16.40786941, 48.20242054 ], [ 16.40706786, 48.20279434 ], [ 16.40620585, 48.20313473 ], [ 16.40619998, 48.2031266 ], [ 16.40565106, 48.20235256 ], [ 16.40597877, 48.20224813 ], [ 16.40616594, 48.20218372 ], [ 16.40643647, 48.20208067 ], [ 16.40656004, 48.20203041 ], [ 16.4066926, 48.20197457 ], [ 16.40683256, 48.20191261 ], [ 16.40708961, 48.20179132 ], [ 16.40721961, 48.20172621 ], [ 16.40738644, 48.2016378 ], [ 16.40760205, 48.201515 ], [ 16.4077995, 48.20139355 ], [ 16.40798511, 48.20127059 ], [ 16.40846299, 48.20091758 ], [ 16.4088516, 48.2005156 ], [ 16.40969949, 48.19938247 ], [ 16.41023909, 48.19949886 ], [ 16.40982294, 48.20083631 ], [ 16.4098138, 48.20128591 ] ] ] } },
{ "type": "Feature", "properties": { "LEV1": "Grünlandnutzung", "LEV2": "Naturraum", "LEV3": "Wiese, sonstige Grünfläche", "FLAECHE": 3675.4955348499998 }, "geometry": { "type": "Polygon", "coordinates": [ [ [ 16.41437307, 48.19441047 ], [ 16.41440973, 48.19441733 ], [ 16.41456939, 48.19449877 ], [ 16.41357555, 48.19507323 ], [ 16.41351935, 48.19508874 ], [ 16.41333429, 48.19510442 ], [ 16.41328683, 48.19512172 ], [ 16.41312516, 48.19521787 ], [ 16.4130869, 48.19526385 ], [ 16.41303812, 48.1953897 ], [ 16.41196323, 48.19604085 ], [ 16.41159089, 48.1962854 ], [ 16.41103957, 48.19668704 ], [ 16.41099718, 48.19667277 ], [ 16.4115009, 48.19628231 ], [ 16.41155712, 48.19624899 ], [ 16.41225902, 48.1957155 ], [ 16.41359893, 48.19487474 ], [ 16.41437307, 48.19441047 ] ] ] } },
{ "type": "Feature", "properties": { "LEV1": "Grünlandnutzung", "LEV2": "Naturraum", "LEV3": "Wald", "FLAECHE": 4377.1516519699999 }, "geometry": { "type": "Polygon", "coordinates": [ [ [ 16.44957512, 48.18988617 ], [ 16.44862526, 48.19002838 ], [ 16.44780529, 48.19016227 ], [ 16.44688284, 48.19031288 ], [ 16.44656274, 48.19036514 ], [ 16.44474172, 48.19077694 ], [ 16.44462845, 48.19076616 ], [ 16.444612, 48.19068137 ], [ 16.4451357, 48.19053582 ], [ 16.44571112, 48.19043095 ], [ 16.44619019, 48.19035962 ], [ 16.44668394, 48.19024125 ], [ 16.448423, 48.18993712 ], [ 16.44872258, 48.18990148 ], [ 16.44957512, 48.18988617 ] ] ] } },
{ "type": "Feature", "properties": { "LEV1": "Grünlandnutzung", "LEV2": "Naturraum", "LEV3": "Wald", "FLAECHE": 34616.517376420001 }, "geometry": { "type": "Polygon", "coordinates": [ [ [ 16.43646844, 48.19408633 ], [ 16.43654915, 48.19404298 ], [ 16.43848336, 48.19300419 ], [ 16.43848225, 48.19302376 ], [ 16.4384766, 48.19312318 ], [ 16.43854501, 48.19336746 ], [ 16.43864376, 48.19358025 ], [ 16.43870506, 48.193765 ], [ 16.43870535, 48.19391222 ], [ 16.43857326, 48.19464979 ], [ 16.43843431, 48.1954611 ], [ 16.43832807, 48.19614855 ], [ 16.43831647, 48.19626916 ], [ 16.43834251, 48.196374 ], [ 16.43850453, 48.19660875 ], [ 16.43868069, 48.19685285 ], [ 16.43883936, 48.19709562 ], [ 16.43890396, 48.19724728 ], [ 16.43888766, 48.19730053 ], [ 16.43885267, 48.1973601 ], [ 16.43882149, 48.19739359 ], [ 16.43878529, 48.19743246 ], [ 16.43875002, 48.19738065 ], [ 16.43845462, 48.19694659 ], [ 16.43779835, 48.19594073 ], [ 16.43759554, 48.19568604 ], [ 16.43662568, 48.19422244 ], [ 16.43646844, 48.19408633 ] ] ] } },
{ "type": "Feature", "properties": { "LEV1": "Grünlandnutzung", "LEV2": "Naturraum", "LEV3": "Wiese, sonstige Grünfläche", "FLAECHE": 10318.458772939999 }, "geometry": { "type": "Polygon", "coordinates": [ [ [ 16.4380857, 48.18607608 ], [ 16.4381484, 48.18615269 ], [ 16.43839406, 48.18645287 ], [ 16.43863269, 48.18668216 ], [ 16.43864951, 48.18674865 ], [ 16.43863492, 48.1867643 ], [ 16.43858039, 48.18682278 ], [ 16.43745626, 48.18753288 ], [ 16.43738766, 48.18746118 ], [ 16.43723785, 48.18732427 ], [ 16.43711496, 48.18721195 ], [ 16.43685416, 48.1869574 ], [ 16.43684931, 48.18692062 ], [ 16.43686166, 48.18690739 ], [ 16.43699618, 48.18683606 ], [ 16.43734854, 48.18664922 ], [ 16.43789022, 48.18622448 ], [ 16.43801107, 48.18612972 ], [ 16.4380857, 48.18607608 ] ] ] } },
{ "type": "Feature", "properties": { "LEV1": "Grünlandnutzung", "LEV2": "Naturraum", "LEV3": "Wiese, sonstige Grünfläche", "FLAECHE": 5443.0736236599996 }, "geometry": { "type": "Polygon", "coordinates": [ [ [ 16.45503206, 48.19028969 ], [ 16.45473067, 48.19007705 ], [ 16.45432147, 48.19036084 ], [ 16.4535422, 48.19077251 ], [ 16.45346285, 48.19071358 ], [ 16.45423136, 48.19028571 ], [ 16.45462176, 48.19000715 ], [ 16.4549705, 48.18970638 ], [ 16.45510605, 48.18953048 ], [ 16.45568738, 48.1893548 ], [ 16.4558323, 48.189311 ], [ 16.45577141, 48.1894992 ], [ 16.45561049, 48.18976152 ], [ 16.45558379, 48.18979271 ], [ 16.45546778, 48.18992822 ], [ 16.45532765, 48.19005418 ], [ 16.45503206, 48.19028969 ] ] ] } },
{ "type": "Feature", "properties": { "LEV1": "Grünlandnutzung", "LEV2": "Naturraum", "LEV3": "Wald", "FLAECHE": 4506.31415001 }, "geometry": { "type": "Polygon", "coordinates": [ [ [ 16.43976327, 48.19111779 ], [ 16.4388722, 48.19218933 ], [ 16.43862679, 48.19235385 ], [ 16.43855476, 48.19245635 ], [ 16.43851451, 48.1925724 ], [ 16.43837275, 48.19250678 ], [ 16.43832912, 48.1924141 ], [ 16.43843293, 48.19226517 ], [ 16.43928346, 48.19116076 ], [ 16.43945104, 48.191091 ], [ 16.43960419, 48.19106775 ], [ 16.43976327, 48.19111779 ] ] ] } },
{ "type": "Feature", "properties": { "LEV1": "Grünlandnutzung", "LEV2": "Naturraum", "LEV3": "Wald", "FLAECHE": 103796.923798 }, "geometry": { "type": "Polygon", "coordinates": [ [ [ 16.41055797, 48.21050077 ], [ 16.41004792, 48.21079599 ], [ 16.40806658, 48.2091147 ], [ 16.40861419, 48.20882684 ], [ 16.40855733, 48.20877472 ], [ 16.41428768, 48.20579142 ], [ 16.41470021, 48.20563826 ], [ 16.41498811, 48.20554534 ], [ 16.41500189, 48.20558067 ], [ 16.41470727, 48.20629934 ], [ 16.41453953, 48.20658553 ], [ 16.41436027, 48.20681345 ], [ 16.41399641, 48.20721417 ], [ 16.41337703, 48.20787586 ], [ 16.41323942, 48.20807632 ], [ 16.41314979, 48.20823889 ], [ 16.41310756, 48.20834 ], [ 16.41306663, 48.20859094 ], [ 16.41310965, 48.20883516 ], [ 16.41096005, 48.20994793 ], [ 16.41030834, 48.21028527 ], [ 16.41055797, 48.21050077 ] ] ] } },
{ "type": "Feature", "properties": { "LEV1": "Grünlandnutzung", "LEV2": "Naturraum", "LEV3": "Wiese, sonstige Grünfläche", "FLAECHE": 50535.330026759999 }, "geometry": { "type": "Polygon", "coordinates": [ [ [ 16.47234923, 48.17955622 ], [ 16.46982466, 48.1812074 ], [ 16.46949724, 48.18142425 ], [ 16.46872272, 48.18196456 ], [ 16.46825724, 48.18231017 ], [ 16.46818615, 48.18231352 ], [ 16.46808917, 48.18231809 ], [ 16.46766574, 48.18265088 ], [ 16.46593333, 48.1840049 ], [ 16.46529279, 48.1844864 ], [ 16.46414802, 48.18532612 ], [ 16.46349166, 48.18578443 ], [ 16.46056055, 48.18773045 ], [ 16.4601674, 48.18799671 ], [ 16.45890613, 48.18883173 ], [ 16.4588956, 48.18882772 ], [ 16.45876283, 48.18874042 ], [ 16.45899867, 48.18823286 ], [ 16.45885012, 48.18825066 ], [ 16.45876659, 48.1882433 ], [ 16.45878096, 48.188234 ], [ 16.45948958, 48.18777909 ], [ 16.45967717, 48.18765707 ], [ 16.45995701, 48.18747506 ], [ 16.46051105, 48.18711145 ], [ 16.4608721, 48.18687449 ], [ 16.46089439, 48.18685883 ], [ 16.46105926, 48.18674299 ], [ 16.4612172, 48.1866545 ], [ 16.4637322, 48.1850188 ], [ 16.46435412, 48.18461429 ], [ 16.46444989, 48.184552 ], [ 16.46494559, 48.18423075 ], [ 16.46596167, 48.18356473 ], [ 16.46969966, 48.18112921 ], [ 16.47176772, 48.17977497 ], [ 16.47541338, 48.17738738 ], [ 16.47544722, 48.17740912 ], [ 16.47545312, 48.17740533 ], [ 16.47555046, 48.17746223 ], [ 16.47383272, 48.17858587 ], [ 16.47234923, 48.17955622 ] ] ] } },
{ "type": "Feature", "properties": { "LEV1": "Grünlandnutzung", "LEV2": "Naturraum", "LEV3": "Wald", "FLAECHE": 15643.585962179999 }, "geometry": { "type": "Polygon", "coordinates": [ [ [ 16.42713711, 48.20064056 ], [ 16.42708981, 48.20064927 ], [ 16.42390386, 48.20095651 ], [ 16.42375902, 48.2008188 ], [ 16.42579908, 48.19974504 ], [ 16.42581084, 48.19974055 ], [ 16.42711709, 48.20062644 ], [ 16.42713711, 48.20064056 ] ] ] } },
{ "type": "Feature", "properties": { "LEV1": "Grünlandnutzung", "LEV2": "Naturraum", "LEV3": "Wiese, sonstige Grünfläche", "FLAECHE": 25916.526149059999 }, "geometry": { "type": "Polygon", "coordinates": [ [ [ 16.44259391, 48.19988639 ], [ 16.44212769, 48.20020762 ], [ 16.44158489, 48.1998188 ], [ 16.442247, 48.19942267 ], [ 16.44284065, 48.19903784 ], [ 16.44422209, 48.19809901 ], [ 16.44494315, 48.19761305 ], [ 16.44676947, 48.19635819 ], [ 16.44728007, 48.19600257 ], [ 16.44780817, 48.19624125 ], [ 16.44779383, 48.19625441 ], [ 16.44758587, 48.19637836 ], [ 16.44742745, 48.19651557 ], [ 16.44733836, 48.19662177 ], [ 16.44730874, 48.19667261 ], [ 16.44722285, 48.19670363 ], [ 16.44636792, 48.19728578 ], [ 16.44487878, 48.19831196 ], [ 16.44471169, 48.19835586 ], [ 16.44438405, 48.19839122 ], [ 16.4439847, 48.19861507 ], [ 16.44373582, 48.19869856 ], [ 16.44298317, 48.19922947 ], [ 16.44274135, 48.19956272 ], [ 16.44259391, 48.19988639 ] ] ] } },
{ "type": "Feature", "properties": { "LEV1": "Grünlandnutzung", "LEV2": "Naturraum", "LEV3": "Wald", "FLAECHE": 118983.19545047999 }, "geometry": { "type": "Polygon", "coordinates": [ [ [ 16.44200392, 48.19211085 ], [ 16.43970595, 48.19237852 ], [ 16.4395992, 48.19226719 ], [ 16.43944786, 48.19211866 ], [ 16.43926733, 48.19204094 ], [ 16.43926326, 48.19195425 ], [ 16.43981865, 48.19128549 ], [ 16.43999722, 48.19107046 ], [ 16.44031858, 48.19130068 ], [ 16.44078778, 48.19139862 ], [ 16.44172721, 48.19136853 ], [ 16.44233934, 48.19118754 ], [ 16.44272875, 48.19100395 ], [ 16.44296749, 48.19094302 ], [ 16.443772, 48.19058985 ], [ 16.44981934, 48.18957791 ], [ 16.45112966, 48.18935852 ], [ 16.45147342, 48.18929353 ], [ 16.45165931, 48.18876864 ], [ 16.45215259, 48.18851521 ], [ 16.45303396, 48.18797332 ], [ 16.45418344, 48.18722655 ], [ 16.45437415, 48.18699393 ], [ 16.45627698, 48.18524446 ], [ 16.45734723, 48.18399215 ], [ 16.45743113, 48.18341986 ], [ 16.45743628, 48.18246713 ], [ 16.45778052, 48.18268823 ], [ 16.45796214, 48.18266501 ], [ 16.45791514, 48.18280408 ], [ 16.45790229, 48.18339657 ], [ 16.45783347, 48.18374909 ], [ 16.45749358, 48.18423778 ], [ 16.45706289, 48.18483395 ], [ 16.45671968, 48.18534611 ], [ 16.45652542, 48.18566387 ], [ 16.45640622, 48.18593244 ], [ 16.45632917, 48.18616581 ], [ 16.4562859, 48.18640894 ], [ 16.456265, 48.18647994 ], [ 16.45609629, 48.18705324 ], [ 16.45605394, 48.18717181 ], [ 16.45602947, 48.18729028 ], [ 16.45597665, 48.18742073 ], [ 16.4559665, 48.18762696 ], [ 16.45598742, 48.18783879 ], [ 16.45598827, 48.18784736 ], [ 16.45595734, 48.18825506 ], [ 16.45591472, 48.18877932 ], [ 16.45578915, 48.18881918 ], [ 16.45533709, 48.18896266 ], [ 16.45463195, 48.18914344 ], [ 16.45455823, 48.18907813 ], [ 16.45432839, 48.18914006 ], [ 16.45419146, 48.18918985 ], [ 16.45394325, 48.18921969 ], [ 16.45339, 48.18942386 ], [ 16.45315987, 48.18941879 ], [ 16.45304101, 48.1894923 ], [ 16.45290663, 48.18954666 ], [ 16.45219313, 48.18960584 ], [ 16.45115908, 48.18976201 ], [ 16.45094688, 48.18978066 ], [ 16.45062637, 48.18977577 ], [ 16.44957512, 48.18988617 ], [ 16.44872258, 48.18990148 ], [ 16.448423, 48.18993712 ], [ 16.44668394, 48.19024125 ], [ 16.44619019, 48.19035962 ], [ 16.44571112, 48.19043095 ], [ 16.4451357, 48.19053582 ], [ 16.444612, 48.19068137 ], [ 16.44462845, 48.19076616 ], [ 16.44399735, 48.19094293 ], [ 16.44327293, 48.19113175 ], [ 16.44246955, 48.19138826 ], [ 16.44204353, 48.19148668 ], [ 16.44088516, 48.19172715 ], [ 16.44057968, 48.19171214 ], [ 16.44030083, 48.19174438 ], [ 16.44027551, 48.19174731 ], [ 16.4397944, 48.19175224 ], [ 16.43970618, 48.19168891 ], [ 16.43962952, 48.19169051 ], [ 16.43952801, 48.19177973 ], [ 16.44017241, 48.19184713 ], [ 16.44100191, 48.19196217 ], [ 16.44129151, 48.19200233 ], [ 16.44168007, 48.19201372 ], [ 16.4419764, 48.19200332 ], [ 16.44200392, 48.19211085 ] ] ] } },
{ "type": "Feature", "properties": { "LEV1": "Grünlandnutzung", "LEV2": "Naturraum", "LEV3": "Wald", "FLAECHE": 8459.7119692699998 }, "geometry": { "type": "Polygon", "coordinates": [ [ [ 16.45922934, 48.18110797 ], [ 16.45884353, 48.18143027 ], [ 16.45855486, 48.18167762 ], [ 16.4584121, 48.18181375 ], [ 16.45816957, 48.18217976 ], [ 16.45810848, 48.18228926 ], [ 16.45815921, 48.18206169 ], [ 16.45825208, 48.18188704 ], [ 16.45838187, 48.18125092 ], [ 16.45895788, 48.1804915 ], [ 16.45970142, 48.17967681 ], [ 16.45985886, 48.17950769 ], [ 16.46021266, 48.17962587 ], [ 16.45982251, 48.17996565 ], [ 16.45976478, 48.18017155 ], [ 16.45888486, 48.18093465 ], [ 16.45922934, 48.18110797 ] ] ] } },
{ "type": "Feature", "properties": { "LEV1": "Grünlandnutzung", "LEV2": "Naturraum", "LEV3": "Wald", "FLAECHE": 5775.5876967499998 }, "geometry": { "type": "Polygon", "coordinates": [ [ [ 16.42877381, 48.20360631 ], [ 16.42875367, 48.20361551 ], [ 16.42874796, 48.20361811 ], [ 16.42870731, 48.20358442 ], [ 16.42853902, 48.20347157 ], [ 16.42831987, 48.20332201 ], [ 16.42808375, 48.2031641 ], [ 16.4280919, 48.20316036 ], [ 16.42820097, 48.20311031 ], [ 16.42823528, 48.20309459 ], [ 16.42849783, 48.2030071 ], [ 16.42852378, 48.20300016 ], [ 16.42876686, 48.20291471 ], [ 16.42906563, 48.20290187 ], [ 16.42909051, 48.20290077 ], [ 16.42909571, 48.20290647 ], [ 16.42911208, 48.20292441 ], [ 16.42934686, 48.20289933 ], [ 16.42939373, 48.20289432 ], [ 16.42939631, 48.20289793 ], [ 16.42948045, 48.2030153 ], [ 16.42962297, 48.20319867 ], [ 16.42963553, 48.20321483 ], [ 16.42965039, 48.20323395 ], [ 16.42965697, 48.20324242 ], [ 16.42945919, 48.20338125 ], [ 16.4294424, 48.2033935 ], [ 16.42933193, 48.2034645 ], [ 16.42924191, 48.20352235 ], [ 16.42915807, 48.20346885 ], [ 16.4291386, 48.20345643 ], [ 16.4289533, 48.20357745 ], [ 16.42892925, 48.2035932 ], [ 16.42888023, 48.20355774 ], [ 16.42886419, 48.20354613 ], [ 16.42877381, 48.20360631 ] ] ] } },
{ "type": "Feature", "properties": { "LEV1": "Verkehr", "LEV2": "Straßenraum", "LEV3": "Straßenraum", "FLAECHE": 205.04040002 }, "geometry": { "type": "Polygon", "coordinates": [ [ [ 16.37076015, 48.22350736 ], [ 16.3708338, 48.22355114 ], [ 16.37053781, 48.22370222 ], [ 16.37044842, 48.22366565 ], [ 16.37076015, 48.22350736 ] ] ] } },
{ "type": "Feature", "properties": { "LEV1": "Verkehr", "LEV2": "Straßenraum", "LEV3": "Straßenraum", "FLAECHE": 4589.5457997599997 }, "geometry": { "type": "Polygon", "coordinates": [ [ [ 16.47992258, 48.17135774 ], [ 16.47999243, 48.17133517 ], [ 16.48026474, 48.17130641 ], [ 16.48041388, 48.17127088 ], [ 16.48062354, 48.17119462 ], [ 16.48169557, 48.17079442 ], [ 16.4823702, 48.17055137 ], [ 16.48301164, 48.1703143 ], [ 16.48323106, 48.17022292 ], [ 16.48372757, 48.17003783 ], [ 16.48388722, 48.16996739 ], [ 16.484048, 48.16991511 ], [ 16.48427611, 48.16980447 ], [ 16.48433073, 48.16977112 ], [ 16.48438814, 48.16972464 ], [ 16.48445781, 48.16968831 ], [ 16.48490595, 48.16951776 ], [ 16.48536339, 48.16935322 ], [ 16.48601801, 48.16912834 ], [ 16.48758315, 48.1686161 ], [ 16.48841484, 48.16835474 ], [ 16.48885259, 48.16822475 ], [ 16.48943389, 48.16803835 ], [ 16.49055737, 48.16767055 ], [ 16.49077197, 48.16759355 ], [ 16.4910227, 48.16750238 ], [ 16.49159935, 48.1672961 ], [ 16.49198452, 48.167165 ], [ 16.49214043, 48.16710957 ], [ 16.49244391, 48.16699602 ], [ 16.49264399, 48.16691778 ], [ 16.49280229, 48.16685191 ], [ 16.49308289, 48.16672976 ], [ 16.49343636, 48.1665665 ], [ 16.49485503, 48.16595049 ], [ 16.49488002, 48.16594532 ], [ 16.49490813, 48.16594978 ], [ 16.49492902, 48.16596504 ], [ 16.49493635, 48.16598734 ], [ 16.49493495, 48.16601297 ], [ 16.49492373, 48.16603852 ], [ 16.49490551, 48.16605914 ], [ 16.49421266, 48.16645778 ], [ 16.49396007, 48.16637467 ], [ 16.49378149, 48.16644641 ], [ 16.49348223, 48.16657615 ], [ 16.49296268, 48.16681149 ], [ 16.49278008, 48.16688666 ], [ 16.49255986, 48.16697365 ], [ 16.49237993, 48.16704251 ], [ 16.49223262, 48.16709766 ], [ 16.49208745, 48.16715056 ], [ 16.49169625, 48.1672859 ], [ 16.491196, 48.16746248 ], [ 16.49068583, 48.16764771 ], [ 16.49038716, 48.16775451 ], [ 16.48884796, 48.1682502 ], [ 16.48840162, 48.16838417 ], [ 16.48789073, 48.16856273 ], [ 16.48638005, 48.16903227 ], [ 16.48596393, 48.16916475 ], [ 16.48566146, 48.16926569 ], [ 16.48447694, 48.16970187 ], [ 16.48442151, 48.16973548 ], [ 16.4843779, 48.16976342 ], [ 16.48435485, 48.16979079 ], [ 16.48430822, 48.16984319 ], [ 16.48335793, 48.17020657 ], [ 16.48314145, 48.17029372 ], [ 16.48291543, 48.17038223 ], [ 16.48184958, 48.17077237 ], [ 16.48105005, 48.17106701 ], [ 16.48059221, 48.17123963 ], [ 16.48044822, 48.17129134 ], [ 16.48038092, 48.17131022 ], [ 16.48025971, 48.17133241 ], [ 16.4800456, 48.17135588 ], [ 16.47999346, 48.17136674 ], [ 16.47993786, 48.17138668 ], [ 16.47992258, 48.17135774 ] ] ] } },
{ "type": "Feature", "properties": { "LEV1": "Verkehr", "LEV2": "Straßenraum", "LEV3": "Straßenraum", "FLAECHE": 8147.2681441200002 }, "geometry": { "type": "Polygon", "coordinates": [ [ [ 16.48098087, 48.17412342 ], [ 16.48086344, 48.17401042 ], [ 16.47964808, 48.17483965 ], [ 16.47937937, 48.17486769 ], [ 16.47929764, 48.17486365 ], [ 16.479262, 48.17486191 ], [ 16.48004769, 48.17431502 ], [ 16.47999344, 48.17427166 ], [ 16.48000346, 48.17425776 ], [ 16.48009148, 48.17417388 ], [ 16.48009811, 48.17416756 ], [ 16.48029004, 48.17409546 ], [ 16.4805096, 48.17380794 ], [ 16.48066665, 48.17342607 ], [ 16.48071063, 48.17325526 ], [ 16.48088859, 48.17327027 ], [ 16.48142358, 48.17322807 ], [ 16.48154233, 48.17322342 ], [ 16.48156422, 48.17337177 ], [ 16.48159484, 48.17355299 ], [ 16.48104384, 48.17391621 ], [ 16.48113776, 48.17401557 ], [ 16.48113011, 48.17402087 ], [ 16.48098087, 48.17412342 ] ] ] } },
{ "type": "Feature", "properties": { "LEV1": "Verkehr", "LEV2": "Straßenraum", "LEV3": "Straßenraum", "FLAECHE": 205890.06982316999 }, "geometry": { "type": "MultiPolygon", "coordinates": [ [ [ [ 16.45052556, 48.19374196 ], [ 16.4503502, 48.19362596 ], [ 16.44982922, 48.19398071 ], [ 16.44487588, 48.19735321 ], [ 16.4447376, 48.19741971 ], [ 16.44364724, 48.19813795 ], [ 16.44256765, 48.19887775 ], [ 16.44230273, 48.1990494 ], [ 16.44168094, 48.19942436 ], [ 16.44153099, 48.19951066 ], [ 16.44135256, 48.19961595 ], [ 16.44130766, 48.19958286 ], [ 16.44123053, 48.19952601 ], [ 16.44127857, 48.19949585 ], [ 16.44135979, 48.19944615 ], [ 16.44140099, 48.19942093 ], [ 16.44152261, 48.19936192 ], [ 16.44159887, 48.1993221 ], [ 16.44173883, 48.19924903 ], [ 16.44182751, 48.19919682 ], [ 16.44198148, 48.19910618 ], [ 16.44243875, 48.19879711 ], [ 16.44290838, 48.19847711 ], [ 16.44363125, 48.19798456 ], [ 16.44381091, 48.19786211 ], [ 16.4438193, 48.19785583 ], [ 16.44408173, 48.19768212 ], [ 16.44431871, 48.19752526 ], [ 16.44432902, 48.19751843 ], [ 16.4444706, 48.19742473 ], [ 16.4444957, 48.19739952 ], [ 16.44450008, 48.19737353 ], [ 16.4444952, 48.19735231 ], [ 16.44448344, 48.19732786 ], [ 16.44411146, 48.19702177 ], [ 16.44362505, 48.1966215 ], [ 16.44348644, 48.19650744 ], [ 16.44296934, 48.19606045 ], [ 16.44287455, 48.1959785 ], [ 16.44086836, 48.19424419 ], [ 16.44075686, 48.19411488 ], [ 16.44071226, 48.19407727 ], [ 16.43999291, 48.19347057 ], [ 16.43935332, 48.19293111 ], [ 16.43913921, 48.19300693 ], [ 16.4388298, 48.19298437 ], [ 16.43863039, 48.19294333 ], [ 16.43862137, 48.19294148 ], [ 16.43856526, 48.19299782 ], [ 16.43853854, 48.19302267 ], [ 16.43853581, 48.19313868 ], [ 16.4385592, 48.1932643 ], [ 16.43860354, 48.19337677 ], [ 16.43864107, 48.19344409 ], [ 16.43870226, 48.19357399 ], [ 16.43875773, 48.19373879 ], [ 16.4387559, 48.19381673 ], [ 16.43875439, 48.19388079 ], [ 16.43873119, 48.19402292 ], [ 16.43868403, 48.19431186 ], [ 16.43839226, 48.1959686 ], [ 16.4383569, 48.19616939 ], [ 16.43836297, 48.19631633 ], [ 16.43837033, 48.19633249 ], [ 16.4384035, 48.19640533 ], [ 16.43852364, 48.19657109 ], [ 16.43853502, 48.19658678 ], [ 16.43858884, 48.19665974 ], [ 16.43873936, 48.19686377 ], [ 16.4388967, 48.19711418 ], [ 16.43895444, 48.19721172 ], [ 16.43895785, 48.19721746 ], [ 16.43897213, 48.19736467 ], [ 16.43891666, 48.197444 ], [ 16.43889983, 48.19746807 ], [ 16.4388987, 48.19748329 ], [ 16.43889341, 48.19755468 ], [ 16.43880653, 48.19745648 ], [ 16.43878529, 48.19743246 ], [ 16.43882149, 48.19739359 ], [ 16.43885267, 48.1973601 ], [ 16.43888766, 48.19730053 ], [ 16.43890396, 48.19724728 ], [ 16.43883936, 48.19709562 ], [ 16.43868069, 48.19685285 ], [ 16.43850453, 48.19660875 ], [ 16.43834251, 48.196374 ], [ 16.43831647, 48.19626916 ], [ 16.43832807, 48.19614855 ], [ 16.43843431, 48.1954611 ], [ 16.43857326, 48.19464979 ], [ 16.43870535, 48.19391222 ], [ 16.43870506, 48.193765 ], [ 16.43864376, 48.19358025 ], [ 16.43854501, 48.19336746 ], [ 16.4384766, 48.19312318 ], [ 16.43848225, 48.19302376 ], [ 16.43848336, 48.19300419 ], [ 16.43654915, 48.19404298 ], [ 16.43646844, 48.19408633 ], [ 16.43637712, 48.1940909 ], [ 16.43633553, 48.19402724 ], [ 16.43619634, 48.19381416 ], [ 16.4362929, 48.1937352 ], [ 16.43626014, 48.19362974 ], [ 16.43776976, 48.1928443 ], [ 16.43791969, 48.19276618 ], [ 16.43792722, 48.19276077 ], [ 16.43813604, 48.19264999 ], [ 16.43824891, 48.1923264 ], [ 16.43893556, 48.19142504 ], [ 16.43904671, 48.19127914 ], [ 16.43928269, 48.19097892 ], [ 16.43884508, 48.1908016 ], [ 16.43831425, 48.1904169 ], [ 16.43768084, 48.1897748 ], [ 16.43760517, 48.18979979 ], [ 16.43621478, 48.18843204 ], [ 16.43584956, 48.18853353 ], [ 16.43553247, 48.18857047 ], [ 16.43527616, 48.18860033 ], [ 16.43511401, 48.18861921 ], [ 16.43501094, 48.18863122 ], [ 16.43499862, 48.18863325 ], [ 16.43499719, 48.18862951 ], [ 16.43495879, 48.1885924 ], [ 16.43466024, 48.18861839 ], [ 16.43465484, 48.18861887 ], [ 16.43464951, 48.18861936 ], [ 16.43464385, 48.1886199 ], [ 16.43463753, 48.18862052 ], [ 16.43463288, 48.18862099 ], [ 16.43462823, 48.18862147 ], [ 16.43462192, 48.18862214 ], [ 16.43461694, 48.18862268 ], [ 16.43461296, 48.18862312 ], [ 16.43460733, 48.18862376 ], [ 16.43460236, 48.18862434 ], [ 16.43459772, 48.1886249 ], [ 16.43459144, 48.18862566 ], [ 16.43458483, 48.18862649 ], [ 16.43457922, 48.18862721 ], [ 16.43457394, 48.1886279 ], [ 16.43456998, 48.18862843 ], [ 16.43456603, 48.18862897 ], [ 16.43456076, 48.1886297 ], [ 16.43455615, 48.18863035 ], [ 16.43455155, 48.18863101 ], [ 16.43454695, 48.18863168 ], [ 16.43454203, 48.18863241 ], [ 16.43453481, 48.1886335 ], [ 16.4345299, 48.18863426 ], [ 16.43452597, 48.18863488 ], [ 16.43452139, 48.18863561 ], [ 16.43451616, 48.18863646 ], [ 16.43451159, 48.18863721 ], [ 16.43450768, 48.18863787 ], [ 16.43450312, 48.18863864 ], [ 16.43449758, 48.1886396 ], [ 16.43449205, 48.18864056 ], [ 16.43448718, 48.18864143 ], [ 16.43448101, 48.18864255 ], [ 16.43447583, 48.18864351 ], [ 16.43447129, 48.18864435 ], [ 16.43446741, 48.18864509 ], [ 16.43446289, 48.18864596 ], [ 16.43445675, 48.18864715 ], [ 16.43445127, 48.18864824 ], [ 16.43444741, 48.18864901 ], [ 16.43444355, 48.18864979 ], [ 16.43443904, 48.18865072 ], [ 16.43443455, 48.18865165 ], [ 16.43442942, 48.18865273 ], [ 16.43442557, 48.18865355 ], [ 16.43442173, 48.18865438 ], [ 16.4344163, 48.18865556 ], [ 16.43441087, 48.18865676 ], [ 16.43440705, 48.18865762 ], [ 16.43440259, 48.18865863 ], [ 16.4343975, 48.18865979 ], [ 16.43439369, 48.18866068 ], [ 16.43438988, 48.18866157 ], [ 16.43438607, 48.18866246 ], [ 16.43438227, 48.18866337 ], [ 16.43437848, 48.18866428 ], [ 16.43437468, 48.18866521 ], [ 16.4343709, 48.18866613 ], [ 16.43436617, 48.18866731 ], [ 16.43436144, 48.18866849 ], [ 16.43435704, 48.18866961 ], [ 16.43435108, 48.18867114 ], [ 16.43332105, 48.18893878 ], [ 16.43332252, 48.18894125 ], [ 16.43332407, 48.18894374 ], [ 16.43332608, 48.18894683 ], [ 16.43332918, 48.18895132 ], [ 16.4333317, 48.18895475 ], [ 16.43333355, 48.18895715 ], [ 16.43333545, 48.18895953 ], [ 16.43333773, 48.18896228 ], [ 16.43333967, 48.18896453 ], [ 16.43329508, 48.18897714 ], [ 16.43326196, 48.18898667 ], [ 16.43324987, 48.18900667 ], [ 16.43323427, 48.18903247 ], [ 16.43321718, 48.18906072 ], [ 16.43318952, 48.1890677 ], [ 16.433088, 48.1890933 ], [ 16.43300627, 48.18897484 ], [ 16.4331095, 48.18894295 ], [ 16.43314816, 48.188931 ], [ 16.43415977, 48.18861847 ], [ 16.43417823, 48.18861276 ], [ 16.43497535, 48.18851569 ], [ 16.43505709, 48.18850573 ], [ 16.43577415, 48.1884184 ], [ 16.43619425, 48.18832126 ], [ 16.43602242, 48.18813921 ], [ 16.43581796, 48.18791258 ], [ 16.43553765, 48.18763516 ], [ 16.43548683, 48.18758486 ], [ 16.43534068, 48.18744022 ], [ 16.43508695, 48.18725949 ], [ 16.4345586, 48.18700642 ], [ 16.43352124, 48.18663139 ], [ 16.43346901, 48.18664583 ], [ 16.43310993, 48.18674514 ], [ 16.43290986, 48.18677076 ], [ 16.43245274, 48.18684894 ], [ 16.43209023, 48.18695923 ], [ 16.43191395, 48.18701927 ], [ 16.43188218, 48.18703009 ], [ 16.43200046, 48.18720976 ], [ 16.43195599, 48.18722233 ], [ 16.43193728, 48.18722762 ], [ 16.43182938, 48.1870635 ], [ 16.43178111, 48.18707631 ], [ 16.43175599, 48.18708298 ], [ 16.43171603, 48.18702291 ], [ 16.43125429, 48.18632878 ], [ 16.43123919, 48.18630388 ], [ 16.43126755, 48.18629585 ], [ 16.43148406, 48.18662472 ], [ 16.43159082, 48.18678688 ], [ 16.43185606, 48.18673 ], [ 16.43213163, 48.1866572 ], [ 16.43280585, 48.18645986 ], [ 16.43337994, 48.18629975 ], [ 16.43426279, 48.18605501 ], [ 16.4349253, 48.18586442 ], [ 16.43519555, 48.18576067 ], [ 16.43535549, 48.18570702 ], [ 16.43680119, 48.1852847 ], [ 16.4382657, 48.1848617 ], [ 16.43942573, 48.18452199 ], [ 16.43987509, 48.18441349 ], [ 16.44012233, 48.18437765 ], [ 16.44031082, 48.18435131 ], [ 16.44056339, 48.18429155 ], [ 16.44080155, 48.18422469 ], [ 16.44132449, 48.18406431 ], [ 16.44193524, 48.18390169 ], [ 16.44423857, 48.1832345 ], [ 16.44430358, 48.18319874 ], [ 16.4444029, 48.18316869 ], [ 16.44451408, 48.18315384 ], [ 16.44581718, 48.18277498 ], [ 16.44641726, 48.18260488 ], [ 16.44644117, 48.18259182 ], [ 16.44646872, 48.1825828 ], [ 16.44648741, 48.18258278 ], [ 16.44704823, 48.18241946 ], [ 16.44707765, 48.18240325 ], [ 16.44712025, 48.18239178 ], [ 16.44715158, 48.18238932 ], [ 16.44769264, 48.18223241 ], [ 16.44773254, 48.18221321 ], [ 16.4477703, 48.18220265 ], [ 16.44779868, 48.18220173 ], [ 16.44836029, 48.18203535 ], [ 16.44839602, 48.18201831 ], [ 16.4484502, 48.18200873 ], [ 16.44902431, 48.18184206 ], [ 16.44904782, 48.18183061 ], [ 16.44907982, 48.18182914 ], [ 16.44964492, 48.18166338 ], [ 16.44967043, 48.18164555 ], [ 16.44969825, 48.1816377 ], [ 16.44971854, 48.18163699 ], [ 16.44974088, 48.18163622 ], [ 16.45051912, 48.18141016 ], [ 16.45081579, 48.18107225 ], [ 16.45105498, 48.1807998 ], [ 16.45139681, 48.18043801 ], [ 16.4515449, 48.18039551 ], [ 16.45168411, 48.18035319 ], [ 16.45118558, 48.18093209 ], [ 16.4511806, 48.18093787 ], [ 16.45097182, 48.1811803 ], [ 16.45086059, 48.18130946 ], [ 16.45371318, 48.18047956 ], [ 16.45803075, 48.17921231 ], [ 16.45829704, 48.17911544 ], [ 16.46248129, 48.177915 ], [ 16.46307316, 48.17773115 ], [ 16.46357791, 48.17755648 ], [ 16.46403126, 48.17742306 ], [ 16.46399337, 48.17734812 ], [ 16.46393849, 48.17723959 ], [ 16.46372493, 48.17681725 ], [ 16.46393036, 48.17675452 ], [ 16.46412855, 48.17718009 ], [ 16.46417988, 48.17729034 ], [ 16.46421735, 48.17736691 ], [ 16.46496011, 48.17714494 ], [ 16.4649918, 48.17712836 ], [ 16.46500871, 48.17711458 ], [ 16.46502912, 48.17710142 ], [ 16.46505383, 48.17708917 ], [ 16.46507922, 48.17708041 ], [ 16.46507826, 48.17707331 ], [ 16.46509358, 48.17706871 ], [ 16.46509858, 48.17707922 ], [ 16.46543394, 48.17697731 ], [ 16.46544055, 48.17698387 ], [ 16.46544849, 48.17698683 ], [ 16.46545764, 48.17698835 ], [ 16.46546732, 48.17698825 ], [ 16.46579904, 48.17688436 ], [ 16.4682376, 48.17613137 ], [ 16.46916697, 48.17580905 ], [ 16.47038181, 48.1753471 ], [ 16.47449225, 48.17376372 ], [ 16.47564813, 48.17330933 ], [ 16.47661577, 48.17291047 ], [ 16.47680079, 48.17281708 ], [ 16.47714414, 48.17265325 ], [ 16.47858525, 48.1719964 ], [ 16.47895144, 48.17183245 ], [ 16.47902607, 48.17178685 ], [ 16.47908011, 48.1717375 ], [ 16.47922369, 48.17163732 ], [ 16.47932427, 48.17159132 ], [ 16.4792147, 48.17148328 ], [ 16.47887267, 48.1711129 ], [ 16.47906109, 48.17103542 ], [ 16.47941137, 48.17141295 ], [ 16.47949911, 48.17151646 ], [ 16.47981176, 48.1713925 ], [ 16.47982528, 48.17141902 ], [ 16.47952177, 48.17154054 ], [ 16.47953714, 48.17155697 ], [ 16.47955661, 48.17154877 ], [ 16.47958628, 48.17158021 ], [ 16.4795664, 48.17158877 ], [ 16.47963544, 48.17165445 ], [ 16.47964703, 48.17166655 ], [ 16.47968704, 48.17171006 ], [ 16.47994787, 48.17199118 ], [ 16.48004978, 48.17211905 ], [ 16.48020586, 48.17231508 ], [ 16.48028001, 48.17243757 ], [ 16.48031913, 48.1725306 ], [ 16.48038775, 48.17273835 ], [ 16.48041201, 48.17299885 ], [ 16.48037487, 48.17318065 ], [ 16.48028389, 48.17338959 ], [ 16.48014731, 48.17358923 ], [ 16.47981514, 48.17399776 ], [ 16.47965165, 48.17414537 ], [ 16.47866798, 48.17487343 ], [ 16.47852116, 48.17497298 ], [ 16.4782643, 48.17515326 ], [ 16.47815411, 48.17522543 ], [ 16.47815207, 48.17523904 ], [ 16.47814381, 48.17529397 ], [ 16.47803407, 48.1753132 ], [ 16.47794169, 48.17532938 ], [ 16.47794067, 48.1753719 ], [ 16.47794024, 48.17538973 ], [ 16.47790782, 48.17543303 ], [ 16.47771899, 48.1755598 ], [ 16.47764618, 48.17555696 ], [ 16.47732498, 48.17554445 ], [ 16.47727243, 48.17555153 ], [ 16.47723039, 48.17556921 ], [ 16.47631001, 48.17615715 ], [ 16.47634952, 48.17619919 ], [ 16.47616862, 48.17633125 ], [ 16.47599023, 48.17639469 ], [ 16.47593873, 48.17642792 ], [ 16.47537923, 48.17678898 ], [ 16.47534501, 48.17676447 ], [ 16.47328116, 48.17807754 ], [ 16.47320795, 48.17820767 ], [ 16.47309517, 48.17826932 ], [ 16.47304005, 48.1782764 ], [ 16.47267293, 48.17851749 ], [ 16.47245431, 48.17862621 ], [ 16.47235776, 48.17870051 ], [ 16.47230052, 48.17874457 ], [ 16.47214052, 48.17885025 ], [ 16.47199354, 48.17890132 ], [ 16.46961659, 48.18036578 ], [ 16.46838923, 48.18118649 ], [ 16.46544129, 48.18311605 ], [ 16.46542936, 48.18312386 ], [ 16.46534095, 48.18320552 ], [ 16.46508842, 48.18337497 ], [ 16.46502405, 48.18339582 ], [ 16.46472746, 48.18363798 ], [ 16.46468026, 48.18367233 ], [ 16.46441294, 48.18386685 ], [ 16.46427573, 48.18401233 ], [ 16.46421165, 48.18409406 ], [ 16.4642317, 48.18415043 ], [ 16.46423411, 48.18420079 ], [ 16.46421204, 48.1842483 ], [ 16.46415006, 48.18430925 ], [ 16.46409685, 48.18432855 ], [ 16.46405034, 48.18433454 ], [ 16.46362956, 48.1846674 ], [ 16.46342368, 48.18483625 ], [ 16.46299189, 48.18517694 ], [ 16.46041267, 48.18686834 ], [ 16.45912491, 48.18769665 ], [ 16.45852409, 48.18807177 ], [ 16.45777218, 48.18853878 ], [ 16.45708848, 48.18896614 ], [ 16.45682909, 48.18915617 ], [ 16.45654182, 48.1893903 ], [ 16.45642417, 48.18946389 ], [ 16.45631626, 48.18950412 ], [ 16.45620903, 48.18951902 ], [ 16.45598129, 48.1895265 ], [ 16.4558527, 48.18971727 ], [ 16.45573561, 48.18989098 ], [ 16.4556001, 48.19003538 ], [ 16.45555996, 48.1900756 ], [ 16.45541855, 48.19021732 ], [ 16.45504355, 48.19049973 ], [ 16.45424234, 48.19102208 ], [ 16.45179857, 48.19267375 ], [ 16.45125928, 48.19300668 ], [ 16.45044852, 48.19355883 ], [ 16.45061879, 48.19367875 ], [ 16.45087675, 48.19385081 ], [ 16.45091647, 48.19392775 ], [ 16.45090663, 48.19398064 ], [ 16.45087714, 48.19402464 ], [ 16.45061113, 48.19428688 ], [ 16.45048931, 48.19430679 ], [ 16.45049573, 48.19422755 ], [ 16.45057463, 48.19420544 ], [ 16.45076522, 48.19402035 ], [ 16.45081119, 48.19394548 ], [ 16.45077814, 48.19390154 ], [ 16.45052556, 48.19374196 ] ], [ [ 16.44996021, 48.19371659 ], [ 16.45021381, 48.19354525 ], [ 16.45022477, 48.19353785 ], [ 16.45010534, 48.19345598 ], [ 16.44994983, 48.19334936 ], [ 16.44989833, 48.19329519 ], [ 16.44988692, 48.19327622 ], [ 16.4498666, 48.19324243 ], [ 16.44984467, 48.19317635 ], [ 16.44984062, 48.1931116 ], [ 16.44986024, 48.19303892 ], [ 16.44989764, 48.19298213 ], [ 16.44992476, 48.19295285 ], [ 16.44994299, 48.19293316 ], [ 16.45000812, 48.19288687 ], [ 16.45009288, 48.19285131 ], [ 16.45010286, 48.19284712 ], [ 16.45022533, 48.19281795 ], [ 16.45032807, 48.19281119 ], [ 16.45042726, 48.19281717 ], [ 16.45044001, 48.19281849 ], [ 16.45061272, 48.19285874 ], [ 16.45072147, 48.19291917 ], [ 16.4509308, 48.19306194 ], [ 16.45196884, 48.19236043 ], [ 16.45287383, 48.19174869 ], [ 16.45503206, 48.19028969 ], [ 16.45532765, 48.19005418 ], [ 16.45546778, 48.18992822 ], [ 16.45558379, 48.18979271 ], [ 16.45561049, 48.18976152 ], [ 16.45577141, 48.1894992 ], [ 16.4558323, 48.189311 ], [ 16.45591472, 48.18877932 ], [ 16.45595734, 48.18825506 ], [ 16.45598827, 48.18784736 ], [ 16.45598742, 48.18783879 ], [ 16.4559665, 48.18762696 ], [ 16.45597665, 48.18742073 ], [ 16.45602947, 48.18729028 ], [ 16.45605394, 48.18717181 ], [ 16.45609629, 48.18705324 ], [ 16.456265, 48.18647994 ], [ 16.4562859, 48.18640894 ], [ 16.45632917, 48.18616581 ], [ 16.45640622, 48.18593244 ], [ 16.45652542, 48.18566387 ], [ 16.45671968, 48.18534611 ], [ 16.45706289, 48.18483395 ], [ 16.45749358, 48.18423778 ], [ 16.45783347, 48.18374909 ], [ 16.45790229, 48.18339657 ], [ 16.45791514, 48.18280408 ], [ 16.45796214, 48.18266501 ], [ 16.45805937, 48.18237728 ], [ 16.45810848, 48.18228926 ], [ 16.45816957, 48.18217976 ], [ 16.4584121, 48.18181375 ], [ 16.45855486, 48.18167762 ], [ 16.45884353, 48.18143027 ], [ 16.45922934, 48.18110797 ], [ 16.45927513, 48.18106972 ], [ 16.46018547, 48.18032448 ], [ 16.46201657, 48.17879019 ], [ 16.46216346, 48.17870091 ], [ 16.46233534, 48.17860224 ], [ 16.46241853, 48.17852976 ], [ 16.46259131, 48.17847363 ], [ 16.46272368, 48.1784403 ], [ 16.46285419, 48.17841416 ], [ 16.46299008, 48.17839171 ], [ 16.46326893, 48.17838034 ], [ 16.46340659, 48.17836526 ], [ 16.46353695, 48.17833723 ], [ 16.4636701, 48.17829437 ], [ 16.46383649, 48.17820875 ], [ 16.4639695, 48.17811021 ], [ 16.46405542, 48.17800058 ], [ 16.46410785, 48.17788532 ], [ 16.46412695, 48.17778322 ], [ 16.46412952, 48.17768106 ], [ 16.46408199, 48.17754738 ], [ 16.46404117, 48.17745938 ], [ 16.46357497, 48.17761989 ], [ 16.46247644, 48.17796446 ], [ 16.46131276, 48.17828959 ], [ 16.46032497, 48.17856729 ], [ 16.46012969, 48.17862541 ], [ 16.45932996, 48.17886343 ], [ 16.45922965, 48.17889448 ], [ 16.45903811, 48.17895376 ], [ 16.45858313, 48.17909023 ], [ 16.45805091, 48.17926319 ], [ 16.45696071, 48.17958226 ], [ 16.45652571, 48.17969954 ], [ 16.45577024, 48.17992435 ], [ 16.45494032, 48.18016848 ], [ 16.45198695, 48.18101416 ], [ 16.45083944, 48.1813504 ], [ 16.45074538, 48.18145761 ], [ 16.45041799, 48.18183079 ], [ 16.45007934, 48.18217881 ], [ 16.44980571, 48.18242342 ], [ 16.44942197, 48.18276645 ], [ 16.44902039, 48.18305831 ], [ 16.44867793, 48.18326666 ], [ 16.44829481, 48.18345589 ], [ 16.44785852, 48.183628 ], [ 16.44769437, 48.18368033 ], [ 16.44722207, 48.18383088 ], [ 16.44684881, 48.18392369 ], [ 16.44641665, 48.18401538 ], [ 16.44628601, 48.18403378 ], [ 16.44619805, 48.18404617 ], [ 16.4456414, 48.18408711 ], [ 16.44563806, 48.18416587 ], [ 16.44561997, 48.1841961 ], [ 16.44557941, 48.18422339 ], [ 16.44547351, 48.18425524 ], [ 16.44507939, 48.18427531 ], [ 16.4448425, 48.18430773 ], [ 16.44456321, 48.18438758 ], [ 16.4441497, 48.18452287 ], [ 16.44130124, 48.18564994 ], [ 16.44038099, 48.18599674 ], [ 16.4399531, 48.18608905 ], [ 16.43872306, 48.18685746 ], [ 16.43634963, 48.18834001 ], [ 16.43751731, 48.18949884 ], [ 16.43837222, 48.19034724 ], [ 16.43851071, 48.19045029 ], [ 16.43884312, 48.19069764 ], [ 16.43957282, 48.19098666 ], [ 16.43985115, 48.19101141 ], [ 16.44045069, 48.19032415 ], [ 16.4404333, 48.19031673 ], [ 16.44042082, 48.19031139 ], [ 16.44122201, 48.189368 ], [ 16.44130273, 48.18927295 ], [ 16.44197426, 48.1884822 ], [ 16.4421063, 48.18853064 ], [ 16.44141111, 48.18936783 ], [ 16.43999722, 48.19107046 ], [ 16.43981865, 48.19128549 ], [ 16.43926326, 48.19195425 ], [ 16.43926733, 48.19204094 ], [ 16.43944786, 48.19211866 ], [ 16.4395992, 48.19226719 ], [ 16.43970595, 48.19237852 ], [ 16.43971561, 48.19249776 ], [ 16.43973412, 48.1925401 ], [ 16.4398509, 48.1925551 ], [ 16.44001654, 48.19256233 ], [ 16.4400286, 48.19256286 ], [ 16.44267652, 48.19277605 ], [ 16.44272786, 48.19278018 ], [ 16.44271182, 48.19283011 ], [ 16.44267548, 48.19282708 ], [ 16.44219756, 48.19278727 ], [ 16.44024016, 48.19262418 ], [ 16.43979584, 48.19259643 ], [ 16.43968526, 48.19259069 ], [ 16.43963843, 48.19271232 ], [ 16.43949491, 48.19284015 ], [ 16.4395635, 48.19290691 ], [ 16.44082213, 48.19399981 ], [ 16.44401362, 48.19677081 ], [ 16.44462662, 48.19729157 ], [ 16.44526213, 48.19686823 ], [ 16.44601079, 48.19636948 ], [ 16.44659885, 48.19597773 ], [ 16.44717929, 48.19559103 ], [ 16.44645867, 48.19513307 ], [ 16.44547012, 48.19581049 ], [ 16.4453186, 48.19571782 ], [ 16.44756806, 48.19417463 ], [ 16.44776198, 48.19403985 ], [ 16.44826244, 48.19395087 ], [ 16.44857398, 48.19390452 ], [ 16.44910324, 48.19426337 ], [ 16.4493187, 48.19412709 ], [ 16.44933997, 48.19413562 ], [ 16.44996021, 48.19371659 ] ], [ [ 16.45041126, 48.19289834 ], [ 16.45028872, 48.19289451 ], [ 16.45015239, 48.19292369 ], [ 16.45006358, 48.1929674 ], [ 16.44999647, 48.19303222 ], [ 16.44997093, 48.19309699 ], [ 16.44996516, 48.19316571 ], [ 16.44999101, 48.19323565 ], [ 16.45004655, 48.19329243 ], [ 16.45031756, 48.19346654 ], [ 16.45039445, 48.19338328 ], [ 16.45042008, 48.19335807 ], [ 16.45077921, 48.19311597 ], [ 16.4507634, 48.19308299 ], [ 16.45064255, 48.19299587 ], [ 16.45049229, 48.1929247 ], [ 16.45041126, 48.19289834 ] ], [ [ 16.45636778, 48.18726267 ], [ 16.4562864, 48.18725907 ], [ 16.45624939, 48.18736352 ], [ 16.4562003, 48.18759119 ], [ 16.45616515, 48.18774528 ], [ 16.45610582, 48.18813871 ], [ 16.45606794, 48.18856074 ], [ 16.45608972, 48.18878822 ], [ 16.45608654, 48.18910002 ], [ 16.45608036, 48.18915894 ], [ 16.45606497, 48.18930545 ], [ 16.45608052, 48.18934275 ], [ 16.45612078, 48.18936061 ], [ 16.45617124, 48.18937306 ], [ 16.45626232, 48.18938249 ], [ 16.45637522, 48.18935009 ], [ 16.45647046, 48.18929936 ], [ 16.4566942, 48.18910532 ], [ 16.45700974, 48.18888331 ], [ 16.45769815, 48.18845711 ], [ 16.45798888, 48.18828243 ], [ 16.45833138, 48.18807665 ], [ 16.45898656, 48.18765786 ], [ 16.45990435, 48.18705405 ], [ 16.46131157, 48.18613972 ], [ 16.46279851, 48.18517887 ], [ 16.46309184, 48.18497026 ], [ 16.46330366, 48.18480896 ], [ 16.46347331, 48.18465866 ], [ 16.4636343, 48.18451604 ], [ 16.46377371, 48.18433405 ], [ 16.4637973, 48.18430326 ], [ 16.46380969, 48.1842045 ], [ 16.46383466, 48.1841309 ], [ 16.46389426, 48.18408668 ], [ 16.46395392, 48.18406773 ], [ 16.46404178, 48.18403193 ], [ 16.46435218, 48.18376889 ], [ 16.46461867, 48.18353324 ], [ 16.46525862, 48.18308915 ], [ 16.46661261, 48.18221168 ], [ 16.46689161, 48.18202872 ], [ 16.46704343, 48.18192916 ], [ 16.46941941, 48.18034551 ], [ 16.47039427, 48.17975828 ], [ 16.47034043, 48.17968838 ], [ 16.46852591, 48.1796939 ], [ 16.46852705, 48.17956107 ], [ 16.4707303, 48.17954906 ], [ 16.47198443, 48.17876221 ], [ 16.47188273, 48.17869245 ], [ 16.46958039, 48.17869586 ], [ 16.46958088, 48.17857194 ], [ 16.47230222, 48.17857441 ], [ 16.47355481, 48.17777899 ], [ 16.47350218, 48.17770999 ], [ 16.47087234, 48.17771517 ], [ 16.47087281, 48.17758782 ], [ 16.47387915, 48.17758426 ], [ 16.47430858, 48.17731647 ], [ 16.47429058, 48.17722053 ], [ 16.47389958, 48.17692926 ], [ 16.47309475, 48.17609411 ], [ 16.47324839, 48.17602315 ], [ 16.47402571, 48.17682982 ], [ 16.47442062, 48.1771254 ], [ 16.47457061, 48.17715085 ], [ 16.47566217, 48.17645364 ], [ 16.47603154, 48.17620839 ], [ 16.47622058, 48.17605446 ], [ 16.47692181, 48.17561914 ], [ 16.47770461, 48.17512265 ], [ 16.47777654, 48.17502607 ], [ 16.47782908, 48.17486511 ], [ 16.47796341, 48.1747716 ], [ 16.47813181, 48.17474567 ], [ 16.47833373, 48.17473256 ], [ 16.47864296, 48.17457929 ], [ 16.47877114, 48.1745937 ], [ 16.47947198, 48.17403614 ], [ 16.47985105, 48.1736656 ], [ 16.48004271, 48.17339826 ], [ 16.48012049, 48.17327783 ], [ 16.48017512, 48.17310239 ], [ 16.48019083, 48.17295083 ], [ 16.48018722, 48.17281225 ], [ 16.48013161, 48.17259361 ], [ 16.47999998, 48.17235158 ], [ 16.47977603, 48.1720773 ], [ 16.47951882, 48.17179644 ], [ 16.47949767, 48.17177178 ], [ 16.47941771, 48.17168914 ], [ 16.47887864, 48.17190871 ], [ 16.47825504, 48.17218909 ], [ 16.4780249, 48.17230017 ], [ 16.47692825, 48.17281593 ], [ 16.47590355, 48.17324355 ], [ 16.47548505, 48.17341152 ], [ 16.47462639, 48.17374602 ], [ 16.47386563, 48.17404093 ], [ 16.47200559, 48.17475712 ], [ 16.47152071, 48.17494432 ], [ 16.47112404, 48.17509747 ], [ 16.47039681, 48.17537586 ], [ 16.46947507, 48.1757274 ], [ 16.46898462, 48.17590657 ], [ 16.46849952, 48.17607486 ], [ 16.46802649, 48.17623314 ], [ 16.46732906, 48.17645131 ], [ 16.46549385, 48.17700449 ], [ 16.46549845, 48.17701609 ], [ 16.46548712, 48.17705666 ], [ 16.46532777, 48.1771055 ], [ 16.46533304, 48.17711403 ], [ 16.4653067, 48.17712198 ], [ 16.46507892, 48.17717574 ], [ 16.46506704, 48.17715858 ], [ 16.46504151, 48.17716508 ], [ 16.46502819, 48.17715885 ], [ 16.46501837, 48.17715881 ], [ 16.46423006, 48.17739523 ], [ 16.46430336, 48.1775617 ], [ 16.46431144, 48.17762114 ], [ 16.46432113, 48.17768003 ], [ 16.4643293, 48.17777346 ], [ 16.46432441, 48.17786097 ], [ 16.46428879, 48.17797433 ], [ 16.46423323, 48.17807467 ], [ 16.46416286, 48.17816342 ], [ 16.46406989, 48.17824752 ], [ 16.46394516, 48.17832563 ], [ 16.46378427, 48.17840567 ], [ 16.46359831, 48.17846163 ], [ 16.46334575, 48.17850463 ], [ 16.46308478, 48.17851598 ], [ 16.46286566, 48.17853979 ], [ 16.46254637, 48.17862431 ], [ 16.46240035, 48.17868284 ], [ 16.46225382, 48.17875378 ], [ 16.4618715, 48.17907103 ], [ 16.46169941, 48.17919551 ], [ 16.46155044, 48.17936663 ], [ 16.46028434, 48.1803945 ], [ 16.45897257, 48.18146457 ], [ 16.45851532, 48.18190169 ], [ 16.45839056, 48.18208276 ], [ 16.45826144, 48.18230036 ], [ 16.45814749, 48.18256281 ], [ 16.45809247, 48.18289625 ], [ 16.45808959, 48.18315697 ], [ 16.45811542, 48.18351386 ], [ 16.45811893, 48.18356226 ], [ 16.45802373, 48.183797 ], [ 16.45793937, 48.18387431 ], [ 16.45770064, 48.18422596 ], [ 16.45732594, 48.18477791 ], [ 16.45688411, 48.18538632 ], [ 16.45669493, 48.18568653 ], [ 16.45655481, 48.18598229 ], [ 16.45641983, 48.18646096 ], [ 16.45639761, 48.18656333 ], [ 16.45632584, 48.1871012 ], [ 16.45642395, 48.18712691 ], [ 16.45654868, 48.18711707 ], [ 16.45746648, 48.1865462 ], [ 16.45751006, 48.18657415 ], [ 16.45755272, 48.18660022 ], [ 16.45666175, 48.18719 ], [ 16.45656046, 48.18724377 ], [ 16.45647215, 48.18726724 ], [ 16.45636778, 48.18726267 ] ], [ [ 16.44575015, 48.1839439 ], [ 16.44599485, 48.18391821 ], [ 16.44634561, 48.18387003 ], [ 16.44658772, 48.18383194 ], [ 16.44678425, 48.183792 ], [ 16.4470524, 48.18372681 ], [ 16.44728612, 48.18366417 ], [ 16.44755168, 48.1835827 ], [ 16.44784193, 48.18347927 ], [ 16.44802064, 48.18340976 ], [ 16.44821933, 48.18331927 ], [ 16.44838068, 48.18324249 ], [ 16.44852402, 48.18316828 ], [ 16.44866798, 48.18308456 ], [ 16.44887682, 48.18295908 ], [ 16.44908307, 48.18281984 ], [ 16.44927063, 48.18267846 ], [ 16.44955465, 48.1824395 ], [ 16.44975999, 48.18225134 ], [ 16.44999388, 48.18202385 ], [ 16.45032964, 48.18164939 ], [ 16.45031844, 48.18164463 ], [ 16.45043515, 48.181507 ], [ 16.45048384, 48.18145148 ], [ 16.45007691, 48.181567 ], [ 16.44974726, 48.18166427 ], [ 16.44973104, 48.18168506 ], [ 16.44970281, 48.18169129 ], [ 16.44967209, 48.1816859 ], [ 16.44910089, 48.18185148 ], [ 16.44907815, 48.18186431 ], [ 16.44905234, 48.18187072 ], [ 16.44901981, 48.18187606 ], [ 16.44871693, 48.18196308 ], [ 16.44846018, 48.1820372 ], [ 16.44843941, 48.18205586 ], [ 16.44840513, 48.18206498 ], [ 16.44838804, 48.18205933 ], [ 16.447815, 48.18222464 ], [ 16.44778989, 48.18224077 ], [ 16.44776368, 48.18224817 ], [ 16.44772361, 48.18225077 ], [ 16.44723575, 48.18239316 ], [ 16.4471675, 48.18241314 ], [ 16.44714737, 48.18243492 ], [ 16.44711054, 48.1824426 ], [ 16.44706079, 48.18244445 ], [ 16.44649984, 48.18260885 ], [ 16.4464895, 48.1826165 ], [ 16.44647996, 48.18262119 ], [ 16.44645603, 48.18262355 ], [ 16.44588512, 48.18278606 ], [ 16.4458416, 48.182813 ], [ 16.44577357, 48.1828216 ], [ 16.44446093, 48.18320407 ], [ 16.44444955, 48.18322432 ], [ 16.44434069, 48.18325743 ], [ 16.4442674, 48.18326019 ], [ 16.44254011, 48.1837594 ], [ 16.44247251, 48.18378168 ], [ 16.44238557, 48.18381521 ], [ 16.44236528, 48.18382378 ], [ 16.44236154, 48.1838343 ], [ 16.44239329, 48.18384111 ], [ 16.44244573, 48.18383422 ], [ 16.44254131, 48.18381759 ], [ 16.44260085, 48.18380359 ], [ 16.44323107, 48.18362908 ], [ 16.4437348, 48.18348768 ], [ 16.44427764, 48.1833315 ], [ 16.44500646, 48.18311596 ], [ 16.44540239, 48.18299966 ], [ 16.44580852, 48.18287589 ], [ 16.44587338, 48.18295659 ], [ 16.44600168, 48.18308948 ], [ 16.44610005, 48.18317994 ], [ 16.44621884, 48.18326599 ], [ 16.4462664, 48.18330659 ], [ 16.44631727, 48.18338604 ], [ 16.44631821, 48.18344926 ], [ 16.44626663, 48.18353781 ], [ 16.44620546, 48.18360999 ], [ 16.44613929, 48.18367148 ], [ 16.44606074, 48.18372848 ], [ 16.44591144, 48.1837789 ], [ 16.44578844, 48.18379988 ], [ 16.44572581, 48.18381774 ], [ 16.44566953, 48.18384963 ], [ 16.44562849, 48.18390102 ], [ 16.44562494, 48.18394096 ], [ 16.44574764, 48.18393031 ], [ 16.44575015, 48.1839439 ] ], [ [ 16.44227919, 48.18413457 ], [ 16.44348292, 48.18406448 ], [ 16.44528465, 48.18397761 ], [ 16.44556416, 48.18394407 ], [ 16.44556689, 48.18389775 ], [ 16.44559166, 48.18384962 ], [ 16.44562541, 48.1838234 ], [ 16.44564255, 48.18381009 ], [ 16.44572988, 48.18377358 ], [ 16.44580006, 48.18376094 ], [ 16.44584334, 48.18375315 ], [ 16.44596511, 48.18372336 ], [ 16.44607582, 48.18367514 ], [ 16.446131, 48.18362886 ], [ 16.44623873, 48.18350842 ], [ 16.44626347, 48.18344356 ], [ 16.44626347, 48.18338438 ], [ 16.44621611, 48.18331032 ], [ 16.44608992, 48.18322357 ], [ 16.44583215, 48.18298469 ], [ 16.44580011, 48.18296772 ], [ 16.44578522, 48.18296433 ], [ 16.44575374, 48.18295717 ], [ 16.44571858, 48.18295305 ], [ 16.44567448, 48.18295606 ], [ 16.44363194, 48.18355622 ], [ 16.44257995, 48.1838403 ], [ 16.44235881, 48.18387765 ], [ 16.44227457, 48.18398484 ], [ 16.44222138, 48.18407346 ], [ 16.44205129, 48.18409179 ], [ 16.44204393, 48.18407974 ], [ 16.44196538, 48.18395264 ], [ 16.44150135, 48.18407207 ], [ 16.44132337, 48.18410685 ], [ 16.44110751, 48.18416164 ], [ 16.44071909, 48.18427585 ], [ 16.44032363, 48.18436974 ], [ 16.44033971, 48.18440587 ], [ 16.44075228, 48.18432915 ], [ 16.44149626, 48.18421425 ], [ 16.44227919, 48.18413457 ] ], [ [ 16.4437857, 48.18418273 ], [ 16.44320914, 48.18420808 ], [ 16.44254853, 48.18425339 ], [ 16.44160387, 48.18435706 ], [ 16.44055484, 48.18451783 ], [ 16.43972018, 48.18468864 ], [ 16.438659, 48.18496991 ], [ 16.43869179, 48.18502756 ], [ 16.43870731, 48.18505486 ], [ 16.43771817, 48.18531771 ], [ 16.43644251, 48.18568486 ], [ 16.43411058, 48.18635596 ], [ 16.43389007, 48.18644977 ], [ 16.4336521, 48.18656239 ], [ 16.43364155, 48.18660125 ], [ 16.43462308, 48.18696914 ], [ 16.43490432, 48.18709322 ], [ 16.43511034, 48.18718411 ], [ 16.43530077, 48.1873165 ], [ 16.43558303, 48.18754515 ], [ 16.43559078, 48.18755143 ], [ 16.4360443, 48.18804647 ], [ 16.43624939, 48.18825017 ], [ 16.43628222, 48.18825814 ], [ 16.43634163, 48.18823696 ], [ 16.43736699, 48.18758927 ], [ 16.43745626, 48.18753288 ], [ 16.43858039, 48.18682278 ], [ 16.43863492, 48.1867643 ], [ 16.43864951, 48.18674865 ], [ 16.43863269, 48.18668216 ], [ 16.43839406, 48.18645287 ], [ 16.4381484, 48.18615269 ], [ 16.4380857, 48.18607608 ], [ 16.43791058, 48.1858621 ], [ 16.43797956, 48.18583729 ], [ 16.43813521, 48.18604049 ], [ 16.43820837, 48.18613601 ], [ 16.43843355, 48.18642999 ], [ 16.43863653, 48.18660168 ], [ 16.43874855, 48.1866961 ], [ 16.43884624, 48.18667028 ], [ 16.43980817, 48.18603944 ], [ 16.44005593, 48.18599065 ], [ 16.44025628, 48.18597348 ], [ 16.44052577, 48.18589832 ], [ 16.44304894, 48.18490296 ], [ 16.44426316, 48.18444047 ], [ 16.4446131, 48.18432296 ], [ 16.44498408, 48.18423079 ], [ 16.44535469, 48.18421893 ], [ 16.44549842, 48.18420431 ], [ 16.44553578, 48.1841924 ], [ 16.44557513, 48.18416871 ], [ 16.4455928, 48.18413048 ], [ 16.44558879, 48.18408039 ], [ 16.44506172, 48.18412118 ], [ 16.44489942, 48.18413374 ], [ 16.4437857, 48.18418273 ] ], [ [ 16.43976327, 48.19111779 ], [ 16.43960419, 48.19106775 ], [ 16.43945104, 48.191091 ], [ 16.43928346, 48.19116076 ], [ 16.43843293, 48.19226517 ], [ 16.43832912, 48.1924141 ], [ 16.43837275, 48.19250678 ], [ 16.43851451, 48.1925724 ], [ 16.43855476, 48.19245635 ], [ 16.43862679, 48.19235385 ], [ 16.4388722, 48.19218933 ], [ 16.43976327, 48.19111779 ] ], [ [ 16.43908542, 48.19240776 ], [ 16.43891443, 48.19238948 ], [ 16.43878718, 48.19245443 ], [ 16.43877297, 48.19254528 ], [ 16.43890432, 48.19265128 ], [ 16.43901048, 48.19266683 ], [ 16.43915585, 48.19258666 ], [ 16.43915197, 48.19246004 ], [ 16.43908542, 48.19240776 ] ], [ [ 16.44847255, 48.19402306 ], [ 16.44844104, 48.1940087 ], [ 16.4480891, 48.19403711 ], [ 16.44789482, 48.19413838 ], [ 16.44654193, 48.19507184 ], [ 16.44727666, 48.19552241 ], [ 16.44902154, 48.19436103 ], [ 16.44898452, 48.19434335 ], [ 16.44847255, 48.19402306 ] ] ] ] } },
{ "type": "Feature", "properties": { "LEV1": "Verkehr", "LEV2": "Straßenraum", "LEV3": "Straßenraum", "FLAECHE": 641.23420652000004 }, "geometry": { "type": "Polygon", "coordinates": [ [ [ 16.37088146, 48.22636482 ], [ 16.37071234, 48.22645355 ], [ 16.37070467, 48.22644626 ], [ 16.37052069, 48.22627077 ], [ 16.37045497, 48.22620577 ], [ 16.37041793, 48.22616918 ], [ 16.37039431, 48.22599246 ], [ 16.37056474, 48.22612606 ], [ 16.3706745, 48.22622207 ], [ 16.37071163, 48.22620489 ], [ 16.37088146, 48.22636482 ] ] ] } },
{ "type": "Feature", "properties": { "LEV1": "Verkehr", "LEV2": "Straßenraum", "LEV3": "Straßenraum", "FLAECHE": 697098.66917165997 }, "geometry": { "type": "MultiPolygon", "coordinates": [ [ [ [ 16.3885041, 48.22861118 ], [ 16.38831165, 48.22940576 ], [ 16.38830711, 48.2294099 ], [ 16.38737412, 48.23022967 ], [ 16.38708423, 48.23048513 ], [ 16.38774036, 48.23083116 ], [ 16.38770513, 48.2308676 ], [ 16.38740589, 48.2307171 ], [ 16.38741302, 48.23071053 ], [ 16.38704994, 48.23052049 ], [ 16.38678462, 48.2303688 ], [ 16.38681475, 48.23034019 ], [ 16.38734421, 48.22987411 ], [ 16.38791347, 48.22937293 ], [ 16.38791696, 48.22935737 ], [ 16.38818091, 48.2281661 ], [ 16.38813313, 48.2281346 ], [ 16.38804918, 48.22807201 ], [ 16.38797652, 48.22795666 ], [ 16.38797339, 48.22792266 ], [ 16.38796481, 48.22783139 ], [ 16.38597001, 48.22676451 ], [ 16.38497917, 48.22623451 ], [ 16.38495722, 48.22622283 ], [ 16.38485097, 48.22616595 ], [ 16.38469867, 48.22608454 ], [ 16.38372917, 48.2257432 ], [ 16.3836881, 48.22572874 ], [ 16.38362307, 48.22570592 ], [ 16.38336963, 48.22561659 ], [ 16.38336033, 48.22561334 ], [ 16.38334761, 48.22560938 ], [ 16.38333891, 48.22560706 ], [ 16.38333192, 48.22560537 ], [ 16.38331781, 48.22560246 ], [ 16.38330579, 48.2256005 ], [ 16.38329373, 48.22559897 ], [ 16.38328327, 48.22559801 ], [ 16.38327277, 48.22559736 ], [ 16.38325877, 48.22559698 ], [ 16.3832526, 48.22559699 ], [ 16.383243, 48.22559724 ], [ 16.38323078, 48.22559796 ], [ 16.38321853, 48.2255991 ], [ 16.38320832, 48.2256004 ], [ 16.38319878, 48.22560189 ], [ 16.3831929, 48.22560299 ], [ 16.38318128, 48.22560542 ], [ 16.38316988, 48.22560828 ], [ 16.38316, 48.2256111 ], [ 16.38315051, 48.22561423 ], [ 16.38313972, 48.22561817 ], [ 16.38312859, 48.22562287 ], [ 16.38311906, 48.22562731 ], [ 16.38311224, 48.22563077 ], [ 16.38310684, 48.2256338 ], [ 16.38309962, 48.22563808 ], [ 16.3830939, 48.22564175 ], [ 16.38308528, 48.22564773 ], [ 16.38307736, 48.2256539 ], [ 16.38306959, 48.22566064 ], [ 16.3830651, 48.22566496 ], [ 16.38304042, 48.22569654 ], [ 16.38285424, 48.22593601 ], [ 16.38278124, 48.22602939 ], [ 16.38260472, 48.22625492 ], [ 16.38238129, 48.22654055 ], [ 16.38130697, 48.22791315 ], [ 16.38046999, 48.22831359 ], [ 16.38013874, 48.2283013 ], [ 16.37990141, 48.22841651 ], [ 16.38054811, 48.22759194 ], [ 16.38251102, 48.22504198 ], [ 16.38247335, 48.22490249 ], [ 16.38161915, 48.22431416 ], [ 16.38142495, 48.22418039 ], [ 16.3814097, 48.22413229 ], [ 16.38179953, 48.22406423 ], [ 16.38138201, 48.22302427 ], [ 16.38137128, 48.22299754 ], [ 16.38136375, 48.22299857 ], [ 16.38119392, 48.2230209 ], [ 16.38100126, 48.22309562 ], [ 16.38090199, 48.22284547 ], [ 16.38124402, 48.22266866 ], [ 16.38124029, 48.22265776 ], [ 16.38025746, 48.22016808 ], [ 16.38007162, 48.21970635 ], [ 16.37995388, 48.21973289 ], [ 16.37992052, 48.2197404 ], [ 16.3790432, 48.22034247 ], [ 16.37645371, 48.22225833 ], [ 16.37614088, 48.22253201 ], [ 16.37603045, 48.22260939 ], [ 16.37594225, 48.22267465 ], [ 16.37453795, 48.22371364 ], [ 16.37408988, 48.22401605 ], [ 16.37376749, 48.22424369 ], [ 16.37346935, 48.22445422 ], [ 16.37335381, 48.22455723 ], [ 16.37251617, 48.22516903 ], [ 16.37239107, 48.22525271 ], [ 16.37223701, 48.22532039 ], [ 16.37203478, 48.22540409 ], [ 16.37184692, 48.22544273 ], [ 16.37126371, 48.22559606 ], [ 16.37102082, 48.2256634 ], [ 16.37059967, 48.22583494 ], [ 16.37054159, 48.22591841 ], [ 16.37039431, 48.22599246 ], [ 16.37036898, 48.22582197 ], [ 16.37027816, 48.22579116 ], [ 16.37027366, 48.2257898 ], [ 16.37025118, 48.22578216 ], [ 16.36991951, 48.22567007 ], [ 16.36975376, 48.22561405 ], [ 16.36961145, 48.22563785 ], [ 16.36934061, 48.22568315 ], [ 16.36930501, 48.22567079 ], [ 16.36870036, 48.22546102 ], [ 16.36850301, 48.22539785 ], [ 16.36845976, 48.22538371 ], [ 16.36847984, 48.22535208 ], [ 16.36868831, 48.22492323 ], [ 16.36874717, 48.2247866 ], [ 16.36877029, 48.22472994 ], [ 16.36881313, 48.22458388 ], [ 16.3688549, 48.22445499 ], [ 16.3689049, 48.22434814 ], [ 16.36893461, 48.22429597 ], [ 16.36902509, 48.2241463 ], [ 16.36906892, 48.22407902 ], [ 16.36918388, 48.22390272 ], [ 16.36922106, 48.22375279 ], [ 16.36925157, 48.22368129 ], [ 16.36928434, 48.22357255 ], [ 16.36948176, 48.22230526 ], [ 16.36952692, 48.22201144 ], [ 16.36952943, 48.22194003 ], [ 16.36952356, 48.22180765 ], [ 16.36936612, 48.22079453 ], [ 16.36935823, 48.22066566 ], [ 16.3693782, 48.22055 ], [ 16.36943867, 48.2204069 ], [ 16.36948331, 48.22033863 ], [ 16.36955525, 48.22025731 ], [ 16.36956399, 48.22024642 ], [ 16.36956479, 48.22023617 ], [ 16.36956196, 48.22022943 ], [ 16.36946004, 48.22015931 ], [ 16.36943474, 48.22015266 ], [ 16.36940392, 48.22015555 ], [ 16.36933406, 48.22012931 ], [ 16.36932371, 48.22014046 ], [ 16.36927853, 48.22019866 ], [ 16.36923819, 48.22025416 ], [ 16.36926148, 48.22026171 ], [ 16.36921443, 48.22034122 ], [ 16.36915194, 48.22048162 ], [ 16.36910733, 48.22059108 ], [ 16.36906703, 48.22070306 ], [ 16.36897639, 48.22102298 ], [ 16.36893907, 48.22116454 ], [ 16.36892122, 48.22123856 ], [ 16.36889881, 48.22134378 ], [ 16.3688693, 48.22149371 ], [ 16.36882827, 48.22173771 ], [ 16.36880213, 48.22190157 ], [ 16.36876694, 48.22221212 ], [ 16.36876474, 48.2234199 ], [ 16.3688957, 48.22342373 ], [ 16.36889223, 48.22347041 ], [ 16.36876424, 48.22346631 ], [ 16.36874107, 48.2240721 ], [ 16.36873025, 48.22420376 ], [ 16.36873756, 48.22426311 ], [ 16.36870813, 48.22433318 ], [ 16.36869752, 48.22437977 ], [ 16.36865415, 48.22453896 ], [ 16.36856494, 48.2247827 ], [ 16.36848565, 48.22497221 ], [ 16.36834006, 48.2252451 ], [ 16.36828454, 48.22533532 ], [ 16.36823228, 48.22532096 ], [ 16.36831096, 48.22519079 ], [ 16.36838974, 48.22504436 ], [ 16.36837263, 48.2250208 ], [ 16.36845005, 48.22485072 ], [ 16.36848274, 48.22483758 ], [ 16.36856135, 48.22463593 ], [ 16.36861065, 48.22448843 ], [ 16.36858924, 48.22446694 ], [ 16.36863822, 48.22425046 ], [ 16.36865003, 48.22418804 ], [ 16.36867707, 48.22417113 ], [ 16.36868669, 48.22406905 ], [ 16.36870123, 48.22385357 ], [ 16.36870676, 48.22367371 ], [ 16.36870976, 48.22352064 ], [ 16.36870652, 48.22350553 ], [ 16.36870275, 48.22349447 ], [ 16.36869493, 48.22348117 ], [ 16.3686847, 48.22347281 ], [ 16.36867932, 48.2234791 ], [ 16.36866035, 48.22348837 ], [ 16.36863465, 48.22349449 ], [ 16.36861742, 48.22349522 ], [ 16.36860006, 48.22349351 ], [ 16.36858229, 48.22348911 ], [ 16.36858362, 48.22346879 ], [ 16.36789185, 48.22345104 ], [ 16.3678919, 48.22344483 ], [ 16.36789198, 48.22343598 ], [ 16.3678921, 48.2234197 ], [ 16.36789217, 48.22340377 ], [ 16.36789221, 48.22339186 ], [ 16.36858803, 48.22340619 ], [ 16.36858949, 48.22338578 ], [ 16.36860793, 48.22338254 ], [ 16.36862543, 48.2233819 ], [ 16.36864238, 48.22338378 ], [ 16.36865854, 48.22338783 ], [ 16.36867321, 48.22339394 ], [ 16.36868304, 48.22340041 ], [ 16.36868897, 48.22340787 ], [ 16.36869785, 48.22340418 ], [ 16.36870242, 48.22339987 ], [ 16.36871008, 48.22338125 ], [ 16.36871221, 48.22334402 ], [ 16.36871201, 48.22239694 ], [ 16.36872419, 48.22207597 ], [ 16.3687668, 48.221788 ], [ 16.36881439, 48.22149346 ], [ 16.36901964, 48.22068302 ], [ 16.3690715, 48.22053929 ], [ 16.36916247, 48.22032442 ], [ 16.36915788, 48.22031066 ], [ 16.36914038, 48.22030401 ], [ 16.36928366, 48.22001511 ], [ 16.36901292, 48.21985637 ], [ 16.36870168, 48.21969134 ], [ 16.3686636, 48.21969396 ], [ 16.36867349, 48.21968161 ], [ 16.36876432, 48.21958286 ], [ 16.36885884, 48.21948454 ], [ 16.36916916, 48.21964696 ], [ 16.36943478, 48.21980391 ], [ 16.36947406, 48.21976963 ], [ 16.36976374, 48.21947493 ], [ 16.37016159, 48.21914674 ], [ 16.37011729, 48.21910736 ], [ 16.37032095, 48.21898706 ], [ 16.36988727, 48.21864608 ], [ 16.36989748, 48.21864023 ], [ 16.37008582, 48.21853226 ], [ 16.3701516, 48.21849464 ], [ 16.37058622, 48.21883185 ], [ 16.37233013, 48.2178498 ], [ 16.37275301, 48.21756098 ], [ 16.37299468, 48.21735622 ], [ 16.37338144, 48.2170005 ], [ 16.37366474, 48.21667971 ], [ 16.37517601, 48.21448864 ], [ 16.374569, 48.21430224 ], [ 16.37467344, 48.21415049 ], [ 16.3752826, 48.21434157 ], [ 16.37561851, 48.21387938 ], [ 16.37604986, 48.21347634 ], [ 16.37654357, 48.21315475 ], [ 16.37698998, 48.21292095 ], [ 16.37664365, 48.21253474 ], [ 16.37666068, 48.21252707 ], [ 16.37667561, 48.21252032 ], [ 16.37669054, 48.21251366 ], [ 16.37670561, 48.212507 ], [ 16.37672067, 48.21250043 ], [ 16.37673574, 48.21249386 ], [ 16.3767515, 48.21248697 ], [ 16.37676587, 48.21248072 ], [ 16.37678107, 48.21247424 ], [ 16.37679627, 48.21246776 ], [ 16.37681147, 48.21246137 ], [ 16.37682667, 48.21245489 ], [ 16.376842, 48.21244858 ], [ 16.3768572, 48.21244219 ], [ 16.37687253, 48.21243589 ], [ 16.37688787, 48.21242959 ], [ 16.37690334, 48.21242338 ], [ 16.37691867, 48.21241717 ], [ 16.3772551, 48.21280511 ], [ 16.378052, 48.21254132 ], [ 16.37886793, 48.21235963 ], [ 16.37867032, 48.21193621 ], [ 16.37869332, 48.21193188 ], [ 16.37871633, 48.21192765 ], [ 16.37873934, 48.2119235 ], [ 16.37876234, 48.21191936 ], [ 16.37878548, 48.21191521 ], [ 16.37880849, 48.21191107 ], [ 16.37883163, 48.21190701 ], [ 16.37885477, 48.21190305 ], [ 16.37887777, 48.21189899 ], [ 16.37890091, 48.21189511 ], [ 16.37892405, 48.21189115 ], [ 16.37894773, 48.21188718 ], [ 16.37897127, 48.21188322 ], [ 16.37899495, 48.21187934 ], [ 16.37901863, 48.21187555 ], [ 16.37902616, 48.21187429 ], [ 16.37903803, 48.21189974 ], [ 16.37922526, 48.21230095 ], [ 16.38031531, 48.21217031 ], [ 16.38152154, 48.21211372 ], [ 16.38291451, 48.21218106 ], [ 16.38279448, 48.21171994 ], [ 16.38281897, 48.21172191 ], [ 16.38284332, 48.21172388 ], [ 16.38286781, 48.21172585 ], [ 16.38289217, 48.21172781 ], [ 16.38291666, 48.21172987 ], [ 16.38294102, 48.21173202 ], [ 16.38296537, 48.21173417 ], [ 16.38298986, 48.21173632 ], [ 16.38301422, 48.21173847 ], [ 16.38303858, 48.2117408 ], [ 16.38306293, 48.21174303 ], [ 16.38308729, 48.21174536 ], [ 16.38311164, 48.21174769 ], [ 16.383136, 48.21175011 ], [ 16.38316036, 48.21175253 ], [ 16.38318471, 48.21175503 ], [ 16.38318863, 48.21176592 ], [ 16.38331122, 48.21222191 ], [ 16.38372407, 48.21226572 ], [ 16.3839223, 48.21229324 ], [ 16.38414032, 48.21233218 ], [ 16.38446344, 48.21239842 ], [ 16.38469547, 48.21245471 ], [ 16.38485725, 48.21249862 ], [ 16.38505658, 48.21255717 ], [ 16.38523789, 48.21261726 ], [ 16.38537114, 48.21266522 ], [ 16.38609923, 48.21295233 ], [ 16.38676325, 48.21320628 ], [ 16.38715601, 48.2133258 ], [ 16.38728697, 48.21336154 ], [ 16.38751228, 48.21341729 ], [ 16.3877396, 48.21346674 ], [ 16.3878867, 48.21349446 ], [ 16.38809099, 48.21352908 ], [ 16.38827065, 48.21355472 ], [ 16.38841276, 48.21357237 ], [ 16.3886379, 48.21359511 ], [ 16.38887636, 48.21361065 ], [ 16.38906286, 48.213621 ], [ 16.38924614, 48.21362559 ], [ 16.38945269, 48.21362585 ], [ 16.38969798, 48.21361954 ], [ 16.38992699, 48.21360747 ], [ 16.39008494, 48.21359552 ], [ 16.39033843, 48.21357193 ], [ 16.39097586, 48.21347064 ], [ 16.39125232, 48.21341834 ], [ 16.39106159, 48.21298604 ], [ 16.39137289, 48.21292456 ], [ 16.39156294, 48.21335497 ], [ 16.39187747, 48.21328656 ], [ 16.39246935, 48.21312979 ], [ 16.39261, 48.21365591 ], [ 16.39259849, 48.21408013 ], [ 16.39254463, 48.21428853 ], [ 16.39239089, 48.21484169 ], [ 16.39232646, 48.21498795 ], [ 16.39216137, 48.21549731 ], [ 16.39204932, 48.21590512 ], [ 16.39201285, 48.21627026 ], [ 16.39205847, 48.21627015 ], [ 16.39197643, 48.21702046 ], [ 16.39197828, 48.21702922 ], [ 16.39191667, 48.21779133 ], [ 16.39137807, 48.21774312 ], [ 16.39137525, 48.21776 ], [ 16.39123741, 48.21858297 ], [ 16.39176915, 48.21863119 ], [ 16.39177045, 48.21871293 ], [ 16.39172089, 48.21892096 ], [ 16.39165471, 48.21919871 ], [ 16.39164946, 48.21920677 ], [ 16.39156685, 48.21959185 ], [ 16.39147334, 48.21986133 ], [ 16.3913374, 48.21984206 ], [ 16.39143652, 48.21953229 ], [ 16.39077363, 48.21933808 ], [ 16.39070959, 48.21931931 ], [ 16.3906795, 48.21937542 ], [ 16.39060618, 48.21951209 ], [ 16.39047704, 48.22014279 ], [ 16.39045337, 48.22025839 ], [ 16.39045141, 48.22026795 ], [ 16.39083751, 48.22030643 ], [ 16.39080903, 48.2204445 ], [ 16.39041199, 48.22040871 ], [ 16.3902806, 48.22100161 ], [ 16.39008907, 48.22136403 ], [ 16.38989955, 48.22222981 ], [ 16.38987787, 48.22234466 ], [ 16.38960695, 48.22350113 ], [ 16.39041562, 48.22361706 ], [ 16.39104276, 48.22370696 ], [ 16.39105637, 48.22370891 ], [ 16.39100747, 48.22403548 ], [ 16.39096447, 48.22402918 ], [ 16.38964017, 48.22383529 ], [ 16.38957636, 48.22382597 ], [ 16.38914432, 48.22579281 ], [ 16.38870086, 48.22777934 ], [ 16.3898136, 48.2278857 ], [ 16.38982864, 48.22788719 ], [ 16.38975441, 48.22810782 ], [ 16.38973775, 48.22810622 ], [ 16.3886517, 48.22800176 ], [ 16.3885041, 48.22861118 ] ], [ [ 16.38691879, 48.22693856 ], [ 16.38691589, 48.22699585 ], [ 16.38809637, 48.22761963 ], [ 16.38825875, 48.22754644 ], [ 16.38770943, 48.22670438 ], [ 16.38691879, 48.22693856 ] ], [ [ 16.38826133, 48.22703383 ], [ 16.38835338, 48.22702749 ], [ 16.38846229, 48.22651932 ], [ 16.38841758, 48.22649668 ], [ 16.38799146, 48.22662431 ], [ 16.38826133, 48.22703383 ] ], [ [ 16.38850367, 48.22632074 ], [ 16.38862303, 48.22576499 ], [ 16.38761268, 48.2260562 ], [ 16.38790344, 48.22649907 ], [ 16.38850367, 48.22632074 ] ], [ [ 16.38865032, 48.22560265 ], [ 16.38876185, 48.22517021 ], [ 16.38861871, 48.22509896 ], [ 16.38723459, 48.22549267 ], [ 16.38753005, 48.22593303 ], [ 16.38865032, 48.22560265 ] ], [ [ 16.38796329, 48.22513835 ], [ 16.38813795, 48.22508686 ], [ 16.38779699, 48.22437007 ], [ 16.38728686, 48.22459126 ], [ 16.38774265, 48.22520341 ], [ 16.38796329, 48.22513835 ] ], [ [ 16.3883243, 48.225032 ], [ 16.38882199, 48.22488645 ], [ 16.38904236, 48.22388648 ], [ 16.38895148, 48.22385361 ], [ 16.38797388, 48.22428528 ], [ 16.3883243, 48.225032 ] ], [ [ 16.38837907, 48.2238393 ], [ 16.38799938, 48.22301578 ], [ 16.38741931, 48.22312666 ], [ 16.38786599, 48.22406625 ], [ 16.38837907, 48.2238393 ] ], [ [ 16.38854521, 48.22376719 ], [ 16.38912165, 48.22351916 ], [ 16.38916665, 48.22331868 ], [ 16.38927076, 48.22285477 ], [ 16.38884401, 48.22221258 ], [ 16.38791544, 48.22238729 ], [ 16.38854521, 48.22376719 ] ], [ [ 16.38928481, 48.2225212 ], [ 16.38934753, 48.22252027 ], [ 16.38943315, 48.22214729 ], [ 16.38958868, 48.22146976 ], [ 16.38951115, 48.221459 ], [ 16.38867491, 48.22161838 ], [ 16.38928481, 48.2225212 ] ], [ [ 16.3895316, 48.2213178 ], [ 16.38962991, 48.22125453 ], [ 16.38970302, 48.22090187 ], [ 16.38813328, 48.22074305 ], [ 16.38810909, 48.22077229 ], [ 16.38858449, 48.22150565 ], [ 16.3895316, 48.2213178 ] ], [ [ 16.38969292, 48.22076608 ], [ 16.38974821, 48.2207442 ], [ 16.38977265, 48.22062853 ], [ 16.38987741, 48.2201327 ], [ 16.38995671, 48.21975737 ], [ 16.38902092, 48.21966886 ], [ 16.38898702, 48.21968389 ], [ 16.38876828, 48.22067082 ], [ 16.38969292, 48.22076608 ] ], [ [ 16.38881918, 48.21965169 ], [ 16.3884342, 48.21933066 ], [ 16.38842575, 48.21932361 ], [ 16.38747495, 48.21982002 ], [ 16.38748048, 48.21982848 ], [ 16.3879851, 48.22059986 ], [ 16.38860233, 48.22065525 ], [ 16.38881918, 48.21965169 ] ], [ [ 16.38893599, 48.21952636 ], [ 16.38997878, 48.21962606 ], [ 16.39009519, 48.21912319 ], [ 16.3903712, 48.21894778 ], [ 16.38990722, 48.21855964 ], [ 16.38936228, 48.21883674 ], [ 16.38858877, 48.21923783 ], [ 16.3885972, 48.21924484 ], [ 16.38893599, 48.21952636 ] ], [ [ 16.38906851, 48.21857526 ], [ 16.39017744, 48.21799244 ], [ 16.39017105, 48.21798502 ], [ 16.3900047, 48.21789754 ], [ 16.38969406, 48.21772746 ], [ 16.38967998, 48.21773173 ], [ 16.38783017, 48.21829299 ], [ 16.38832655, 48.21894655 ], [ 16.38833508, 48.21895331 ], [ 16.38906851, 48.21857526 ] ], [ [ 16.38953352, 48.21766033 ], [ 16.38954461, 48.21765468 ], [ 16.38877352, 48.21724971 ], [ 16.3887645, 48.21725639 ], [ 16.3886611, 48.21733295 ], [ 16.38932373, 48.21773284 ], [ 16.38953352, 48.21766033 ] ], [ [ 16.39039187, 48.2175362 ], [ 16.39040476, 48.21753488 ], [ 16.39045778, 48.21751594 ], [ 16.39069998, 48.21638276 ], [ 16.39073322, 48.21622726 ], [ 16.3907473, 48.21618292 ], [ 16.3904262, 48.21602847 ], [ 16.39046573, 48.21599302 ], [ 16.39017425, 48.21585997 ], [ 16.38910869, 48.21690739 ], [ 16.38910111, 48.21691483 ], [ 16.39039187, 48.2175362 ] ], [ [ 16.39119442, 48.21627075 ], [ 16.3918686, 48.21627276 ], [ 16.39187411, 48.21602374 ], [ 16.3918959, 48.21588766 ], [ 16.39198148, 48.21559794 ], [ 16.39200275, 48.2155259 ], [ 16.39200891, 48.21549559 ], [ 16.39209775, 48.21518298 ], [ 16.39215476, 48.21498237 ], [ 16.39221881, 48.21498404 ], [ 16.39234406, 48.21483604 ], [ 16.39233658, 48.2147686 ], [ 16.39219878, 48.21475553 ], [ 16.39234867, 48.21425589 ], [ 16.39167499, 48.21418913 ], [ 16.39145964, 48.21512443 ], [ 16.39136146, 48.21554725 ], [ 16.39119442, 48.21627075 ] ], [ [ 16.39115812, 48.21441582 ], [ 16.39124233, 48.21401658 ], [ 16.39043532, 48.21408621 ], [ 16.39049636, 48.21442127 ], [ 16.39080892, 48.21440115 ], [ 16.39113606, 48.21442402 ], [ 16.39115812, 48.21441582 ] ], [ [ 16.39233712, 48.21402747 ], [ 16.3923536, 48.21396253 ], [ 16.39242815, 48.21396645 ], [ 16.39242433, 48.21367687 ], [ 16.39236263, 48.21348471 ], [ 16.39180155, 48.21363922 ], [ 16.39174707, 48.21390194 ], [ 16.39207861, 48.21400763 ], [ 16.39233712, 48.21402747 ] ], [ [ 16.38868345, 48.21366461 ], [ 16.38855494, 48.2136528 ], [ 16.38838928, 48.2136321 ], [ 16.38837658, 48.21363035 ], [ 16.38802807, 48.21358235 ], [ 16.38791839, 48.21356441 ], [ 16.38777977, 48.21353849 ], [ 16.38760413, 48.21350025 ], [ 16.38744235, 48.21345923 ], [ 16.38737397, 48.21344066 ], [ 16.38717545, 48.21338677 ], [ 16.38691379, 48.21330739 ], [ 16.38679305, 48.21326634 ], [ 16.38665764, 48.21321775 ], [ 16.38649584, 48.2131581 ], [ 16.38534631, 48.21273286 ], [ 16.3853333, 48.21277109 ], [ 16.38649618, 48.21322528 ], [ 16.38665515, 48.21328358 ], [ 16.38683982, 48.213346 ], [ 16.38704979, 48.21341012 ], [ 16.38724846, 48.21346453 ], [ 16.38734617, 48.21348976 ], [ 16.38747659, 48.21352108 ], [ 16.38750202, 48.21352431 ], [ 16.38749786, 48.21353115 ], [ 16.3875373, 48.21354732 ], [ 16.38756612, 48.21356628 ], [ 16.38759387, 48.2135972 ], [ 16.38763051, 48.21364467 ], [ 16.3876487, 48.21366355 ], [ 16.38766849, 48.21367784 ], [ 16.38768371, 48.21368611 ], [ 16.3877039, 48.21369365 ], [ 16.3877296, 48.21369877 ], [ 16.38792798, 48.21373393 ], [ 16.3881246, 48.2137628 ], [ 16.38823886, 48.21377861 ], [ 16.38833911, 48.21379247 ], [ 16.38847961, 48.21380958 ], [ 16.38870421, 48.21382999 ], [ 16.38894199, 48.21384445 ], [ 16.38908705, 48.21384969 ], [ 16.38923144, 48.21385268 ], [ 16.3892901, 48.21385308 ], [ 16.38937784, 48.21385369 ], [ 16.38947391, 48.21385319 ], [ 16.38965287, 48.21384951 ], [ 16.38982133, 48.21384296 ], [ 16.38984098, 48.21384133 ], [ 16.3898586, 48.213838 ], [ 16.38987596, 48.21383322 ], [ 16.38988833, 48.2138289 ], [ 16.38989976, 48.21382377 ], [ 16.38997896, 48.21377283 ], [ 16.38998512, 48.21376961 ], [ 16.39000357, 48.21375996 ], [ 16.39002698, 48.21375086 ], [ 16.39005899, 48.21374194 ], [ 16.3900359, 48.21366443 ], [ 16.38987001, 48.21367917 ], [ 16.38981605, 48.21367515 ], [ 16.38969158, 48.21367368 ], [ 16.38946471, 48.21367711 ], [ 16.38936663, 48.21367813 ], [ 16.38922022, 48.21367965 ], [ 16.38891262, 48.21367791 ], [ 16.38877954, 48.21367158 ], [ 16.38868345, 48.21366461 ] ], [ [ 16.38515809, 48.21289599 ], [ 16.38326874, 48.21256295 ], [ 16.38315592, 48.21308173 ], [ 16.38435729, 48.21325819 ], [ 16.38501321, 48.21335452 ], [ 16.38515809, 48.21289599 ] ], [ [ 16.38297955, 48.21252602 ], [ 16.38253776, 48.212477 ], [ 16.38240647, 48.21296026 ], [ 16.38286322, 48.21303238 ], [ 16.38297955, 48.21252602 ] ], [ [ 16.38236605, 48.21245792 ], [ 16.38154564, 48.21243414 ], [ 16.38058305, 48.21245826 ], [ 16.38056676, 48.21260261 ], [ 16.38144878, 48.21275911 ], [ 16.38144317, 48.21280515 ], [ 16.38225371, 48.21292057 ], [ 16.38236605, 48.21245792 ] ], [ [ 16.38000475, 48.21262989 ], [ 16.3794312, 48.21270925 ], [ 16.37936688, 48.21270298 ], [ 16.37975614, 48.21331924 ], [ 16.37997106, 48.21382987 ], [ 16.37998243, 48.21386312 ], [ 16.38011175, 48.21424099 ], [ 16.38012681, 48.21429998 ], [ 16.38017282, 48.21448025 ], [ 16.38017842, 48.21450218 ], [ 16.38019513, 48.21456764 ], [ 16.38024345, 48.21475696 ], [ 16.38038684, 48.21531871 ], [ 16.38041608, 48.21543328 ], [ 16.38049758, 48.21569216 ], [ 16.38118847, 48.21573399 ], [ 16.38225697, 48.21579867 ], [ 16.38212002, 48.21524321 ], [ 16.38188756, 48.2148655 ], [ 16.38144448, 48.21429193 ], [ 16.3811143, 48.2138645 ], [ 16.38101424, 48.21375807 ], [ 16.38084046, 48.21354455 ], [ 16.38058261, 48.21322774 ], [ 16.38055344, 48.213233 ], [ 16.38000475, 48.21262989 ] ], [ [ 16.37956954, 48.21351823 ], [ 16.37949902, 48.21335197 ], [ 16.37911704, 48.21274309 ], [ 16.37901408, 48.21271121 ], [ 16.37825436, 48.21285295 ], [ 16.37784003, 48.21298359 ], [ 16.37780514, 48.21293846 ], [ 16.3774402, 48.21307772 ], [ 16.37773541, 48.21339156 ], [ 16.37794512, 48.21347656 ], [ 16.37809868, 48.21351374 ], [ 16.37814341, 48.21342433 ], [ 16.37848833, 48.21332168 ], [ 16.378642, 48.21365284 ], [ 16.37970133, 48.21390983 ], [ 16.37956954, 48.21351823 ] ], [ [ 16.37722578, 48.21315055 ], [ 16.37708709, 48.21320591 ], [ 16.37646647, 48.21349589 ], [ 16.37636264, 48.21355977 ], [ 16.37630991, 48.21357985 ], [ 16.37631691, 48.21358821 ], [ 16.37623823, 48.21363248 ], [ 16.37616161, 48.21372343 ], [ 16.37609884, 48.2138195 ], [ 16.37604134, 48.21393266 ], [ 16.37596328, 48.21392027 ], [ 16.375966, 48.21394995 ], [ 16.37597733, 48.21398484 ], [ 16.37600171, 48.21402395 ], [ 16.37598842, 48.21406245 ], [ 16.37597258, 48.21411488 ], [ 16.3759561, 48.21420167 ], [ 16.37594569, 48.2143086 ], [ 16.3759218, 48.21438443 ], [ 16.37592478, 48.2144132 ], [ 16.37593342, 48.21444872 ], [ 16.37594734, 48.21453182 ], [ 16.3759238, 48.21454163 ], [ 16.37616179, 48.2148206 ], [ 16.37618156, 48.2148134 ], [ 16.37633955, 48.21499807 ], [ 16.37636029, 48.21501829 ], [ 16.37761039, 48.21453878 ], [ 16.37787552, 48.21443769 ], [ 16.37769437, 48.21391929 ], [ 16.3775548, 48.21351987 ], [ 16.37722578, 48.21315055 ] ], [ [ 16.37556928, 48.21477224 ], [ 16.37553976, 48.21471632 ], [ 16.37555477, 48.21463294 ], [ 16.375276, 48.21451586 ], [ 16.375176, 48.2146596 ], [ 16.3751472, 48.21465862 ], [ 16.37509249, 48.21473293 ], [ 16.37479342, 48.2151629 ], [ 16.3748264, 48.21517845 ], [ 16.37464198, 48.21544507 ], [ 16.37459744, 48.21545201 ], [ 16.37452377, 48.21554395 ], [ 16.37379389, 48.21663479 ], [ 16.37308206, 48.21741743 ], [ 16.37313133, 48.2174444 ], [ 16.37303665, 48.21752303 ], [ 16.37298792, 48.21749436 ], [ 16.37286727, 48.21758208 ], [ 16.37291143, 48.21760563 ], [ 16.37274235, 48.21771989 ], [ 16.37268217, 48.21767845 ], [ 16.37248351, 48.21781422 ], [ 16.372548, 48.21785386 ], [ 16.37243461, 48.21793097 ], [ 16.37232808, 48.21800232 ], [ 16.37217548, 48.21800426 ], [ 16.3709238, 48.21872986 ], [ 16.37095625, 48.21875575 ], [ 16.37068949, 48.21891267 ], [ 16.37084389, 48.21897818 ], [ 16.37090498, 48.21896989 ], [ 16.37100852, 48.21904468 ], [ 16.37099927, 48.21909828 ], [ 16.37105421, 48.21913955 ], [ 16.37121227, 48.21905478 ], [ 16.37125468, 48.21908822 ], [ 16.37238707, 48.21844639 ], [ 16.37265258, 48.21826095 ], [ 16.372749, 48.21816847 ], [ 16.37299593, 48.21779239 ], [ 16.37308586, 48.21765251 ], [ 16.373477, 48.21721312 ], [ 16.3744963, 48.21615641 ], [ 16.37493359, 48.21564498 ], [ 16.37556928, 48.21477224 ] ], [ [ 16.37038966, 48.21909946 ], [ 16.37024665, 48.21916668 ], [ 16.37006357, 48.21928382 ], [ 16.36986842, 48.2194561 ], [ 16.36966118, 48.21965932 ], [ 16.36962702, 48.21970501 ], [ 16.36962302, 48.21976023 ], [ 16.36963718, 48.2198043 ], [ 16.36957396, 48.21984856 ], [ 16.36974804, 48.21995391 ], [ 16.36978626, 48.21996289 ], [ 16.3699372, 48.21987984 ], [ 16.37032149, 48.21959051 ], [ 16.37057706, 48.21941956 ], [ 16.37064339, 48.2193859 ], [ 16.37066355, 48.21935091 ], [ 16.37065344, 48.21932133 ], [ 16.37064333, 48.2193011 ], [ 16.37038966, 48.21909946 ] ], [ [ 16.3700171, 48.22023316 ], [ 16.37137142, 48.22133685 ], [ 16.37252929, 48.22069455 ], [ 16.37106915, 48.21954217 ], [ 16.37098623, 48.21950505 ], [ 16.3700171, 48.22023316 ] ], [ [ 16.36989309, 48.22034453 ], [ 16.36970251, 48.22051303 ], [ 16.36965015, 48.22070001 ], [ 16.36973893, 48.22125802 ], [ 16.3697909, 48.22160108 ], [ 16.36983855, 48.22191566 ], [ 16.36981232, 48.22209022 ], [ 16.36970991, 48.22277172 ], [ 16.36970424, 48.22280944 ], [ 16.36957095, 48.22369648 ], [ 16.37027702, 48.22375131 ], [ 16.3702756, 48.22375652 ], [ 16.37025312, 48.22383882 ], [ 16.36955688, 48.22378975 ], [ 16.36954991, 48.22383634 ], [ 16.36959328, 48.22410072 ], [ 16.37117619, 48.22520065 ], [ 16.37118552, 48.22520713 ], [ 16.3725725, 48.22431403 ], [ 16.3728237, 48.22414932 ], [ 16.37327013, 48.22385659 ], [ 16.37330649, 48.22388554 ], [ 16.37359648, 48.22363633 ], [ 16.37377471, 48.22351694 ], [ 16.37376614, 48.22350993 ], [ 16.36989309, 48.22034453 ] ], [ [ 16.36974286, 48.22437776 ], [ 16.36966186, 48.22440854 ], [ 16.36991043, 48.22562623 ], [ 16.37029127, 48.22575751 ], [ 16.37090313, 48.22538366 ], [ 16.37104476, 48.22529712 ], [ 16.37105893, 48.22528846 ], [ 16.37104954, 48.22528197 ], [ 16.36974286, 48.22437776 ] ], [ [ 16.36959507, 48.22559701 ], [ 16.36936404, 48.22445269 ], [ 16.36911479, 48.22445618 ], [ 16.36870088, 48.22543188 ], [ 16.36932188, 48.22564547 ], [ 16.36959507, 48.22559701 ] ], [ [ 16.37143234, 48.22521084 ], [ 16.37103637, 48.22542424 ], [ 16.3710353, 48.22542885 ], [ 16.37087013, 48.22553188 ], [ 16.37100459, 48.22549465 ], [ 16.37103114, 48.22548684 ], [ 16.37129119, 48.22540856 ], [ 16.37154757, 48.22534524 ], [ 16.37177424, 48.22528707 ], [ 16.37195469, 48.2252326 ], [ 16.37204821, 48.22519139 ], [ 16.37215712, 48.22514135 ], [ 16.37223633, 48.2250972 ], [ 16.37235403, 48.22501775 ], [ 16.37244973, 48.22494933 ], [ 16.37260043, 48.22484412 ], [ 16.37276542, 48.22471832 ], [ 16.37290181, 48.2246212 ], [ 16.3731086, 48.22447701 ], [ 16.3732769, 48.22436076 ], [ 16.37338249, 48.22428425 ], [ 16.37351668, 48.22417758 ], [ 16.37354746, 48.22413565 ], [ 16.37358484, 48.22407901 ], [ 16.37364093, 48.2240312 ], [ 16.37377512, 48.22393335 ], [ 16.37390491, 48.22383624 ], [ 16.3739676, 48.22378474 ], [ 16.37398957, 48.22373031 ], [ 16.37396531, 48.22366414 ], [ 16.37386929, 48.2235809 ], [ 16.37349333, 48.22383956 ], [ 16.37315969, 48.22406394 ], [ 16.37267863, 48.22439694 ], [ 16.37208696, 48.22477863 ], [ 16.37143234, 48.22521084 ] ], [ [ 16.37419983, 48.22366517 ], [ 16.37454085, 48.22340294 ], [ 16.37510207, 48.22299162 ], [ 16.37525513, 48.22288025 ], [ 16.37524403, 48.22283883 ], [ 16.37516235, 48.22277639 ], [ 16.37514307, 48.22278787 ], [ 16.37507598, 48.22274308 ], [ 16.37502956, 48.22275458 ], [ 16.37499004, 48.22279252 ], [ 16.37490411, 48.22285344 ], [ 16.37493681, 48.22288331 ], [ 16.37467902, 48.22306953 ], [ 16.37426138, 48.22334429 ], [ 16.37400788, 48.22350295 ], [ 16.37419983, 48.22366517 ] ], [ [ 16.37502908, 48.2226753 ], [ 16.37502039, 48.22266838 ], [ 16.37397589, 48.22183685 ], [ 16.3732738, 48.22222406 ], [ 16.37278559, 48.22248727 ], [ 16.3739078, 48.22341124 ], [ 16.37391676, 48.22341797 ], [ 16.37502908, 48.2226753 ] ], [ [ 16.37529811, 48.22260745 ], [ 16.37530859, 48.22261635 ], [ 16.37540032, 48.22264083 ], [ 16.37547674, 48.22263876 ], [ 16.3756051, 48.22261216 ], [ 16.37595952, 48.222371 ], [ 16.37621313, 48.2222361 ], [ 16.37638708, 48.22211803 ], [ 16.37618408, 48.22198894 ], [ 16.37594002, 48.22216464 ], [ 16.37572854, 48.22231615 ], [ 16.37542819, 48.22251874 ], [ 16.37529811, 48.22260745 ] ], [ [ 16.37642131, 48.22209046 ], [ 16.37652157, 48.2220108 ], [ 16.37651762, 48.22195851 ], [ 16.37678157, 48.22175839 ], [ 16.37685591, 48.22175575 ], [ 16.37715311, 48.22154386 ], [ 16.37754071, 48.22125543 ], [ 16.37768335, 48.22113573 ], [ 16.3776946, 48.22110811 ], [ 16.37769332, 48.2210805 ], [ 16.37767577, 48.22105206 ], [ 16.37754786, 48.22099408 ], [ 16.37733529, 48.22115761 ], [ 16.37708377, 48.22132838 ], [ 16.37665955, 48.22163225 ], [ 16.37633546, 48.22187668 ], [ 16.37622209, 48.22196076 ], [ 16.37642131, 48.22209046 ] ], [ [ 16.37785063, 48.2210344 ], [ 16.37860826, 48.22047851 ], [ 16.37854769, 48.22044758 ], [ 16.37789633, 48.22083829 ], [ 16.37785353, 48.22083422 ], [ 16.37766539, 48.22092712 ], [ 16.37767937, 48.22093641 ], [ 16.37785063, 48.2210344 ] ], [ [ 16.37873623, 48.22018583 ], [ 16.37873551, 48.22017708 ], [ 16.37842327, 48.21960499 ], [ 16.37668848, 48.21995617 ], [ 16.37664424, 48.21999638 ], [ 16.37650592, 48.22036722 ], [ 16.37754946, 48.22085351 ], [ 16.37756072, 48.22085841 ], [ 16.37873623, 48.22018583 ] ], [ [ 16.3788967, 48.2200846 ], [ 16.37949416, 48.21970963 ], [ 16.37970278, 48.21957474 ], [ 16.3799536, 48.21939496 ], [ 16.37986229, 48.21930588 ], [ 16.37860639, 48.21956724 ], [ 16.3788967, 48.2200846 ] ], [ [ 16.3802149, 48.21950422 ], [ 16.3802825, 48.2195488 ], [ 16.38025334, 48.21960493 ], [ 16.38062991, 48.22056967 ], [ 16.38144814, 48.22041484 ], [ 16.38077055, 48.2191887 ], [ 16.38067664, 48.21920628 ], [ 16.38059125, 48.21927826 ], [ 16.3805183, 48.21927217 ], [ 16.3802149, 48.21950422 ] ], [ [ 16.38067444, 48.22070392 ], [ 16.38120611, 48.22204028 ], [ 16.3820589, 48.22183616 ], [ 16.3814582, 48.22053508 ], [ 16.38067444, 48.22070392 ] ], [ [ 16.38125263, 48.22214242 ], [ 16.38139411, 48.22252812 ], [ 16.38140089, 48.22253555 ], [ 16.38153222, 48.22251571 ], [ 16.38215948, 48.22218901 ], [ 16.38215805, 48.22218016 ], [ 16.38206708, 48.22194812 ], [ 16.38125263, 48.22214242 ] ], [ [ 16.38254121, 48.22239993 ], [ 16.38254258, 48.22240876 ], [ 16.38264059, 48.22261114 ], [ 16.38412989, 48.22234064 ], [ 16.38386496, 48.22173129 ], [ 16.383858, 48.22172355 ], [ 16.38254121, 48.22239993 ] ], [ [ 16.38234479, 48.22256163 ], [ 16.38233773, 48.22255424 ], [ 16.38218205, 48.22258677 ], [ 16.38173302, 48.22281978 ], [ 16.38183241, 48.22290239 ], [ 16.38159431, 48.22302839 ], [ 16.38159594, 48.22303721 ], [ 16.3819941, 48.22401523 ], [ 16.38285906, 48.22384878 ], [ 16.38234479, 48.22256163 ] ], [ [ 16.38204522, 48.22414561 ], [ 16.38218618, 48.22450079 ], [ 16.38306344, 48.22510747 ], [ 16.38324861, 48.22507943 ], [ 16.38332711, 48.22496995 ], [ 16.38291665, 48.2239743 ], [ 16.38204522, 48.22414561 ] ], [ [ 16.38459221, 48.22508777 ], [ 16.38458481, 48.2250912 ], [ 16.38457903, 48.22509569 ], [ 16.38457513, 48.22510118 ], [ 16.38457367, 48.22510678 ], [ 16.38450949, 48.22512481 ], [ 16.38444839, 48.2251391 ], [ 16.38415658, 48.22517613 ], [ 16.38395504, 48.22520172 ], [ 16.38382068, 48.22529593 ], [ 16.3839008, 48.22534707 ], [ 16.3843413, 48.22562136 ], [ 16.38447459, 48.2255293 ], [ 16.38452649, 48.22550288 ], [ 16.38455198, 48.22552819 ], [ 16.38478155, 48.22542522 ], [ 16.38483468, 48.22544326 ], [ 16.38487447, 48.22544397 ], [ 16.38489403, 48.22544432 ], [ 16.38552015, 48.2251703 ], [ 16.38539504, 48.2249573 ], [ 16.38497397, 48.22500964 ], [ 16.38488165, 48.22502443 ], [ 16.38487156, 48.22502012 ], [ 16.38485688, 48.22501824 ], [ 16.38484518, 48.22501986 ], [ 16.3848328, 48.22502535 ], [ 16.38482594, 48.22503192 ], [ 16.38482285, 48.22503974 ], [ 16.38462929, 48.22508978 ], [ 16.38461563, 48.22508561 ], [ 16.38460365, 48.22508534 ], [ 16.38459221, 48.22508777 ] ], [ [ 16.38290834, 48.22549667 ], [ 16.38300743, 48.22537936 ], [ 16.38267733, 48.22513596 ], [ 16.38260373, 48.22516288 ], [ 16.38243704, 48.22537959 ], [ 16.38182065, 48.22616324 ], [ 16.38223173, 48.22636407 ], [ 16.38290834, 48.22549667 ] ], [ [ 16.38474179, 48.22570366 ], [ 16.38474968, 48.22579466 ], [ 16.38517546, 48.22593863 ], [ 16.38687776, 48.22545578 ], [ 16.38652715, 48.22492586 ], [ 16.38651073, 48.22490104 ], [ 16.38646827, 48.22483687 ], [ 16.3864295, 48.22482825 ], [ 16.38551791, 48.22494187 ], [ 16.3855011, 48.22496229 ], [ 16.38561461, 48.22515083 ], [ 16.38550564, 48.22519917 ], [ 16.38562231, 48.22531738 ], [ 16.38474179, 48.22570366 ] ], [ [ 16.38533699, 48.2260321 ], [ 16.38531313, 48.2261314 ], [ 16.38587223, 48.22642335 ], [ 16.38725974, 48.22601625 ], [ 16.38696226, 48.22557211 ], [ 16.38533699, 48.2260321 ] ], [ [ 16.38611174, 48.22649411 ], [ 16.38610561, 48.22655823 ], [ 16.38668103, 48.22686276 ], [ 16.38763084, 48.22657995 ], [ 16.38733604, 48.22613708 ], [ 16.38611174, 48.22649411 ] ], [ [ 16.38692992, 48.22506858 ], [ 16.38713851, 48.22537598 ], [ 16.38755454, 48.22525655 ], [ 16.38711439, 48.22466868 ], [ 16.38676314, 48.2248228 ], [ 16.38692992, 48.22506858 ] ], [ [ 16.38621468, 48.22467942 ], [ 16.38595367, 48.22407888 ], [ 16.38510822, 48.22423959 ], [ 16.38532247, 48.22478529 ], [ 16.38621468, 48.22467942 ] ], [ [ 16.38641087, 48.22463383 ], [ 16.38645287, 48.22464217 ], [ 16.38768425, 48.22414367 ], [ 16.38722756, 48.22316506 ], [ 16.38588736, 48.22341979 ], [ 16.38641087, 48.22463383 ] ], [ [ 16.38716647, 48.22303351 ], [ 16.38694905, 48.22256444 ], [ 16.38561828, 48.22281979 ], [ 16.38583111, 48.2232851 ], [ 16.38716647, 48.22303351 ] ], [ [ 16.38735902, 48.22299737 ], [ 16.38794367, 48.22288613 ], [ 16.38772747, 48.22242074 ], [ 16.3871412, 48.22253 ], [ 16.38735902, 48.22299737 ] ], [ [ 16.38689281, 48.22243901 ], [ 16.38668714, 48.22199645 ], [ 16.3853763, 48.2222518 ], [ 16.38556607, 48.22268456 ], [ 16.38689281, 48.22243901 ] ], [ [ 16.38707809, 48.22239908 ], [ 16.3876696, 48.22228928 ], [ 16.38746917, 48.2218505 ], [ 16.3868739, 48.2219657 ], [ 16.38707809, 48.22239908 ] ], [ [ 16.38786322, 48.22225115 ], [ 16.3887603, 48.22208069 ], [ 16.38847536, 48.22165562 ], [ 16.38765768, 48.22181382 ], [ 16.38786322, 48.22225115 ] ], [ [ 16.38840015, 48.22153955 ], [ 16.38785347, 48.22071908 ], [ 16.3871571, 48.22065275 ], [ 16.38713493, 48.22068289 ], [ 16.38760574, 48.22168065 ], [ 16.38840015, 48.22153955 ] ], [ [ 16.38691, 48.22063487 ], [ 16.3863493, 48.22058359 ], [ 16.38624332, 48.22064623 ], [ 16.38681079, 48.22183371 ], [ 16.38740861, 48.22171797 ], [ 16.38691, 48.22063487 ] ], [ [ 16.38519675, 48.22059455 ], [ 16.3848859, 48.21986314 ], [ 16.38434474, 48.21996661 ], [ 16.38473945, 48.22083319 ], [ 16.38474526, 48.22084157 ], [ 16.38520071, 48.22060387 ], [ 16.38519675, 48.22059455 ] ], [ [ 16.3877061, 48.22057534 ], [ 16.38773379, 48.22054484 ], [ 16.3873308, 48.21993232 ], [ 16.38728649, 48.21992797 ], [ 16.38726781, 48.21992614 ], [ 16.38637066, 48.22040084 ], [ 16.38636882, 48.22041349 ], [ 16.38636344, 48.22045066 ], [ 16.3877061, 48.22057534 ] ], [ [ 16.38604529, 48.22016005 ], [ 16.3871072, 48.2195949 ], [ 16.38710557, 48.21958622 ], [ 16.38701865, 48.21945618 ], [ 16.38573653, 48.2196982 ], [ 16.38595811, 48.22018945 ], [ 16.38596444, 48.22019741 ], [ 16.38604529, 48.22016005 ] ], [ [ 16.38692174, 48.21930657 ], [ 16.3864467, 48.21862159 ], [ 16.38473032, 48.21899518 ], [ 16.38509647, 48.21968022 ], [ 16.38692174, 48.21930657 ] ], [ [ 16.38688868, 48.21894623 ], [ 16.38710903, 48.21926647 ], [ 16.38816559, 48.21903145 ], [ 16.38819559, 48.21902272 ], [ 16.38793741, 48.21867794 ], [ 16.38688868, 48.21894623 ] ], [ [ 16.38786694, 48.21859308 ], [ 16.38766739, 48.21834082 ], [ 16.38663317, 48.21858032 ], [ 16.38682467, 48.21885327 ], [ 16.38786694, 48.21859308 ] ], [ [ 16.38760028, 48.21825263 ], [ 16.38737619, 48.21797754 ], [ 16.38728163, 48.21786147 ], [ 16.38703452, 48.21767664 ], [ 16.38657112, 48.21733002 ], [ 16.38652276, 48.21728238 ], [ 16.3858199, 48.21754384 ], [ 16.38604027, 48.21776678 ], [ 16.38615719, 48.21792568 ], [ 16.38638359, 48.21823333 ], [ 16.38656027, 48.21847342 ], [ 16.38661787, 48.21847915 ], [ 16.38760028, 48.21825263 ] ], [ [ 16.38729408, 48.21766074 ], [ 16.38738686, 48.21772275 ], [ 16.38775498, 48.21819896 ], [ 16.38915341, 48.21778113 ], [ 16.38916724, 48.21774551 ], [ 16.38835663, 48.21725907 ], [ 16.38729408, 48.21766074 ] ], [ [ 16.3886164, 48.21730428 ], [ 16.38871263, 48.2172245 ], [ 16.38872114, 48.21721745 ], [ 16.38766729, 48.2166376 ], [ 16.3875928, 48.2166995 ], [ 16.38760289, 48.21670546 ], [ 16.3886164, 48.21730428 ] ], [ [ 16.38898802, 48.21685931 ], [ 16.38899577, 48.21685195 ], [ 16.39007948, 48.21582233 ], [ 16.38979609, 48.21569548 ], [ 16.38975173, 48.21573597 ], [ 16.38963231, 48.21567946 ], [ 16.3889779, 48.21539009 ], [ 16.38686692, 48.21449046 ], [ 16.38663178, 48.21442537 ], [ 16.38654484, 48.21441605 ], [ 16.38602504, 48.21441943 ], [ 16.38489636, 48.21458089 ], [ 16.38477939, 48.21468139 ], [ 16.38507883, 48.21484659 ], [ 16.3855958, 48.21513178 ], [ 16.38640641, 48.21557732 ], [ 16.38649288, 48.21562485 ], [ 16.38688735, 48.21582667 ], [ 16.3872111, 48.21598582 ], [ 16.38802109, 48.216384 ], [ 16.38816656, 48.2164555 ], [ 16.38898802, 48.21685931 ] ], [ [ 16.39077407, 48.21604477 ], [ 16.39091138, 48.21546761 ], [ 16.38973396, 48.2153464 ], [ 16.38967241, 48.21555471 ], [ 16.39077407, 48.21604477 ] ], [ [ 16.39095622, 48.21536731 ], [ 16.39113065, 48.21452259 ], [ 16.39050801, 48.21449464 ], [ 16.38995824, 48.21454158 ], [ 16.38978405, 48.21524484 ], [ 16.39095622, 48.21536731 ] ], [ [ 16.38955492, 48.21449788 ], [ 16.38948946, 48.21405257 ], [ 16.38878477, 48.21405181 ], [ 16.38888055, 48.21455422 ], [ 16.38955492, 48.21449788 ] ], [ [ 16.38972162, 48.21447829 ], [ 16.39035924, 48.2144207 ], [ 16.39027043, 48.21404249 ], [ 16.38972049, 48.21404365 ], [ 16.38963788, 48.21405034 ], [ 16.38972162, 48.21447829 ] ], [ [ 16.38864495, 48.21403515 ], [ 16.38760426, 48.2139027 ], [ 16.38755988, 48.21392709 ], [ 16.38763024, 48.21431314 ], [ 16.38768455, 48.21466151 ], [ 16.38873214, 48.21456319 ], [ 16.38864495, 48.21403515 ] ], [ [ 16.38599642, 48.21431979 ], [ 16.38733946, 48.21431776 ], [ 16.38732691, 48.21387791 ], [ 16.38594381, 48.21363642 ], [ 16.3859458, 48.2136062 ], [ 16.38552483, 48.21353471 ], [ 16.38551477, 48.21356088 ], [ 16.38513539, 48.21350079 ], [ 16.38509826, 48.2136554 ], [ 16.38499001, 48.2139739 ], [ 16.38494409, 48.21410899 ], [ 16.38472826, 48.2144011 ], [ 16.38486518, 48.21447865 ], [ 16.38545852, 48.21439683 ], [ 16.38547187, 48.21442497 ], [ 16.38599642, 48.21431979 ] ], [ [ 16.38688293, 48.21367171 ], [ 16.38692884, 48.21355604 ], [ 16.38656192, 48.21344208 ], [ 16.38595173, 48.21319602 ], [ 16.38585015, 48.21349194 ], [ 16.38688293, 48.21367171 ] ], [ [ 16.38579817, 48.21317217 ], [ 16.38529424, 48.21301806 ], [ 16.38524056, 48.21316557 ], [ 16.38520369, 48.21315794 ], [ 16.38513419, 48.21337147 ], [ 16.38568691, 48.21346251 ], [ 16.38579817, 48.21317217 ] ], [ [ 16.3837269, 48.21328699 ], [ 16.38372015, 48.21325866 ], [ 16.38313771, 48.21317373 ], [ 16.38303575, 48.21365644 ], [ 16.38333914, 48.21390669 ], [ 16.38386162, 48.21418023 ], [ 16.38449949, 48.21452368 ], [ 16.38460754, 48.21438226 ], [ 16.38480952, 48.21410357 ], [ 16.3849782, 48.21347172 ], [ 16.3837269, 48.21328699 ] ], [ [ 16.38274315, 48.21357313 ], [ 16.38284096, 48.21312547 ], [ 16.38133938, 48.21290817 ], [ 16.38128937, 48.2129944 ], [ 16.38128659, 48.21300306 ], [ 16.38203812, 48.21334334 ], [ 16.3823531, 48.21346435 ], [ 16.3824391, 48.21349319 ], [ 16.38259323, 48.2135387 ], [ 16.38274113, 48.21358237 ], [ 16.38274315, 48.21357313 ] ], [ [ 16.38151683, 48.21332475 ], [ 16.38116992, 48.2131216 ], [ 16.38115971, 48.21311561 ], [ 16.38091801, 48.21297407 ], [ 16.38056092, 48.21284426 ], [ 16.38049798, 48.21288178 ], [ 16.38162887, 48.21425615 ], [ 16.38176135, 48.21441715 ], [ 16.38205924, 48.21483558 ], [ 16.38229036, 48.21521976 ], [ 16.38303839, 48.21492196 ], [ 16.38275699, 48.21459383 ], [ 16.38242938, 48.21419655 ], [ 16.38245082, 48.21409582 ], [ 16.38237812, 48.21401411 ], [ 16.38223126, 48.21384904 ], [ 16.38213628, 48.21375936 ], [ 16.38212798, 48.21375231 ], [ 16.38197229, 48.21360651 ], [ 16.38189065, 48.21365079 ], [ 16.38151683, 48.21332475 ] ], [ [ 16.3823179, 48.21532695 ], [ 16.38234104, 48.21561949 ], [ 16.38244578, 48.21582072 ], [ 16.38326909, 48.2158711 ], [ 16.38361181, 48.21585325 ], [ 16.38310841, 48.21497985 ], [ 16.3823179, 48.21532695 ] ], [ [ 16.38021978, 48.21577654 ], [ 16.37992984, 48.21583474 ], [ 16.38002925, 48.21610729 ], [ 16.3798086, 48.2161482 ], [ 16.37966892, 48.21631139 ], [ 16.37970462, 48.21635293 ], [ 16.38004747, 48.21632753 ], [ 16.38042661, 48.21625283 ], [ 16.38021978, 48.21577654 ] ], [ [ 16.37965346, 48.21600707 ], [ 16.37954062, 48.21576061 ], [ 16.37831294, 48.21602735 ], [ 16.37830892, 48.21654069 ], [ 16.37935117, 48.21642042 ], [ 16.37965346, 48.21600707 ] ], [ [ 16.37763101, 48.21603536 ], [ 16.37828483, 48.21587409 ], [ 16.37873499, 48.21576307 ], [ 16.37825706, 48.2151687 ], [ 16.37798518, 48.21476006 ], [ 16.37790279, 48.214542 ], [ 16.37788301, 48.2145376 ], [ 16.37769131, 48.21460827 ], [ 16.3771079, 48.21483493 ], [ 16.37711639, 48.21484464 ], [ 16.37681614, 48.21496067 ], [ 16.37681167, 48.21495574 ], [ 16.37646949, 48.21508549 ], [ 16.37657991, 48.2152113 ], [ 16.37654709, 48.21522453 ], [ 16.37732947, 48.21610973 ], [ 16.37763101, 48.21603536 ] ], [ [ 16.37826039, 48.21495907 ], [ 16.37837382, 48.21511973 ], [ 16.37884598, 48.21573811 ], [ 16.38016018, 48.21548401 ], [ 16.38006189, 48.21510013 ], [ 16.37975324, 48.21513298 ], [ 16.37976472, 48.21518568 ], [ 16.37955051, 48.21520896 ], [ 16.37949165, 48.2149775 ], [ 16.37970976, 48.21495529 ], [ 16.37971975, 48.2150034 ], [ 16.38002047, 48.21496713 ], [ 16.37993789, 48.21453747 ], [ 16.37826039, 48.21495907 ] ], [ [ 16.37984807, 48.21446169 ], [ 16.37972449, 48.21408384 ], [ 16.37889032, 48.2138792 ], [ 16.37873223, 48.21390003 ], [ 16.37878753, 48.21405551 ], [ 16.37857765, 48.21409659 ], [ 16.37846691, 48.21377549 ], [ 16.37810802, 48.21368668 ], [ 16.37789532, 48.21363405 ], [ 16.37788224, 48.21359593 ], [ 16.37771541, 48.21362431 ], [ 16.37803301, 48.21451255 ], [ 16.37810696, 48.21471934 ], [ 16.37820825, 48.21488058 ], [ 16.37856678, 48.21478683 ], [ 16.37855626, 48.21476147 ], [ 16.37951091, 48.21452009 ], [ 16.3795186, 48.21454446 ], [ 16.37984807, 48.21446169 ] ], [ [ 16.37589527, 48.21488698 ], [ 16.37574951, 48.21484017 ], [ 16.37515118, 48.21564671 ], [ 16.37543025, 48.21597333 ], [ 16.37553386, 48.21618761 ], [ 16.37559721, 48.21631862 ], [ 16.37563121, 48.21638893 ], [ 16.37564522, 48.21648705 ], [ 16.37565386, 48.21654748 ], [ 16.37567071, 48.21666546 ], [ 16.37567812, 48.21685252 ], [ 16.37708809, 48.21682603 ], [ 16.37708595, 48.21684177 ], [ 16.37747255, 48.21682311 ], [ 16.37750133, 48.21680709 ], [ 16.37721319, 48.21638837 ], [ 16.37717935, 48.2163392 ], [ 16.37705274, 48.21620039 ], [ 16.37589527, 48.21488698 ] ], [ [ 16.37548755, 48.21681778 ], [ 16.37547464, 48.21648395 ], [ 16.37523449, 48.2160127 ], [ 16.37506815, 48.21580951 ], [ 16.37500087, 48.21581322 ], [ 16.37471154, 48.21615146 ], [ 16.37490477, 48.2175645 ], [ 16.37500932, 48.2175606 ], [ 16.37533053, 48.21719501 ], [ 16.37548755, 48.21681778 ] ], [ [ 16.37462645, 48.2164462 ], [ 16.37445957, 48.21642242 ], [ 16.37391888, 48.21697128 ], [ 16.3733456, 48.2176768 ], [ 16.37413559, 48.21831299 ], [ 16.37478195, 48.21780511 ], [ 16.37462645, 48.2164462 ] ], [ [ 16.37329092, 48.21781118 ], [ 16.3732332, 48.21781282 ], [ 16.37288122, 48.21827095 ], [ 16.37354688, 48.21873829 ], [ 16.37361537, 48.2187362 ], [ 16.3740179, 48.21840449 ], [ 16.37329092, 48.21781118 ] ], [ [ 16.3728135, 48.21841756 ], [ 16.3721187, 48.21879343 ], [ 16.37151753, 48.21911863 ], [ 16.37125873, 48.21929821 ], [ 16.37118126, 48.21936047 ], [ 16.37208758, 48.2200774 ], [ 16.37265986, 48.21955869 ], [ 16.37343594, 48.21885524 ], [ 16.3728135, 48.21841756 ] ], [ [ 16.37223502, 48.2201913 ], [ 16.37273902, 48.22059331 ], [ 16.3731438, 48.22036359 ], [ 16.37310381, 48.22034058 ], [ 16.37377425, 48.2199541 ], [ 16.37406546, 48.21957153 ], [ 16.3742814, 48.21895767 ], [ 16.37366851, 48.21889204 ], [ 16.37223502, 48.2201913 ] ], [ [ 16.37283772, 48.22066694 ], [ 16.37403481, 48.22161623 ], [ 16.37471585, 48.22117444 ], [ 16.37345045, 48.22030377 ], [ 16.37283772, 48.22066694 ] ], [ [ 16.37264428, 48.22078364 ], [ 16.37202076, 48.22113124 ], [ 16.37319295, 48.22208433 ], [ 16.373831, 48.22172215 ], [ 16.37264428, 48.22078364 ] ], [ [ 16.37229423, 48.22152479 ], [ 16.37189767, 48.22120512 ], [ 16.37149261, 48.22143457 ], [ 16.37188082, 48.22175236 ], [ 16.37229423, 48.22152479 ] ], [ [ 16.37201831, 48.22186293 ], [ 16.37265551, 48.22238443 ], [ 16.37307914, 48.2221555 ], [ 16.37243979, 48.22163671 ], [ 16.37201831, 48.22186293 ] ], [ [ 16.37417809, 48.22173067 ], [ 16.37519915, 48.22254985 ], [ 16.37520825, 48.22255652 ], [ 16.37540631, 48.2224123 ], [ 16.37594521, 48.22201987 ], [ 16.37595329, 48.22201399 ], [ 16.37624721, 48.22179995 ], [ 16.37690986, 48.22131739 ], [ 16.37690021, 48.22131113 ], [ 16.37587378, 48.22066907 ], [ 16.37580242, 48.22062962 ], [ 16.37507641, 48.22112175 ], [ 16.37506874, 48.22112695 ], [ 16.37481315, 48.2213002 ], [ 16.37471638, 48.2213658 ], [ 16.37463024, 48.22142418 ], [ 16.37445069, 48.22154588 ], [ 16.37417809, 48.22173067 ] ], [ [ 16.37694013, 48.22119383 ], [ 16.37702514, 48.22124217 ], [ 16.37747171, 48.22095971 ], [ 16.37746078, 48.22095419 ], [ 16.37641204, 48.22044343 ], [ 16.3762828, 48.22037755 ], [ 16.3759912, 48.22058639 ], [ 16.37694013, 48.22119383 ] ], [ [ 16.37605178, 48.22026369 ], [ 16.37545404, 48.21997548 ], [ 16.37489519, 48.21985444 ], [ 16.37486265, 48.21989645 ], [ 16.3757634, 48.22046047 ], [ 16.37605178, 48.22026369 ] ], [ [ 16.37578534, 48.21994424 ], [ 16.37632548, 48.22006547 ], [ 16.37664968, 48.21921847 ], [ 16.37554124, 48.21909969 ], [ 16.37528732, 48.21983246 ], [ 16.37578534, 48.21994424 ] ], [ [ 16.37672767, 48.21981928 ], [ 16.3767616, 48.21984795 ], [ 16.37734193, 48.21972724 ], [ 16.37720174, 48.21927241 ], [ 16.3769584, 48.21923455 ], [ 16.37672767, 48.21981928 ] ], [ [ 16.37748253, 48.21969688 ], [ 16.37837569, 48.21951471 ], [ 16.37831039, 48.21882433 ], [ 16.37707364, 48.21895095 ], [ 16.37702798, 48.21906311 ], [ 16.37700138, 48.21913084 ], [ 16.3773411, 48.21919142 ], [ 16.37748253, 48.21969688 ] ], [ [ 16.37857077, 48.21944566 ], [ 16.37859056, 48.21945447 ], [ 16.37860711, 48.21946184 ], [ 16.37901265, 48.21937769 ], [ 16.37893522, 48.2189992 ], [ 16.37891014, 48.21877554 ], [ 16.37881163, 48.21876704 ], [ 16.37848693, 48.21880358 ], [ 16.37857077, 48.21944566 ] ], [ [ 16.37924623, 48.21933408 ], [ 16.37987391, 48.21921027 ], [ 16.3801743, 48.21923534 ], [ 16.38068117, 48.21884178 ], [ 16.38065994, 48.21856723 ], [ 16.38063449, 48.21855474 ], [ 16.38020305, 48.21860158 ], [ 16.38020331, 48.21861375 ], [ 16.38020702, 48.21862963 ], [ 16.37977993, 48.21867279 ], [ 16.37977394, 48.21864908 ], [ 16.3797721, 48.21864176 ], [ 16.37955774, 48.21866576 ], [ 16.37956122, 48.21867966 ], [ 16.37956328, 48.21868789 ], [ 16.37905357, 48.2187415 ], [ 16.37909577, 48.21899941 ], [ 16.37917449, 48.21899326 ], [ 16.37924623, 48.21933408 ] ], [ [ 16.38100081, 48.21903312 ], [ 16.38128597, 48.21964266 ], [ 16.38246998, 48.21937869 ], [ 16.38223677, 48.21893056 ], [ 16.38100081, 48.21903312 ] ], [ [ 16.38133801, 48.21975416 ], [ 16.38163717, 48.22036189 ], [ 16.38189282, 48.22031304 ], [ 16.3819024, 48.22033543 ], [ 16.38289121, 48.22012855 ], [ 16.38251181, 48.21949927 ], [ 16.38133801, 48.21975416 ] ], [ [ 16.38169071, 48.22049074 ], [ 16.38207393, 48.22133325 ], [ 16.38279946, 48.22120444 ], [ 16.38243882, 48.22033621 ], [ 16.38169071, 48.22049074 ] ], [ [ 16.3821117, 48.22142955 ], [ 16.38236566, 48.22204378 ], [ 16.38239093, 48.22205977 ], [ 16.38240309, 48.22206238 ], [ 16.38260081, 48.2219584 ], [ 16.38301972, 48.2217381 ], [ 16.38301574, 48.22172888 ], [ 16.3828301, 48.22129868 ], [ 16.3821117, 48.22142955 ] ], [ [ 16.38433025, 48.22230431 ], [ 16.3847148, 48.22223164 ], [ 16.38511768, 48.2221555 ], [ 16.38473768, 48.22126904 ], [ 16.38473193, 48.22126066 ], [ 16.38404174, 48.22162005 ], [ 16.38404575, 48.22162955 ], [ 16.38433025, 48.22230431 ] ], [ [ 16.38437909, 48.22243784 ], [ 16.3845542, 48.22288194 ], [ 16.38537352, 48.22272628 ], [ 16.3851789, 48.22228758 ], [ 16.38437909, 48.22243784 ] ], [ [ 16.38418358, 48.22247884 ], [ 16.38269052, 48.22275609 ], [ 16.38286978, 48.22320046 ], [ 16.38436433, 48.222917 ], [ 16.38418358, 48.22247884 ] ], [ [ 16.38388466, 48.22314592 ], [ 16.38292575, 48.22332688 ], [ 16.38312119, 48.22380029 ], [ 16.38407824, 48.22362227 ], [ 16.38460729, 48.22352385 ], [ 16.3844125, 48.22304631 ], [ 16.38388466, 48.22314592 ] ], [ [ 16.38317178, 48.22393094 ], [ 16.38352413, 48.22480754 ], [ 16.38347891, 48.22481395 ], [ 16.3835414, 48.22500539 ], [ 16.3851268, 48.22481065 ], [ 16.38495052, 48.22437693 ], [ 16.38483053, 48.22408172 ], [ 16.38479737, 48.22400013 ], [ 16.38465276, 48.22364434 ], [ 16.38317178, 48.22393094 ] ], [ [ 16.38504889, 48.22412081 ], [ 16.38590631, 48.22395191 ], [ 16.38568915, 48.22345459 ], [ 16.38484357, 48.22361629 ], [ 16.38504889, 48.22412081 ] ], [ [ 16.38563263, 48.22332278 ], [ 16.38542129, 48.22285828 ], [ 16.38461233, 48.22301403 ], [ 16.38479284, 48.2234816 ], [ 16.38563263, 48.22332278 ] ], [ [ 16.38531224, 48.22211774 ], [ 16.38661703, 48.2218695 ], [ 16.38601815, 48.2206066 ], [ 16.3860122, 48.2205983 ], [ 16.38489764, 48.22117093 ], [ 16.38490173, 48.22118027 ], [ 16.38531224, 48.22211774 ] ], [ [ 16.38457927, 48.2209251 ], [ 16.38457515, 48.22091592 ], [ 16.38416566, 48.22000338 ], [ 16.38338042, 48.22015785 ], [ 16.3838565, 48.22129331 ], [ 16.38386218, 48.22130185 ], [ 16.38457927, 48.2209251 ] ], [ [ 16.38495439, 48.21971203 ], [ 16.38457882, 48.2190252 ], [ 16.38425147, 48.21909665 ], [ 16.38426981, 48.2191318 ], [ 16.38414898, 48.21915794 ], [ 16.3841281, 48.21912494 ], [ 16.38266451, 48.2194582 ], [ 16.3830392, 48.22008901 ], [ 16.38495439, 48.21971203 ] ], [ [ 16.38414763, 48.2190239 ], [ 16.3843227, 48.21898507 ], [ 16.38439897, 48.21896816 ], [ 16.38527513, 48.21877382 ], [ 16.38564808, 48.21869109 ], [ 16.38638295, 48.21852809 ], [ 16.386121, 48.21817549 ], [ 16.38238263, 48.21891674 ], [ 16.38259849, 48.21936748 ], [ 16.38368518, 48.21912647 ], [ 16.38414763, 48.2190239 ] ], [ [ 16.38601739, 48.21804477 ], [ 16.38587188, 48.21785769 ], [ 16.38567952, 48.21765704 ], [ 16.38377378, 48.21812216 ], [ 16.38397608, 48.21845987 ], [ 16.38601739, 48.21804477 ] ], [ [ 16.38561041, 48.21758045 ], [ 16.38501667, 48.21699237 ], [ 16.38342904, 48.21757894 ], [ 16.38372391, 48.21804412 ], [ 16.38561041, 48.21758045 ] ], [ [ 16.38575416, 48.21747876 ], [ 16.38596533, 48.21739994 ], [ 16.38645272, 48.21721802 ], [ 16.38636451, 48.21714233 ], [ 16.38611168, 48.21702823 ], [ 16.38591859, 48.21703937 ], [ 16.38586676, 48.21701718 ], [ 16.38561549, 48.21671359 ], [ 16.38534633, 48.21681911 ], [ 16.38538148, 48.21685434 ], [ 16.38519356, 48.21692169 ], [ 16.38575416, 48.21747876 ] ], [ [ 16.38713126, 48.21753014 ], [ 16.38718136, 48.21757517 ], [ 16.3882096, 48.21717919 ], [ 16.38813796, 48.21712455 ], [ 16.38753024, 48.21675792 ], [ 16.38680521, 48.21632052 ], [ 16.38679276, 48.21632362 ], [ 16.38591202, 48.21665069 ], [ 16.38610462, 48.2168284 ], [ 16.38615022, 48.21680338 ], [ 16.38713126, 48.21753014 ] ], [ [ 16.38616945, 48.21638483 ], [ 16.38649378, 48.21613288 ], [ 16.38623957, 48.21598325 ], [ 16.38565236, 48.2164257 ], [ 16.38577547, 48.21654895 ], [ 16.38616945, 48.21638483 ] ], [ [ 16.38614029, 48.2159407 ], [ 16.3861456, 48.21593275 ], [ 16.38472428, 48.21508386 ], [ 16.38446287, 48.21492812 ], [ 16.38434209, 48.21499301 ], [ 16.38466875, 48.21536483 ], [ 16.38464562, 48.21538058 ], [ 16.38558837, 48.21635172 ], [ 16.38614029, 48.2159407 ] ], [ [ 16.38397016, 48.2148499 ], [ 16.38392246, 48.21477978 ], [ 16.38329032, 48.21496197 ], [ 16.38355783, 48.21539596 ], [ 16.38365375, 48.21537272 ], [ 16.38397016, 48.2148499 ] ], [ [ 16.38384849, 48.21468052 ], [ 16.38306251, 48.21408109 ], [ 16.38307676, 48.21406184 ], [ 16.38279122, 48.21391121 ], [ 16.38227899, 48.21365117 ], [ 16.38218916, 48.21371533 ], [ 16.38219651, 48.21372302 ], [ 16.38259376, 48.21413847 ], [ 16.38277128, 48.21432411 ], [ 16.38321851, 48.21486748 ], [ 16.38384849, 48.21468052 ] ], [ [ 16.3836251, 48.21552957 ], [ 16.38374516, 48.21570777 ], [ 16.38385532, 48.21579883 ], [ 16.38456221, 48.21638551 ], [ 16.38508392, 48.2168185 ], [ 16.385654, 48.21659297 ], [ 16.38443189, 48.21533382 ], [ 16.3836251, 48.21552957 ] ], [ [ 16.38230958, 48.21594722 ], [ 16.38226799, 48.21593653 ], [ 16.38058235, 48.21583755 ], [ 16.38088831, 48.216387 ], [ 16.38106121, 48.21669747 ], [ 16.38131803, 48.21708651 ], [ 16.38174791, 48.21776704 ], [ 16.3825969, 48.21761381 ], [ 16.38318272, 48.21750808 ], [ 16.38262795, 48.21638632 ], [ 16.38259576, 48.21634631 ], [ 16.38230958, 48.21594722 ] ], [ [ 16.38069709, 48.21699989 ], [ 16.38067297, 48.21699836 ], [ 16.38065446, 48.21699071 ], [ 16.38064564, 48.21698344 ], [ 16.38063405, 48.21679962 ], [ 16.38060011, 48.21661896 ], [ 16.38053601, 48.21640999 ], [ 16.38047921, 48.21639652 ], [ 16.37830458, 48.21665823 ], [ 16.37829213, 48.21707354 ], [ 16.37895789, 48.21709324 ], [ 16.37985894, 48.2171199 ], [ 16.37985811, 48.21713211 ], [ 16.37985748, 48.2171413 ], [ 16.38002287, 48.21714529 ], [ 16.38002331, 48.21713925 ], [ 16.38002447, 48.21712343 ], [ 16.38047716, 48.21713738 ], [ 16.38047732, 48.21716085 ], [ 16.38054374, 48.21716171 ], [ 16.38068563, 48.21716356 ], [ 16.38068789, 48.21713743 ], [ 16.38069709, 48.21699989 ] ], [ [ 16.37808871, 48.2166289 ], [ 16.37809691, 48.21612429 ], [ 16.3780249, 48.21609949 ], [ 16.37746925, 48.21623675 ], [ 16.37753194, 48.21638827 ], [ 16.37768646, 48.21676179 ], [ 16.37808871, 48.2166289 ] ], [ [ 16.37792072, 48.21705848 ], [ 16.37790286, 48.21680606 ], [ 16.37772436, 48.21687149 ], [ 16.37776825, 48.21705889 ], [ 16.37792072, 48.21705848 ] ], [ [ 16.37749215, 48.21693677 ], [ 16.37628416, 48.2169622 ], [ 16.37639616, 48.2173495 ], [ 16.37647583, 48.21735024 ], [ 16.37655549, 48.21735097 ], [ 16.37751334, 48.21733795 ], [ 16.37749215, 48.21693677 ] ], [ [ 16.37613185, 48.21698258 ], [ 16.37566814, 48.21699443 ], [ 16.37566119, 48.21722691 ], [ 16.37568953, 48.21733689 ], [ 16.37580803, 48.21778615 ], [ 16.37592608, 48.21817371 ], [ 16.37613615, 48.21904769 ], [ 16.37665101, 48.21902287 ], [ 16.37654805, 48.21849941 ], [ 16.37613185, 48.21698258 ] ], [ [ 16.37548758, 48.21737904 ], [ 16.37537574, 48.21736038 ], [ 16.37503154, 48.21775233 ], [ 16.37478784, 48.21794333 ], [ 16.37565478, 48.2179988 ], [ 16.37548758, 48.21737904 ] ], [ [ 16.37568475, 48.21811732 ], [ 16.37465335, 48.21804986 ], [ 16.37428539, 48.21835278 ], [ 16.37576346, 48.21844995 ], [ 16.37568475, 48.21811732 ] ], [ [ 16.37580312, 48.21857485 ], [ 16.374154, 48.2184656 ], [ 16.37381212, 48.21873695 ], [ 16.37383193, 48.21877399 ], [ 16.37434926, 48.21882616 ], [ 16.37433866, 48.21886115 ], [ 16.3744618, 48.21887235 ], [ 16.37590801, 48.21900082 ], [ 16.37580312, 48.21857485 ] ], [ [ 16.37442689, 48.21897318 ], [ 16.37420866, 48.21959009 ], [ 16.37440988, 48.21963445 ], [ 16.37514855, 48.21979743 ], [ 16.37540154, 48.21908068 ], [ 16.37442689, 48.21897318 ] ], [ [ 16.37437457, 48.21974005 ], [ 16.37401595, 48.2199506 ], [ 16.37529315, 48.22076991 ], [ 16.37564974, 48.22053209 ], [ 16.37437457, 48.21974005 ] ], [ [ 16.37390968, 48.2200126 ], [ 16.37354891, 48.22023476 ], [ 16.37481323, 48.22110435 ], [ 16.37519215, 48.22084782 ], [ 16.37390968, 48.2200126 ] ], [ [ 16.37714039, 48.21878329 ], [ 16.37717445, 48.21880559 ], [ 16.37827287, 48.21868792 ], [ 16.37819696, 48.21802236 ], [ 16.37747989, 48.21792216 ], [ 16.37714039, 48.21878329 ] ], [ [ 16.37846892, 48.2186659 ], [ 16.37966032, 48.21854944 ], [ 16.37963859, 48.21799502 ], [ 16.37900452, 48.2179861 ], [ 16.379008, 48.21802858 ], [ 16.37839828, 48.21801878 ], [ 16.37841683, 48.21815349 ], [ 16.37837955, 48.21815647 ], [ 16.37839744, 48.21830215 ], [ 16.37842839, 48.21830133 ], [ 16.37846892, 48.2186659 ] ], [ [ 16.38096936, 48.21877764 ], [ 16.3812818, 48.21873372 ], [ 16.38132176, 48.21887732 ], [ 16.3821637, 48.21879111 ], [ 16.3817004, 48.21791005 ], [ 16.3809472, 48.21804911 ], [ 16.38096936, 48.21877764 ] ], [ [ 16.38230245, 48.21879537 ], [ 16.38380547, 48.2184853 ], [ 16.38326761, 48.21763458 ], [ 16.38259703, 48.21775581 ], [ 16.38185567, 48.21788984 ], [ 16.38230245, 48.21879537 ] ], [ [ 16.38162978, 48.21779001 ], [ 16.38145486, 48.2175148 ], [ 16.38093577, 48.21759549 ], [ 16.3809421, 48.21791619 ], [ 16.38162978, 48.21779001 ] ], [ [ 16.38066448, 48.21775487 ], [ 16.38061711, 48.21775444 ], [ 16.38060666, 48.21749319 ], [ 16.3806586, 48.217492 ], [ 16.38065156, 48.21728516 ], [ 16.37979084, 48.21726615 ], [ 16.37981574, 48.21790475 ], [ 16.38066246, 48.21791252 ], [ 16.38066448, 48.21775487 ] ], [ [ 16.380926, 48.21750296 ], [ 16.3809626, 48.21750267 ], [ 16.38136605, 48.21744059 ], [ 16.38138359, 48.21741842 ], [ 16.38118673, 48.21712775 ], [ 16.38112746, 48.21713636 ], [ 16.38098181, 48.21716187 ], [ 16.38092302, 48.21717309 ], [ 16.380926, 48.21750296 ] ], [ [ 16.37809887, 48.21720365 ], [ 16.37803616, 48.21720188 ], [ 16.37803615, 48.21719043 ], [ 16.37782421, 48.217187 ], [ 16.37781977, 48.21719593 ], [ 16.37775706, 48.21719415 ], [ 16.37752959, 48.21779912 ], [ 16.37817182, 48.21788189 ], [ 16.37809887, 48.21720365 ] ], [ [ 16.37738248, 48.21777741 ], [ 16.37751649, 48.21741799 ], [ 16.37751446, 48.21739875 ], [ 16.37641438, 48.21742486 ], [ 16.37648172, 48.21765973 ], [ 16.37652854, 48.21782304 ], [ 16.37738248, 48.21777741 ] ], [ [ 16.37837371, 48.21792463 ], [ 16.37964456, 48.2178987 ], [ 16.37963015, 48.217244 ], [ 16.37831243, 48.21720564 ], [ 16.37837371, 48.21792463 ] ], [ [ 16.37728205, 48.21788842 ], [ 16.37655122, 48.21791647 ], [ 16.37671703, 48.2186647 ], [ 16.37673543, 48.21874773 ], [ 16.37674311, 48.21875048 ], [ 16.37692588, 48.2187822 ], [ 16.37695182, 48.21873732 ], [ 16.37696542, 48.21870235 ], [ 16.37728205, 48.21788842 ] ], [ [ 16.38034887, 48.21848668 ], [ 16.3806827, 48.21844221 ], [ 16.38067079, 48.21804939 ], [ 16.37983053, 48.21804234 ], [ 16.37985731, 48.21851448 ], [ 16.37994209, 48.21852065 ], [ 16.38034887, 48.21848668 ] ], [ [ 16.38303624, 48.2168404 ], [ 16.38300516, 48.21685156 ], [ 16.38330852, 48.2174815 ], [ 16.38353926, 48.21743617 ], [ 16.38352685, 48.21740497 ], [ 16.38435375, 48.21709526 ], [ 16.38381315, 48.21647037 ], [ 16.38377804, 48.21648351 ], [ 16.38332156, 48.21600832 ], [ 16.38260289, 48.21605277 ], [ 16.38289409, 48.21664539 ], [ 16.38293593, 48.21663656 ], [ 16.38303624, 48.2168404 ] ], [ [ 16.38448816, 48.21706777 ], [ 16.38490609, 48.2168871 ], [ 16.38453165, 48.21652564 ], [ 16.3845108, 48.21653159 ], [ 16.38440656, 48.21643612 ], [ 16.38434096, 48.21637239 ], [ 16.38427539, 48.21633258 ], [ 16.38398317, 48.2160978 ], [ 16.38381377, 48.21597943 ], [ 16.38349756, 48.21599961 ], [ 16.38448816, 48.21706777 ] ], [ [ 16.38504225, 48.21983583 ], [ 16.38533379, 48.22052315 ], [ 16.38533952, 48.22053159 ], [ 16.38580976, 48.22027994 ], [ 16.3858058, 48.22027052 ], [ 16.38557924, 48.21973146 ], [ 16.38504225, 48.21983583 ] ], [ [ 16.38321628, 48.22021304 ], [ 16.38318222, 48.22019885 ], [ 16.38260325, 48.22031258 ], [ 16.38260072, 48.22034262 ], [ 16.38314822, 48.22166309 ], [ 16.38315383, 48.22167159 ], [ 16.38371327, 48.22137656 ], [ 16.38370932, 48.2213673 ], [ 16.38321628, 48.22021304 ] ], [ [ 16.38796358, 48.21474097 ], [ 16.38792151, 48.21479477 ], [ 16.38950736, 48.21548014 ], [ 16.38956655, 48.21546491 ], [ 16.3898182, 48.21457411 ], [ 16.38796358, 48.21474097 ] ], [ [ 16.38108065, 48.22784292 ], [ 16.38196554, 48.22669665 ], [ 16.38157572, 48.22650678 ], [ 16.38153603, 48.22651498 ], [ 16.38036691, 48.22802611 ], [ 16.38052137, 48.22811122 ], [ 16.38108065, 48.22784292 ] ] ] ] } },
{ "type": "Feature", "properties": { "LEV1": "Verkehr", "LEV2": "Straßenraum", "LEV3": "Straßenraum", "FLAECHE": 825.00806849000003 }, "geometry": { "type": "Polygon", "coordinates": [ [ [ 16.39368243, 48.23147513 ], [ 16.39363274, 48.23144977 ], [ 16.39370998, 48.23138345 ], [ 16.39374706, 48.23140269 ], [ 16.39383228, 48.23133141 ], [ 16.3942683, 48.23155539 ], [ 16.39410652, 48.23169156 ], [ 16.39368243, 48.23147513 ] ] ] } },
{ "type": "Feature", "properties": { "LEV1": "Verkehr", "LEV2": "Straßenraum", "LEV3": "Straßenraum", "FLAECHE": 1683604.5189533201 }, "geometry": { "type": "MultiPolygon", "coordinates": [ [ [ [ 16.39663886, 48.23287421 ], [ 16.39630914, 48.23269974 ], [ 16.3943987, 48.23429728 ], [ 16.39435891, 48.23433235 ], [ 16.39418379, 48.23424055 ], [ 16.39413126, 48.23421297 ], [ 16.39279338, 48.23351109 ], [ 16.39253815, 48.23337722 ], [ 16.39250695, 48.23335736 ], [ 16.3913781, 48.23277461 ], [ 16.39102348, 48.23259042 ], [ 16.39068206, 48.23241306 ], [ 16.38808626, 48.23106465 ], [ 16.38799339, 48.23101638 ], [ 16.38803993, 48.23098487 ], [ 16.38872495, 48.23133973 ], [ 16.38885655, 48.23140793 ], [ 16.3899483, 48.23198104 ], [ 16.39014393, 48.23180735 ], [ 16.39021006, 48.231845 ], [ 16.39075996, 48.23136738 ], [ 16.39114134, 48.23103628 ], [ 16.39117537, 48.23100674 ], [ 16.39124177, 48.23104699 ], [ 16.39124677, 48.23106777 ], [ 16.39123333, 48.23108144 ], [ 16.39124073, 48.23108513 ], [ 16.39113759, 48.23117196 ], [ 16.3911159, 48.23116073 ], [ 16.39083255, 48.23140366 ], [ 16.3900731, 48.23204696 ], [ 16.39071298, 48.232375 ], [ 16.39138074, 48.23272452 ], [ 16.39142141, 48.23274581 ], [ 16.39156943, 48.23282364 ], [ 16.3915811, 48.23282977 ], [ 16.39189049, 48.23299246 ], [ 16.39254308, 48.23333153 ], [ 16.39317033, 48.23279798 ], [ 16.39317869, 48.23279087 ], [ 16.39323644, 48.23274175 ], [ 16.39345987, 48.2325517 ], [ 16.39355768, 48.2324685 ], [ 16.39433436, 48.23180782 ], [ 16.39422837, 48.23175374 ], [ 16.39429095, 48.2317023 ], [ 16.39434038, 48.23171603 ], [ 16.39443265, 48.23163981 ], [ 16.39444216, 48.2316447 ], [ 16.39449694, 48.23167284 ], [ 16.39595516, 48.23042564 ], [ 16.39573256, 48.23030776 ], [ 16.39531609, 48.23008721 ], [ 16.39503324, 48.22993742 ], [ 16.39354621, 48.23118445 ], [ 16.39367876, 48.23125254 ], [ 16.39351679, 48.2313906 ], [ 16.39338121, 48.23132141 ], [ 16.392832, 48.23178645 ], [ 16.39238162, 48.2321678 ], [ 16.39219385, 48.23205053 ], [ 16.39319499, 48.2312166 ], [ 16.39321789, 48.23119977 ], [ 16.39418803, 48.23037204 ], [ 16.39386491, 48.23020133 ], [ 16.39284634, 48.22966396 ], [ 16.39279141, 48.22971081 ], [ 16.39276056, 48.22969558 ], [ 16.3926826, 48.22965357 ], [ 16.39206274, 48.22932748 ], [ 16.39170566, 48.22913963 ], [ 16.39142975, 48.22899448 ], [ 16.39168484, 48.22827013 ], [ 16.39068703, 48.22817169 ], [ 16.39040938, 48.2281443 ], [ 16.3901064, 48.22811441 ], [ 16.39020122, 48.22792361 ], [ 16.39077219, 48.22797851 ], [ 16.39175004, 48.22807252 ], [ 16.39200912, 48.22732713 ], [ 16.3920612, 48.22717731 ], [ 16.39239018, 48.22623077 ], [ 16.39286891, 48.22485339 ], [ 16.39305314, 48.22432666 ], [ 16.39176359, 48.22414232 ], [ 16.39150147, 48.22410485 ], [ 16.39159426, 48.22378842 ], [ 16.39169441, 48.22380231 ], [ 16.39178382, 48.22343711 ], [ 16.39183755, 48.22323437 ], [ 16.39196606, 48.22266915 ], [ 16.39203427, 48.22234812 ], [ 16.39213915, 48.2218959 ], [ 16.39208946, 48.22186903 ], [ 16.39233171, 48.2207881 ], [ 16.39248869, 48.22008764 ], [ 16.39237415, 48.22007619 ], [ 16.39244057, 48.21973678 ], [ 16.3925148, 48.21935738 ], [ 16.3925413, 48.21922049 ], [ 16.39260485, 48.21876451 ], [ 16.39304386, 48.21879595 ], [ 16.39312172, 48.21837754 ], [ 16.39268433, 48.21834386 ], [ 16.39272721, 48.21806082 ], [ 16.39257177, 48.2180448 ], [ 16.39250595, 48.21789364 ], [ 16.3924892, 48.21785517 ], [ 16.392336, 48.21740059 ], [ 16.39243161, 48.21739177 ], [ 16.39252481, 48.21760736 ], [ 16.39271635, 48.21772421 ], [ 16.39295153, 48.21774968 ], [ 16.39312648, 48.21770208 ], [ 16.39331173, 48.21761509 ], [ 16.39313942, 48.21726906 ], [ 16.39289614, 48.21711013 ], [ 16.39271559, 48.21704078 ], [ 16.39223717, 48.21698415 ], [ 16.39223678, 48.21697967 ], [ 16.39219096, 48.21671786 ], [ 16.39231202, 48.21670534 ], [ 16.39265628, 48.21667224 ], [ 16.39267049, 48.21666726 ], [ 16.39280781, 48.21659551 ], [ 16.39472169, 48.21559532 ], [ 16.39472832, 48.2155088 ], [ 16.39460037, 48.21540707 ], [ 16.39534317, 48.21471484 ], [ 16.39533057, 48.21471114 ], [ 16.39430346, 48.21451824 ], [ 16.39284809, 48.21431725 ], [ 16.39282185, 48.2144312 ], [ 16.39265776, 48.21486961 ], [ 16.39246215, 48.21552802 ], [ 16.39243369, 48.21558522 ], [ 16.39234705, 48.21557807 ], [ 16.39275581, 48.21409552 ], [ 16.39279165, 48.21377705 ], [ 16.39274883, 48.21350386 ], [ 16.39268236, 48.21325568 ], [ 16.39267129, 48.21322196 ], [ 16.39261987, 48.21320544 ], [ 16.39257964, 48.21309232 ], [ 16.39275222, 48.21303441 ], [ 16.39277216, 48.21306246 ], [ 16.39326685, 48.21286706 ], [ 16.393609, 48.21272147 ], [ 16.39396001, 48.21256544 ], [ 16.39408736, 48.21250144 ], [ 16.39419265, 48.21244266 ], [ 16.39446707, 48.21225861 ], [ 16.39461226, 48.21214621 ], [ 16.39472128, 48.21204912 ], [ 16.39483471, 48.2119317 ], [ 16.39501602, 48.21175363 ], [ 16.39522701, 48.21152878 ], [ 16.39544013, 48.21128981 ], [ 16.39556484, 48.21115809 ], [ 16.39569489, 48.21098742 ], [ 16.39605745, 48.21047129 ], [ 16.39617712, 48.21029073 ], [ 16.39636543, 48.21000987 ], [ 16.39655252, 48.20972594 ], [ 16.39672193, 48.2093967 ], [ 16.39699337, 48.20887396 ], [ 16.39712601, 48.20862838 ], [ 16.39723227, 48.20838029 ], [ 16.39729261, 48.20820858 ], [ 16.3973442, 48.20802661 ], [ 16.39739372, 48.20780724 ], [ 16.39750347, 48.20721903 ], [ 16.39763358, 48.20643862 ], [ 16.39762879, 48.20636937 ], [ 16.39760799, 48.20629708 ], [ 16.39756281, 48.20621131 ], [ 16.39755429, 48.20617327 ], [ 16.39755045, 48.20610789 ], [ 16.39688926, 48.20605644 ], [ 16.39689087, 48.20604961 ], [ 16.39693097, 48.20583465 ], [ 16.39760103, 48.20588195 ], [ 16.39766663, 48.20572607 ], [ 16.39771577, 48.20563836 ], [ 16.39774972, 48.20556567 ], [ 16.3979528, 48.2050588 ], [ 16.39818164, 48.20460604 ], [ 16.39844722, 48.20428439 ], [ 16.39880573, 48.20393535 ], [ 16.39913367, 48.2036669 ], [ 16.39964732, 48.20335006 ], [ 16.39989686, 48.20322968 ], [ 16.40014616, 48.20312864 ], [ 16.40024984, 48.20309477 ], [ 16.40034869, 48.203068 ], [ 16.40036816, 48.20306426 ], [ 16.40043409, 48.20304772 ], [ 16.40063287, 48.20300642 ], [ 16.40098392, 48.20294057 ], [ 16.40147444, 48.20285531 ], [ 16.40217627, 48.20273556 ], [ 16.40227381, 48.20269783 ], [ 16.40206771, 48.20217568 ], [ 16.4021002, 48.20217038 ], [ 16.40212105, 48.20216692 ], [ 16.40232636, 48.20268886 ], [ 16.40249167, 48.20268367 ], [ 16.40345361, 48.20251917 ], [ 16.40431439, 48.20236155 ], [ 16.40499798, 48.20219611 ], [ 16.40507356, 48.20217898 ], [ 16.40531137, 48.20214709 ], [ 16.40542341, 48.20213407 ], [ 16.40553154, 48.20210892 ], [ 16.40577159, 48.20204537 ], [ 16.40604013, 48.20196229 ], [ 16.40623995, 48.20189733 ], [ 16.40642564, 48.20183417 ], [ 16.40660555, 48.20176778 ], [ 16.4066047, 48.20173954 ], [ 16.40672947, 48.20168623 ], [ 16.40676797, 48.20169933 ], [ 16.40688453, 48.20164602 ], [ 16.40705002, 48.20156255 ], [ 16.40718363, 48.20148693 ], [ 16.40734747, 48.20138277 ], [ 16.40757151, 48.20122624 ], [ 16.40755587, 48.20120053 ], [ 16.40787784, 48.20094825 ], [ 16.40792104, 48.20095542 ], [ 16.40815002, 48.20074403 ], [ 16.40816475, 48.20073044 ], [ 16.4083433, 48.20056557 ], [ 16.40845089, 48.20045048 ], [ 16.40873905, 48.20007519 ], [ 16.4093707, 48.19920807 ], [ 16.40938699, 48.1991857 ], [ 16.40998154, 48.1984137 ], [ 16.40996416, 48.19839213 ], [ 16.41012627, 48.1982181 ], [ 16.41016152, 48.19821907 ], [ 16.41019362, 48.19818811 ], [ 16.4102292, 48.19813799 ], [ 16.41024717, 48.1981003 ], [ 16.41027582, 48.19800612 ], [ 16.41030135, 48.19789198 ], [ 16.41031853, 48.19777488 ], [ 16.41033255, 48.19770121 ], [ 16.41035087, 48.19762818 ], [ 16.41036533, 48.19757736 ], [ 16.41038421, 48.19752365 ], [ 16.41043972, 48.19739861 ], [ 16.41048293, 48.19732331 ], [ 16.41056641, 48.19719573 ], [ 16.41065166, 48.19707724 ], [ 16.41074202, 48.19696305 ], [ 16.41082946, 48.19687297 ], [ 16.41030248, 48.19660006 ], [ 16.41031292, 48.19658993 ], [ 16.4103238, 48.19657949 ], [ 16.41033468, 48.19656905 ], [ 16.41034556, 48.19655861 ], [ 16.41035657, 48.19654827 ], [ 16.41036759, 48.19653792 ], [ 16.41037861, 48.19652757 ], [ 16.41038975, 48.19651722 ], [ 16.4104009, 48.19650687 ], [ 16.41041205, 48.19649661 ], [ 16.41042334, 48.19648635 ], [ 16.41043449, 48.19647609 ], [ 16.41044591, 48.19646592 ], [ 16.41045719, 48.19645566 ], [ 16.41046861, 48.19644549 ], [ 16.41048003, 48.19643532 ], [ 16.41049158, 48.19642524 ], [ 16.41050101, 48.19641711 ], [ 16.41051394, 48.19642529 ], [ 16.41054688, 48.19644216 ], [ 16.41099718, 48.19667277 ], [ 16.41103957, 48.19668704 ], [ 16.41159089, 48.1962854 ], [ 16.41196323, 48.19604085 ], [ 16.41303812, 48.1953897 ], [ 16.4130869, 48.19526385 ], [ 16.41312516, 48.19521787 ], [ 16.41328683, 48.19512172 ], [ 16.41333429, 48.19510442 ], [ 16.41351935, 48.19508874 ], [ 16.41357555, 48.19507323 ], [ 16.41456939, 48.19449877 ], [ 16.41440973, 48.19441733 ], [ 16.41437307, 48.19441047 ], [ 16.4143857, 48.1944029 ], [ 16.41430216, 48.19435274 ], [ 16.41421989, 48.19429767 ], [ 16.41407593, 48.19418724 ], [ 16.41400996, 48.19412603 ], [ 16.4139566, 48.19407653 ], [ 16.41408816, 48.19399892 ], [ 16.41412359, 48.19403414 ], [ 16.41413804, 48.19404757 ], [ 16.41417019, 48.19407746 ], [ 16.41433732, 48.19421053 ], [ 16.41442228, 48.19426776 ], [ 16.41451717, 48.19432406 ], [ 16.41470565, 48.19442 ], [ 16.41652775, 48.19333659 ], [ 16.41636787, 48.19321409 ], [ 16.41594467, 48.19294071 ], [ 16.41591497, 48.19292153 ], [ 16.41632913, 48.19267725 ], [ 16.41680954, 48.19300018 ], [ 16.41694258, 48.19308961 ], [ 16.41720211, 48.1929407 ], [ 16.41776097, 48.19262003 ], [ 16.41781203, 48.19258708 ], [ 16.4179882, 48.19248363 ], [ 16.41854841, 48.19215709 ], [ 16.41854841, 48.19214922 ], [ 16.41848191, 48.19200415 ], [ 16.41842755, 48.19193176 ], [ 16.4183773, 48.19188107 ], [ 16.41830686, 48.19182329 ], [ 16.41812108, 48.19169632 ], [ 16.41805996, 48.19165651 ], [ 16.41818062, 48.19158542 ], [ 16.4183031, 48.19165908 ], [ 16.41843183, 48.19174892 ], [ 16.41854576, 48.19184282 ], [ 16.41862602, 48.19191991 ], [ 16.41873534, 48.19204538 ], [ 16.41992751, 48.19135322 ], [ 16.41997047, 48.19130768 ], [ 16.42022476, 48.19102708 ], [ 16.42028025, 48.19099413 ], [ 16.4202906, 48.19099273 ], [ 16.42024379, 48.19095953 ], [ 16.41978861, 48.19063674 ], [ 16.41986708, 48.19059045 ], [ 16.42031103, 48.19090791 ], [ 16.4203481, 48.19095055 ], [ 16.42041758, 48.19091219 ], [ 16.42086255, 48.19077768 ], [ 16.42091819, 48.19075183 ], [ 16.42198778, 48.19014336 ], [ 16.42243754, 48.18990632 ], [ 16.42279487, 48.18972997 ], [ 16.42306513, 48.18960359 ], [ 16.42333082, 48.18948351 ], [ 16.42373347, 48.18930513 ], [ 16.42457254, 48.18896626 ], [ 16.4249697, 48.18881127 ], [ 16.42544122, 48.18864812 ], [ 16.42641291, 48.18832855 ], [ 16.42710115, 48.18812341 ], [ 16.42783297, 48.18792552 ], [ 16.42808474, 48.18785391 ], [ 16.42849311, 48.1877346 ], [ 16.42902796, 48.18757328 ], [ 16.42935662, 48.18748165 ], [ 16.42958352, 48.18741635 ], [ 16.42990465, 48.18732328 ], [ 16.43049151, 48.18715121 ], [ 16.43082271, 48.18705491 ], [ 16.43116441, 48.18695703 ], [ 16.43124841, 48.1869289 ], [ 16.43133226, 48.18689124 ], [ 16.4314056, 48.1868442 ], [ 16.43142026, 48.18683928 ], [ 16.43146464, 48.18691145 ], [ 16.4314848, 48.18690802 ], [ 16.43160419, 48.18710424 ], [ 16.43151428, 48.18713588 ], [ 16.43145002, 48.18718716 ], [ 16.4314423, 48.18719332 ], [ 16.43113785, 48.18735968 ], [ 16.43122464, 48.18745521 ], [ 16.43120905, 48.18746322 ], [ 16.43124989, 48.18750959 ], [ 16.4312864, 48.18754239 ], [ 16.431261, 48.18755392 ], [ 16.43125954, 48.18756202 ], [ 16.4313544, 48.18765871 ], [ 16.43157733, 48.18792013 ], [ 16.43175877, 48.1881432 ], [ 16.43185911, 48.18829195 ], [ 16.43198333, 48.18848098 ], [ 16.43217979, 48.18882417 ], [ 16.43221147, 48.18886624 ], [ 16.43225515, 48.18891899 ], [ 16.43231445, 48.18898468 ], [ 16.43249129, 48.18904767 ], [ 16.43264935, 48.18906138 ], [ 16.43279566, 48.18905218 ], [ 16.43281753, 48.18909416 ], [ 16.43267972, 48.18911846 ], [ 16.43245536, 48.18910858 ], [ 16.43231998, 48.18906535 ], [ 16.43215177, 48.1889448 ], [ 16.43209497, 48.18884907 ], [ 16.43187234, 48.18846659 ], [ 16.43167974, 48.18817384 ], [ 16.43159047, 48.1881874 ], [ 16.43158068, 48.18817894 ], [ 16.43140935, 48.18791901 ], [ 16.43140189, 48.18788566 ], [ 16.43125416, 48.1877096 ], [ 16.43116136, 48.18763854 ], [ 16.43115299, 48.18762173 ], [ 16.43106587, 48.18756442 ], [ 16.43100744, 48.18752841 ], [ 16.43084678, 48.18748843 ], [ 16.43067148, 48.18752995 ], [ 16.43063644, 48.18748825 ], [ 16.43053962, 48.1874939 ], [ 16.43041738, 48.18750398 ], [ 16.43014331, 48.18751293 ], [ 16.42889626, 48.18785551 ], [ 16.4288249, 48.18788443 ], [ 16.42882778, 48.18791429 ], [ 16.42836458, 48.18806017 ], [ 16.42785687, 48.18820618 ], [ 16.42783586, 48.18819001 ], [ 16.42744694, 48.18830353 ], [ 16.42719574, 48.18837686 ], [ 16.4262938, 48.18866275 ], [ 16.42588626, 48.18880174 ], [ 16.42557189, 48.18892384 ], [ 16.42557574, 48.18897186 ], [ 16.42538716, 48.18903901 ], [ 16.42502546, 48.1891723 ], [ 16.42489805, 48.18922497 ], [ 16.42438911, 48.18945239 ], [ 16.42277505, 48.19017821 ], [ 16.42236383, 48.19037942 ], [ 16.42192211, 48.19060845 ], [ 16.42167755, 48.19074102 ], [ 16.42134137, 48.19094235 ], [ 16.4208661, 48.19122177 ], [ 16.42204056, 48.19194782 ], [ 16.42221765, 48.19207845 ], [ 16.42218808, 48.19209367 ], [ 16.42215831, 48.19206392 ], [ 16.42203514, 48.19198691 ], [ 16.42096942, 48.19133055 ], [ 16.42087332, 48.19127716 ], [ 16.42083228, 48.19126676 ], [ 16.42079692, 48.19127047 ], [ 16.42019454, 48.19163244 ], [ 16.42018808, 48.1916275 ], [ 16.4199892, 48.19174123 ], [ 16.41994975, 48.19171149 ], [ 16.4199349, 48.19171482 ], [ 16.41990412, 48.19169246 ], [ 16.42007857, 48.19153045 ], [ 16.42005274, 48.19152723 ], [ 16.41998975, 48.19156698 ], [ 16.41980619, 48.19168282 ], [ 16.4194891, 48.19188899 ], [ 16.41931027, 48.19201044 ], [ 16.4191043, 48.19214324 ], [ 16.41893391, 48.19232808 ], [ 16.41897157, 48.19241115 ], [ 16.41904406, 48.19257163 ], [ 16.41907182, 48.19260327 ], [ 16.4191527, 48.19289127 ], [ 16.41919313, 48.19317749 ], [ 16.41919365, 48.19407314 ], [ 16.41919037, 48.19413833 ], [ 16.41925056, 48.19442418 ], [ 16.41931589, 48.19456686 ], [ 16.41935393, 48.19463311 ], [ 16.41941096, 48.19471662 ], [ 16.4195169, 48.19484631 ], [ 16.41969363, 48.19500284 ], [ 16.41989806, 48.19515369 ], [ 16.4201286, 48.19531046 ], [ 16.42062443, 48.19565489 ], [ 16.42116084, 48.1960466 ], [ 16.42147339, 48.19625645 ], [ 16.42155446, 48.1963117 ], [ 16.42203626, 48.19664232 ], [ 16.42322089, 48.19747031 ], [ 16.42406121, 48.19723396 ], [ 16.42545304, 48.19676928 ], [ 16.42621362, 48.19648226 ], [ 16.42699658, 48.19622389 ], [ 16.42731548, 48.19613245 ], [ 16.42763288, 48.19610603 ], [ 16.42792586, 48.19611245 ], [ 16.42818637, 48.19616323 ], [ 16.42847195, 48.19624196 ], [ 16.42877173, 48.196367 ], [ 16.42948017, 48.19678497 ], [ 16.4296631, 48.19685443 ], [ 16.42988563, 48.19687664 ], [ 16.43016997, 48.19686584 ], [ 16.43018557, 48.19686524 ], [ 16.43582426, 48.19386664 ], [ 16.43603011, 48.19389542 ], [ 16.43621536, 48.19418691 ], [ 16.43610885, 48.19427001 ], [ 16.43532444, 48.1946848 ], [ 16.43468803, 48.19502131 ], [ 16.43311283, 48.19585419 ], [ 16.43054294, 48.1972129 ], [ 16.43058158, 48.19723094 ], [ 16.43049168, 48.19728084 ], [ 16.42998343, 48.19754503 ], [ 16.42912469, 48.1980006 ], [ 16.42855837, 48.19829919 ], [ 16.42622177, 48.1995092 ], [ 16.42620808, 48.19951629 ], [ 16.42688275, 48.19996985 ], [ 16.42727685, 48.20023271 ], [ 16.42787138, 48.20062925 ], [ 16.42839394, 48.20082093 ], [ 16.42944712, 48.20152091 ], [ 16.4303164, 48.20204686 ], [ 16.4307267, 48.20225732 ], [ 16.43099322, 48.2023438 ], [ 16.4312632, 48.20240446 ], [ 16.4315821, 48.20243702 ], [ 16.43216382, 48.20244823 ], [ 16.43279814, 48.20245237 ], [ 16.43255216, 48.20228072 ], [ 16.4321278, 48.20196082 ], [ 16.43212526, 48.20195105 ], [ 16.43210544, 48.20187487 ], [ 16.4325706, 48.20156916 ], [ 16.43271862, 48.20166184 ], [ 16.43224311, 48.20197062 ], [ 16.43223871, 48.2019914 ], [ 16.43243266, 48.20211768 ], [ 16.43245486, 48.20211865 ], [ 16.43265118, 48.20199699 ], [ 16.43282705, 48.2019454 ], [ 16.43284546, 48.20198089 ], [ 16.43285527, 48.20199978 ], [ 16.43272821, 48.20203838 ], [ 16.43263359, 48.20208792 ], [ 16.43254233, 48.20215062 ], [ 16.4325155, 48.20216905 ], [ 16.43287081, 48.20239799 ], [ 16.43300395, 48.20244437 ], [ 16.43336145, 48.20255218 ], [ 16.43357187, 48.20262376 ], [ 16.43365384, 48.20266904 ], [ 16.43372728, 48.2027096 ], [ 16.43624199, 48.20092209 ], [ 16.43627807, 48.20089644 ], [ 16.43623551, 48.20087184 ], [ 16.43666512, 48.20056695 ], [ 16.43669676, 48.20054876 ], [ 16.43672597, 48.20051914 ], [ 16.43672335, 48.20048812 ], [ 16.43676573, 48.20049042 ], [ 16.43676703, 48.2005335 ], [ 16.43641316, 48.20077465 ], [ 16.43646044, 48.20080527 ], [ 16.433765, 48.20273799 ], [ 16.43442519, 48.20318457 ], [ 16.43716042, 48.20123824 ], [ 16.43763447, 48.20090129 ], [ 16.43783895, 48.20075477 ], [ 16.4379065, 48.20070593 ], [ 16.43836164, 48.20037687 ], [ 16.43859081, 48.2002147 ], [ 16.4383837, 48.20003906 ], [ 16.43801544, 48.19980206 ], [ 16.43770415, 48.19966393 ], [ 16.43712154, 48.19952999 ], [ 16.43591861, 48.19930145 ], [ 16.43563921, 48.19923199 ], [ 16.43544953, 48.19915922 ], [ 16.43554284, 48.19913468 ], [ 16.43594261, 48.19926077 ], [ 16.43714888, 48.19947646 ], [ 16.43764762, 48.199578 ], [ 16.43783179, 48.1984955 ], [ 16.43785355, 48.19847858 ], [ 16.43794931, 48.19806588 ], [ 16.43807387, 48.19792422 ], [ 16.43831748, 48.19772291 ], [ 16.43835806, 48.19769896 ], [ 16.43847147, 48.19763914 ], [ 16.43850519, 48.19767804 ], [ 16.43856774, 48.19775021 ], [ 16.43855449, 48.19775698 ], [ 16.43842274, 48.19782435 ], [ 16.43832756, 48.19785367 ], [ 16.43822374, 48.19792513 ], [ 16.43813994, 48.19798282 ], [ 16.43811289, 48.19800144 ], [ 16.4380419, 48.19808622 ], [ 16.43777719, 48.19957677 ], [ 16.43782745, 48.19963558 ], [ 16.43813486, 48.19978028 ], [ 16.4383944, 48.19994184 ], [ 16.43867236, 48.20016048 ], [ 16.43867892, 48.20015595 ], [ 16.43869513, 48.20014474 ], [ 16.43910578, 48.19986088 ], [ 16.43938636, 48.19966693 ], [ 16.43941357, 48.19968687 ], [ 16.43950016, 48.19966772 ], [ 16.43955329, 48.19966165 ], [ 16.43959346, 48.19966161 ], [ 16.43960885, 48.1996616 ], [ 16.43965675, 48.19966848 ], [ 16.43968369, 48.19967661 ], [ 16.43969955, 48.19968139 ], [ 16.43974358, 48.19969952 ], [ 16.43978237, 48.19972368 ], [ 16.43981996, 48.19975395 ], [ 16.43984855, 48.19978594 ], [ 16.43987128, 48.19982628 ], [ 16.43987844, 48.19986721 ], [ 16.43987765, 48.1998916 ], [ 16.43987717, 48.19990615 ], [ 16.43986823, 48.19993989 ], [ 16.43985015, 48.19997965 ], [ 16.43980758, 48.20001773 ], [ 16.43975975, 48.20004467 ], [ 16.43970034, 48.20007062 ], [ 16.4396331, 48.20008453 ], [ 16.43956571, 48.2000872 ], [ 16.43948552, 48.20007945 ], [ 16.43941958, 48.20006485 ], [ 16.43933532, 48.20004415 ], [ 16.43926684, 48.20003818 ], [ 16.43920401, 48.20004149 ], [ 16.43913356, 48.20005467 ], [ 16.43912715, 48.20007716 ], [ 16.43888292, 48.20027097 ], [ 16.43950471, 48.20065841 ], [ 16.4395157, 48.20066395 ], [ 16.43954107, 48.20067673 ], [ 16.43957876, 48.20068578 ], [ 16.43960607, 48.20068899 ], [ 16.4396327, 48.20068618 ], [ 16.43965677, 48.20067842 ], [ 16.43968176, 48.20066572 ], [ 16.43993015, 48.20049273 ], [ 16.43996856, 48.20046266 ], [ 16.44009814, 48.20034527 ], [ 16.44025279, 48.20025088 ], [ 16.44071832, 48.1998928 ], [ 16.44066592, 48.19985966 ], [ 16.44103994, 48.19961758 ], [ 16.44107681, 48.19962457 ], [ 16.44115752, 48.19968007 ], [ 16.44120573, 48.19971321 ], [ 16.44118114, 48.19979255 ], [ 16.44097013, 48.19995202 ], [ 16.44094683, 48.19993972 ], [ 16.44086414, 48.19996075 ], [ 16.44058437, 48.20017828 ], [ 16.44038101, 48.2003264 ], [ 16.43958505, 48.20093857 ], [ 16.43397607, 48.20478008 ], [ 16.43402554, 48.20481622 ], [ 16.43411835, 48.20488401 ], [ 16.43469374, 48.20530431 ], [ 16.4373411, 48.20711748 ], [ 16.43703969, 48.20732634 ], [ 16.43594095, 48.20657686 ], [ 16.43439128, 48.20549982 ], [ 16.43418344, 48.20536083 ], [ 16.43384328, 48.20513336 ], [ 16.43364729, 48.2050069 ], [ 16.4330373, 48.2054319 ], [ 16.43172002, 48.20634739 ], [ 16.43166827, 48.20638336 ], [ 16.43148042, 48.20629133 ], [ 16.43149466, 48.20628125 ], [ 16.43094477, 48.20597315 ], [ 16.43088983, 48.20602103 ], [ 16.43082627, 48.20599114 ], [ 16.43059713, 48.20590436 ], [ 16.43066142, 48.20586037 ], [ 16.43080741, 48.20576048 ], [ 16.43100142, 48.20561508 ], [ 16.43078544, 48.20544223 ], [ 16.43050522, 48.205268 ], [ 16.43043546, 48.20522463 ], [ 16.43022135, 48.2050915 ], [ 16.43010449, 48.20497424 ], [ 16.43000926, 48.20483834 ], [ 16.42994571, 48.20466311 ], [ 16.42992724, 48.20449396 ], [ 16.43000097, 48.20405243 ], [ 16.43001653, 48.20388343 ], [ 16.4300928, 48.2035812 ], [ 16.43009758, 48.20353088 ], [ 16.43011062, 48.20339385 ], [ 16.43008789, 48.20332786 ], [ 16.43006982, 48.20329906 ], [ 16.43000262, 48.20319195 ], [ 16.42991436, 48.20304288 ], [ 16.42989831, 48.20301577 ], [ 16.42985201, 48.20285573 ], [ 16.42979868, 48.20275073 ], [ 16.42967507, 48.2026198 ], [ 16.42952238, 48.2024683 ], [ 16.42923165, 48.20224182 ], [ 16.4288466, 48.20200111 ], [ 16.42875431, 48.20194812 ], [ 16.42867234, 48.20190106 ], [ 16.42858527, 48.20184093 ], [ 16.42840106, 48.20171368 ], [ 16.42819754, 48.20156996 ], [ 16.42784639, 48.20132841 ], [ 16.4276446, 48.20117523 ], [ 16.42757936, 48.20110244 ], [ 16.4275418, 48.20098536 ], [ 16.42753128, 48.20091875 ], [ 16.42732392, 48.20077241 ], [ 16.42713711, 48.20064056 ], [ 16.42711709, 48.20062644 ], [ 16.42581084, 48.19974055 ], [ 16.42579908, 48.19974504 ], [ 16.42375902, 48.2008188 ], [ 16.41815805, 48.20375868 ], [ 16.41816779, 48.20376507 ], [ 16.42145554, 48.20592104 ], [ 16.42193362, 48.20619984 ], [ 16.42219208, 48.20636557 ], [ 16.42257295, 48.20667969 ], [ 16.42284856, 48.2069589 ], [ 16.42299716, 48.2071623 ], [ 16.42294251, 48.20762271 ], [ 16.42283701, 48.20785131 ], [ 16.42287052, 48.20801505 ], [ 16.42317385, 48.2082115 ], [ 16.42148068, 48.2095712 ], [ 16.42124733, 48.20938902 ], [ 16.42122016, 48.20936778 ], [ 16.42110374, 48.2092666 ], [ 16.420508, 48.20882093 ], [ 16.42043193, 48.20876402 ], [ 16.42019326, 48.2089126 ], [ 16.42016365, 48.20893104 ], [ 16.42092108, 48.20996729 ], [ 16.42078109, 48.21008019 ], [ 16.42061363, 48.21019524 ], [ 16.42060448, 48.21020183 ], [ 16.42039511, 48.21035243 ], [ 16.41953484, 48.21095938 ], [ 16.41918906, 48.21121494 ], [ 16.41887904, 48.21146122 ], [ 16.41858559, 48.2117154 ], [ 16.41854526, 48.21168946 ], [ 16.41883917, 48.21143544 ], [ 16.41919864, 48.21115136 ], [ 16.41909952, 48.21109261 ], [ 16.41919043, 48.21102718 ], [ 16.41964314, 48.21070137 ], [ 16.42008846, 48.21026047 ], [ 16.42010482, 48.21022952 ], [ 16.42010504, 48.21019697 ], [ 16.42010156, 48.21018899 ], [ 16.42009437, 48.21017251 ], [ 16.41963321, 48.20939341 ], [ 16.41949312, 48.20920987 ], [ 16.41931998, 48.20930793 ], [ 16.41922267, 48.20937032 ], [ 16.41859376, 48.20976387 ], [ 16.4180257, 48.2100901 ], [ 16.41730447, 48.2105043 ], [ 16.4154515, 48.21150679 ], [ 16.41543686, 48.21151578 ], [ 16.41524463, 48.21161648 ], [ 16.41511233, 48.21168578 ], [ 16.41271577, 48.2129411 ], [ 16.41325221, 48.21336423 ], [ 16.41328861, 48.21338471 ], [ 16.41415125, 48.21296028 ], [ 16.4145347, 48.21276091 ], [ 16.4153047, 48.21234526 ], [ 16.41599871, 48.21197063 ], [ 16.41602073, 48.21198903 ], [ 16.41611078, 48.21206482 ], [ 16.41620131, 48.21206908 ], [ 16.41628319, 48.21206197 ], [ 16.41630571, 48.21206002 ], [ 16.41638641, 48.21204197 ], [ 16.4164874, 48.21199918 ], [ 16.41657049, 48.2119574 ], [ 16.41659266, 48.21193931 ], [ 16.41758775, 48.21256966 ], [ 16.41748829, 48.212645 ], [ 16.41746014, 48.2126256 ], [ 16.41741162, 48.21265819 ], [ 16.41654234, 48.21211219 ], [ 16.41623721, 48.21213534 ], [ 16.41617356, 48.21213646 ], [ 16.41611314, 48.21213434 ], [ 16.41605594, 48.21212566 ], [ 16.41600534, 48.21211472 ], [ 16.41595472, 48.21209731 ], [ 16.41568584, 48.21223573 ], [ 16.41530574, 48.21243141 ], [ 16.41490873, 48.2126504 ], [ 16.41409031, 48.21308029 ], [ 16.41336995, 48.21345867 ], [ 16.41338693, 48.21347431 ], [ 16.41349848, 48.21356192 ], [ 16.41363598, 48.21364321 ], [ 16.41379447, 48.21371514 ], [ 16.41398051, 48.2137679 ], [ 16.4141843, 48.21381137 ], [ 16.41442614, 48.21384152 ], [ 16.41467486, 48.2138739 ], [ 16.41482454, 48.21390977 ], [ 16.41493782, 48.21398065 ], [ 16.41471972, 48.21408647 ], [ 16.41451239, 48.21410082 ], [ 16.41439393, 48.21416251 ], [ 16.41369732, 48.21407763 ], [ 16.41363642, 48.2141087 ], [ 16.41241643, 48.21306558 ], [ 16.41230573, 48.21300603 ], [ 16.41222798, 48.21293027 ], [ 16.41211104, 48.21283358 ], [ 16.41179117, 48.21253729 ], [ 16.4117012, 48.21246008 ], [ 16.41062406, 48.21153576 ], [ 16.41046074, 48.21146221 ], [ 16.41041445, 48.21146035 ], [ 16.40982933, 48.21158654 ], [ 16.40963097, 48.21166419 ], [ 16.40957242, 48.21164948 ], [ 16.40904158, 48.21219813 ], [ 16.408879, 48.21236425 ], [ 16.40847508, 48.21265642 ], [ 16.40839333, 48.21270027 ], [ 16.4082393, 48.21282672 ], [ 16.40792075, 48.21297828 ], [ 16.40706903, 48.21338773 ], [ 16.40666172, 48.21357603 ], [ 16.40597544, 48.21395263 ], [ 16.40563531, 48.21417533 ], [ 16.40556561, 48.21418059 ], [ 16.40549997, 48.21429979 ], [ 16.40551361, 48.21433162 ], [ 16.40603925, 48.21476603 ], [ 16.4059564, 48.21518687 ], [ 16.40593558, 48.21521503 ], [ 16.40530824, 48.21550733 ], [ 16.40543514, 48.21561526 ], [ 16.40551559, 48.21569822 ], [ 16.40573559, 48.21599073 ], [ 16.40579382, 48.2160621 ], [ 16.40591931, 48.21621581 ], [ 16.40588692, 48.21634362 ], [ 16.40592437, 48.21647166 ], [ 16.40606864, 48.21687717 ], [ 16.40618091, 48.21720796 ], [ 16.40637824, 48.21773637 ], [ 16.40649357, 48.21773693 ], [ 16.40739862, 48.21773824 ], [ 16.40788609, 48.21773894 ], [ 16.41002237, 48.21773193 ], [ 16.41003825, 48.21771984 ], [ 16.41069875, 48.2172172 ], [ 16.41297751, 48.21548295 ], [ 16.41276908, 48.21530421 ], [ 16.41310078, 48.21512853 ], [ 16.41486996, 48.2142219 ], [ 16.41669527, 48.2132776 ], [ 16.41699468, 48.21311947 ], [ 16.41728762, 48.21295091 ], [ 16.41773511, 48.21267091 ], [ 16.4188551, 48.21188311 ], [ 16.42115515, 48.21024647 ], [ 16.42193002, 48.20968453 ], [ 16.42244863, 48.20924087 ], [ 16.4229147, 48.20876217 ], [ 16.4232109, 48.20848199 ], [ 16.42336955, 48.20833546 ], [ 16.42338204, 48.20834334 ], [ 16.42446754, 48.20902548 ], [ 16.42455225, 48.20907245 ], [ 16.42460338, 48.2090689 ], [ 16.42603775, 48.20805272 ], [ 16.42625549, 48.2081856 ], [ 16.42685115, 48.20855804 ], [ 16.42834692, 48.20750667 ], [ 16.42881882, 48.20717497 ], [ 16.42961441, 48.20661572 ], [ 16.42900679, 48.20624363 ], [ 16.42906458, 48.20620103 ], [ 16.42917966, 48.20611767 ], [ 16.42977442, 48.20649086 ], [ 16.43045043, 48.20601412 ], [ 16.43047943, 48.20599349 ], [ 16.43078924, 48.20612022 ], [ 16.43074022, 48.20616667 ], [ 16.43123771, 48.2063669 ], [ 16.43130572, 48.2064038 ], [ 16.43149114, 48.20649587 ], [ 16.43096255, 48.20686328 ], [ 16.43027488, 48.20736009 ], [ 16.42888251, 48.20833294 ], [ 16.42699183, 48.20966796 ], [ 16.42321075, 48.21236049 ], [ 16.42315645, 48.21239606 ], [ 16.42147178, 48.21358757 ], [ 16.421509, 48.2136113 ], [ 16.42163072, 48.2136889 ], [ 16.4217009, 48.21373228 ], [ 16.42159109, 48.21380584 ], [ 16.42152751, 48.21376604 ], [ 16.42140037, 48.21368784 ], [ 16.42136278, 48.21366472 ], [ 16.41877833, 48.21553524 ], [ 16.41871269, 48.21558275 ], [ 16.4187, 48.21559193 ], [ 16.41684433, 48.21694088 ], [ 16.41586706, 48.21768863 ], [ 16.41561834, 48.21783908 ], [ 16.4141806, 48.21890855 ], [ 16.41288476, 48.21987088 ], [ 16.41295707, 48.21991465 ], [ 16.41306566, 48.21998039 ], [ 16.41317477, 48.22004848 ], [ 16.41314264, 48.22007234 ], [ 16.4130334, 48.22000451 ], [ 16.41285237, 48.21989501 ], [ 16.40805922, 48.22345366 ], [ 16.40739978, 48.22395544 ], [ 16.40698787, 48.22428772 ], [ 16.40672842, 48.22451019 ], [ 16.40658917, 48.22464625 ], [ 16.40611838, 48.22503972 ], [ 16.40591057, 48.22522988 ], [ 16.4054997, 48.22555379 ], [ 16.40526656, 48.22573038 ], [ 16.4054822, 48.22584959 ], [ 16.40565803, 48.22571009 ], [ 16.40574779, 48.22564153 ], [ 16.40602968, 48.2254264 ], [ 16.40624903, 48.22523172 ], [ 16.40635862, 48.22513446 ], [ 16.40659321, 48.22488736 ], [ 16.40662136, 48.22490237 ], [ 16.4067545, 48.22497593 ], [ 16.40685228, 48.22502992 ], [ 16.40681725, 48.22505631 ], [ 16.40600874, 48.22566518 ], [ 16.40588079, 48.22570511 ], [ 16.40601329, 48.22577692 ], [ 16.40574039, 48.22599005 ], [ 16.40609908, 48.2261852 ], [ 16.40749636, 48.22691872 ], [ 16.40784185, 48.22710809 ], [ 16.40891226, 48.22768224 ], [ 16.40889148, 48.22769923 ], [ 16.40864497, 48.22788386 ], [ 16.40761052, 48.22732209 ], [ 16.40754942, 48.22732797 ], [ 16.407191, 48.22713601 ], [ 16.40719566, 48.22710183 ], [ 16.4058537, 48.22639028 ], [ 16.40584121, 48.22638366 ], [ 16.40551886, 48.22621114 ], [ 16.40520575, 48.22604356 ], [ 16.4050025, 48.22593126 ], [ 16.40454211, 48.22627346 ], [ 16.40450265, 48.22625325 ], [ 16.40352335, 48.22696321 ], [ 16.4028245, 48.22745051 ], [ 16.40107203, 48.22879177 ], [ 16.40110732, 48.22881225 ], [ 16.40108701, 48.22883043 ], [ 16.4012795, 48.22894112 ], [ 16.40135367, 48.22895196 ], [ 16.40151464, 48.22904503 ], [ 16.40146246, 48.22908454 ], [ 16.40124062, 48.22895508 ], [ 16.40102321, 48.22882894 ], [ 16.39943341, 48.23008689 ], [ 16.39633847, 48.23267518 ], [ 16.39667316, 48.23285216 ], [ 16.39676502, 48.23290077 ], [ 16.39678293, 48.23290498 ], [ 16.39680608, 48.23290659 ], [ 16.39682412, 48.23290658 ], [ 16.39684054, 48.23290316 ], [ 16.39686651, 48.23289235 ], [ 16.39728634, 48.23265794 ], [ 16.39737257, 48.23260691 ], [ 16.39745152, 48.23255587 ], [ 16.39754056, 48.2324926 ], [ 16.39762246, 48.23243114 ], [ 16.3977572, 48.2323182 ], [ 16.39780736, 48.23227411 ], [ 16.39782726, 48.232258 ], [ 16.39784703, 48.23224621 ], [ 16.39787045, 48.23224134 ], [ 16.39788579, 48.23224025 ], [ 16.39790571, 48.23223754 ], [ 16.39792509, 48.23223357 ], [ 16.39799472, 48.23226681 ], [ 16.39793678, 48.23232593 ], [ 16.39788035, 48.23230222 ], [ 16.39787064, 48.2322926 ], [ 16.39785731, 48.23228955 ], [ 16.39784399, 48.23229387 ], [ 16.39779411, 48.23233779 ], [ 16.3976591, 48.23245099 ], [ 16.39757518, 48.23251399 ], [ 16.39748466, 48.23257825 ], [ 16.39740423, 48.23263018 ], [ 16.39731747, 48.23268158 ], [ 16.39689548, 48.23291725 ], [ 16.39687651, 48.2329249 ], [ 16.39686616, 48.23294208 ], [ 16.39686039, 48.23295584 ], [ 16.39684802, 48.23296628 ], [ 16.39683524, 48.23297456 ], [ 16.39681479, 48.23297898 ], [ 16.39679513, 48.23297827 ], [ 16.39670007, 48.23306484 ], [ 16.39676752, 48.23307451 ], [ 16.3966969, 48.23312123 ], [ 16.39666187, 48.23309175 ], [ 16.39666183, 48.23306387 ], [ 16.39677615, 48.23297262 ], [ 16.39676294, 48.23296147 ], [ 16.39675283, 48.23294934 ], [ 16.39674622, 48.23293711 ], [ 16.39673894, 48.23292713 ], [ 16.39663886, 48.23287421 ] ], [ [ 16.39576421, 48.23290096 ], [ 16.3959756, 48.23272231 ], [ 16.39596707, 48.23267752 ], [ 16.39526902, 48.23230938 ], [ 16.39462637, 48.23197045 ], [ 16.39349761, 48.23291855 ], [ 16.39348578, 48.23292849 ], [ 16.39347922, 48.232934 ], [ 16.39342519, 48.23297939 ], [ 16.39339036, 48.23300864 ], [ 16.39283279, 48.23348229 ], [ 16.39419478, 48.23419297 ], [ 16.39426852, 48.23416983 ], [ 16.39547391, 48.23314629 ], [ 16.39576421, 48.23290096 ] ], [ [ 16.39626048, 48.23058133 ], [ 16.39601411, 48.2307909 ], [ 16.39596217, 48.23083508 ], [ 16.39581464, 48.23096057 ], [ 16.39540059, 48.23131277 ], [ 16.3947868, 48.23183484 ], [ 16.39549978, 48.23221251 ], [ 16.3961671, 48.23256599 ], [ 16.39667718, 48.23214107 ], [ 16.39692921, 48.23193112 ], [ 16.39765196, 48.23132901 ], [ 16.39626048, 48.23058133 ] ], [ [ 16.39702397, 48.22993812 ], [ 16.39641997, 48.23044932 ], [ 16.39781211, 48.23119375 ], [ 16.39936471, 48.22993998 ], [ 16.39943319, 48.22988609 ], [ 16.40002419, 48.22942091 ], [ 16.40031085, 48.22919528 ], [ 16.40072494, 48.22886934 ], [ 16.40085099, 48.22877013 ], [ 16.40024312, 48.22843622 ], [ 16.40023276, 48.22843053 ], [ 16.39996658, 48.22865024 ], [ 16.39970041, 48.22886995 ], [ 16.39947148, 48.22905891 ], [ 16.39943218, 48.22909135 ], [ 16.39878958, 48.22962176 ], [ 16.39866251, 48.22972462 ], [ 16.398648, 48.22971662 ], [ 16.39782312, 48.22926174 ], [ 16.39702397, 48.22993812 ] ], [ [ 16.40315337, 48.22697188 ], [ 16.40245325, 48.22658756 ], [ 16.4003999, 48.22829707 ], [ 16.40041029, 48.22830282 ], [ 16.40100466, 48.22863173 ], [ 16.40314726, 48.22697968 ], [ 16.40315337, 48.22697188 ] ], [ [ 16.40295042, 48.22495167 ], [ 16.40293928, 48.22494692 ], [ 16.40274137, 48.22509758 ], [ 16.40174768, 48.22592993 ], [ 16.40174764, 48.22600152 ], [ 16.40324401, 48.22681283 ], [ 16.40337146, 48.22680592 ], [ 16.40338307, 48.2268023 ], [ 16.40405316, 48.22628589 ], [ 16.40402922, 48.22620038 ], [ 16.40386555, 48.22609373 ], [ 16.40300639, 48.22562847 ], [ 16.40287563, 48.22547198 ], [ 16.40289776, 48.22530523 ], [ 16.40295534, 48.22518577 ], [ 16.40302873, 48.22500658 ], [ 16.40295042, 48.22495167 ] ], [ [ 16.40137709, 48.22577303 ], [ 16.40145588, 48.22570778 ], [ 16.40149399, 48.22572719 ], [ 16.40262737, 48.22478351 ], [ 16.4026192, 48.22477656 ], [ 16.40175693, 48.22431816 ], [ 16.40053317, 48.22531404 ], [ 16.40136606, 48.225768 ], [ 16.40137709, 48.22577303 ] ], [ [ 16.40429049, 48.22469854 ], [ 16.40411222, 48.22464406 ], [ 16.40391708, 48.22465209 ], [ 16.40382518, 48.22471161 ], [ 16.40379218, 48.22485145 ], [ 16.40388817, 48.22497361 ], [ 16.40456742, 48.22536855 ], [ 16.40490335, 48.22556386 ], [ 16.4052775, 48.22526111 ], [ 16.40521713, 48.22519909 ], [ 16.40429049, 48.22469854 ] ], [ [ 16.40361257, 48.22520652 ], [ 16.40348118, 48.22518185 ], [ 16.40323936, 48.22521024 ], [ 16.40310802, 48.22532975 ], [ 16.40313485, 48.22546904 ], [ 16.40322507, 48.22560631 ], [ 16.40394372, 48.22597164 ], [ 16.40416059, 48.22610551 ], [ 16.40433925, 48.2260492 ], [ 16.40448825, 48.2259465 ], [ 16.40470673, 48.22577415 ], [ 16.40406684, 48.22543405 ], [ 16.4039886, 48.22540253 ], [ 16.40361257, 48.22520652 ] ], [ [ 16.40636275, 48.22451789 ], [ 16.40645915, 48.22444075 ], [ 16.40568701, 48.22402996 ], [ 16.40562931, 48.22405707 ], [ 16.40555704, 48.22406475 ], [ 16.40549929, 48.22404941 ], [ 16.40527298, 48.2239317 ], [ 16.404621, 48.2235924 ], [ 16.40461027, 48.22358697 ], [ 16.40337582, 48.22458523 ], [ 16.40338498, 48.22459162 ], [ 16.40346268, 48.22462565 ], [ 16.40391553, 48.22449597 ], [ 16.40414555, 48.22450689 ], [ 16.40432088, 48.22457505 ], [ 16.40539956, 48.22514817 ], [ 16.40540497, 48.22514455 ], [ 16.40543129, 48.22512693 ], [ 16.40548965, 48.22513424 ], [ 16.40554986, 48.22512101 ], [ 16.40562195, 48.22508238 ], [ 16.40566006, 48.22505336 ], [ 16.4056672, 48.22504792 ], [ 16.40635523, 48.22452391 ], [ 16.40636275, 48.22451789 ] ], [ [ 16.40789488, 48.22334809 ], [ 16.40718274, 48.22292315 ], [ 16.40701993, 48.22304232 ], [ 16.4057611, 48.22398252 ], [ 16.40652234, 48.2243953 ], [ 16.40789488, 48.22334809 ] ], [ [ 16.40815749, 48.22219816 ], [ 16.40766518, 48.22256997 ], [ 16.40736022, 48.22280029 ], [ 16.408071, 48.22321839 ], [ 16.40887766, 48.22262532 ], [ 16.40879862, 48.22258687 ], [ 16.40923179, 48.22227643 ], [ 16.41051618, 48.22131288 ], [ 16.41090848, 48.22103402 ], [ 16.41218448, 48.22008107 ], [ 16.41260117, 48.21974715 ], [ 16.41182227, 48.21929118 ], [ 16.41187253, 48.21925579 ], [ 16.41125343, 48.21887426 ], [ 16.41124351, 48.21886815 ], [ 16.4096479, 48.22001068 ], [ 16.40987378, 48.22015363 ], [ 16.40971221, 48.22028116 ], [ 16.40946639, 48.22012807 ], [ 16.40802127, 48.22115403 ], [ 16.40829618, 48.22132014 ], [ 16.40806211, 48.2214836 ], [ 16.40779811, 48.22132549 ], [ 16.40641154, 48.22229621 ], [ 16.40627783, 48.22238982 ], [ 16.40627775, 48.22238987 ], [ 16.405241, 48.22312381 ], [ 16.4047712, 48.22345638 ], [ 16.40478158, 48.22346212 ], [ 16.40555529, 48.22386618 ], [ 16.40595972, 48.22357153 ], [ 16.40632663, 48.22330498 ], [ 16.40699969, 48.22281526 ], [ 16.40711432, 48.2227277 ], [ 16.40717151, 48.22268484 ], [ 16.40745266, 48.22248556 ], [ 16.40810714, 48.22202164 ], [ 16.40826608, 48.22211615 ], [ 16.40815749, 48.22219816 ] ], [ [ 16.41225429, 48.21923935 ], [ 16.41289248, 48.21963004 ], [ 16.41375146, 48.21900138 ], [ 16.41310843, 48.21861357 ], [ 16.41225429, 48.21923935 ] ], [ [ 16.41261897, 48.21797008 ], [ 16.41397208, 48.21877559 ], [ 16.41411243, 48.21867873 ], [ 16.41415176, 48.21869992 ], [ 16.41529782, 48.21785585 ], [ 16.41493724, 48.21763801 ], [ 16.41386953, 48.21699294 ], [ 16.41370232, 48.21711985 ], [ 16.41330849, 48.21741878 ], [ 16.41332268, 48.21745636 ], [ 16.41325595, 48.21750507 ], [ 16.41261897, 48.21797008 ] ], [ [ 16.40990524, 48.21806691 ], [ 16.40989272, 48.21806278 ], [ 16.40986769, 48.21806387 ], [ 16.40984159, 48.21806794 ], [ 16.40979265, 48.2180972 ], [ 16.4097866, 48.21810178 ], [ 16.4092821, 48.21848387 ], [ 16.4088654, 48.21880573 ], [ 16.40831585, 48.2192302 ], [ 16.40678824, 48.22040459 ], [ 16.40677515, 48.22041467 ], [ 16.40678018, 48.22042227 ], [ 16.40773138, 48.22097408 ], [ 16.40774151, 48.22098001 ], [ 16.4098308, 48.21948739 ], [ 16.40988611, 48.21944788 ], [ 16.40989438, 48.21944197 ], [ 16.40990086, 48.21943734 ], [ 16.41034459, 48.21912032 ], [ 16.41094033, 48.21869468 ], [ 16.40990524, 48.21806691 ] ], [ [ 16.40942246, 48.21810966 ], [ 16.40942214, 48.21807378 ], [ 16.40650077, 48.21808199 ], [ 16.40643766, 48.21808392 ], [ 16.40643276, 48.218092 ], [ 16.40642789, 48.21812323 ], [ 16.4073914, 48.21869316 ], [ 16.40811294, 48.21911049 ], [ 16.40812312, 48.21911638 ], [ 16.40942246, 48.21810966 ] ], [ [ 16.40596777, 48.21808846 ], [ 16.40595576, 48.21808502 ], [ 16.40518522, 48.21808846 ], [ 16.40514112, 48.21811708 ], [ 16.40514446, 48.21869876 ], [ 16.40691528, 48.21869606 ], [ 16.40692362, 48.21868938 ], [ 16.40693743, 48.21865144 ], [ 16.40596777, 48.21808846 ] ], [ [ 16.40489631, 48.21870044 ], [ 16.40489213, 48.21808845 ], [ 16.40371437, 48.21809284 ], [ 16.40371104, 48.21810135 ], [ 16.4037206, 48.21869448 ], [ 16.40372069, 48.21870347 ], [ 16.40489631, 48.21870044 ] ], [ [ 16.40346209, 48.2180991 ], [ 16.40345801, 48.21809092 ], [ 16.40123964, 48.21810209 ], [ 16.40124686, 48.21870742 ], [ 16.40346528, 48.21870362 ], [ 16.40346517, 48.21869463 ], [ 16.40346209, 48.2180991 ] ], [ [ 16.4009897, 48.21871179 ], [ 16.40098274, 48.21810214 ], [ 16.39926186, 48.21810526 ], [ 16.39926679, 48.21871734 ], [ 16.4009897, 48.21871179 ] ], [ [ 16.39900295, 48.21810702 ], [ 16.39899087, 48.21810395 ], [ 16.39721734, 48.21810996 ], [ 16.39717014, 48.21813958 ], [ 16.39717263, 48.21871582 ], [ 16.39717555, 48.2187244 ], [ 16.39900141, 48.21871829 ], [ 16.39900295, 48.21810702 ] ], [ [ 16.39687812, 48.21888668 ], [ 16.39690892, 48.21880575 ], [ 16.39691523, 48.21811219 ], [ 16.39606722, 48.21812605 ], [ 16.39404446, 48.21812761 ], [ 16.39394263, 48.21816076 ], [ 16.39388941, 48.21822212 ], [ 16.39388439, 48.21825343 ], [ 16.39375609, 48.21905387 ], [ 16.39375069, 48.21908751 ], [ 16.39375081, 48.21919139 ], [ 16.39382239, 48.21941969 ], [ 16.39385205, 48.21946563 ], [ 16.39392225, 48.21951597 ], [ 16.39393515, 48.21952273 ], [ 16.39394364, 48.21952717 ], [ 16.39401675, 48.21956546 ], [ 16.39426573, 48.21970374 ], [ 16.39568464, 48.22047949 ], [ 16.39572692, 48.22049691 ], [ 16.39575798, 48.22047594 ], [ 16.39625139, 48.22006056 ], [ 16.39629683, 48.22002321 ], [ 16.39664799, 48.21949144 ], [ 16.39687812, 48.21888668 ] ], [ [ 16.40301789, 48.21887714 ], [ 16.40125287, 48.21888404 ], [ 16.40125613, 48.21943379 ], [ 16.40262426, 48.21942736 ], [ 16.40347551, 48.21942334 ], [ 16.40347864, 48.21941477 ], [ 16.40346222, 48.21888439 ], [ 16.403462, 48.21887539 ], [ 16.40301789, 48.21887714 ] ], [ [ 16.40099748, 48.21943385 ], [ 16.40099462, 48.21888005 ], [ 16.39926942, 48.21889126 ], [ 16.39927131, 48.21944506 ], [ 16.40099748, 48.21943385 ] ], [ [ 16.39782889, 48.21961843 ], [ 16.39798385, 48.21889223 ], [ 16.39715018, 48.21889582 ], [ 16.39714261, 48.21890292 ], [ 16.39694251, 48.219434 ], [ 16.39694305, 48.21944272 ], [ 16.39782889, 48.21961843 ] ], [ [ 16.39901131, 48.21944161 ], [ 16.39901091, 48.21889167 ], [ 16.39820146, 48.21889265 ], [ 16.39804681, 48.21965545 ], [ 16.39881757, 48.21981008 ], [ 16.39901131, 48.21944161 ] ], [ [ 16.39873044, 48.21997785 ], [ 16.3968629, 48.2196023 ], [ 16.39685433, 48.21960889 ], [ 16.39658131, 48.22003588 ], [ 16.39657852, 48.22004456 ], [ 16.39800014, 48.22079114 ], [ 16.39853751, 48.22035009 ], [ 16.39873044, 48.21997785 ] ], [ [ 16.39784756, 48.22093457 ], [ 16.39643227, 48.22018547 ], [ 16.39642112, 48.22018986 ], [ 16.39591627, 48.22061274 ], [ 16.39593929, 48.22064275 ], [ 16.39596048, 48.22067036 ], [ 16.39729768, 48.22138497 ], [ 16.39784756, 48.22093457 ] ], [ [ 16.39531231, 48.22075118 ], [ 16.39466029, 48.22039898 ], [ 16.39462802, 48.22042445 ], [ 16.3945061, 48.22043503 ], [ 16.39447998, 48.22042048 ], [ 16.39343247, 48.21999594 ], [ 16.39337218, 48.21997129 ], [ 16.39334984, 48.21997076 ], [ 16.39333276, 48.21997571 ], [ 16.393322, 48.21998714 ], [ 16.39330155, 48.22011188 ], [ 16.39308931, 48.22106734 ], [ 16.39320891, 48.2212725 ], [ 16.39422358, 48.22182139 ], [ 16.39519471, 48.22102082 ], [ 16.39531345, 48.22092367 ], [ 16.39528086, 48.22090534 ], [ 16.39537188, 48.22082732 ], [ 16.39528933, 48.22078105 ], [ 16.39531367, 48.22075964 ], [ 16.39531231, 48.22075118 ] ], [ [ 16.39280635, 48.2203926 ], [ 16.39252264, 48.22036471 ], [ 16.39241744, 48.22083405 ], [ 16.39232216, 48.22125918 ], [ 16.39236093, 48.22151349 ], [ 16.39215903, 48.22241497 ], [ 16.3920762, 48.22278482 ], [ 16.39316446, 48.2229537 ], [ 16.39351056, 48.22300741 ], [ 16.39388228, 48.22193757 ], [ 16.39298948, 48.22145436 ], [ 16.39290505, 48.22140629 ], [ 16.39285103, 48.22136513 ], [ 16.39283017, 48.2213447 ], [ 16.39281708, 48.22133187 ], [ 16.39277867, 48.22128243 ], [ 16.39275143, 48.22123073 ], [ 16.39273522, 48.22117705 ], [ 16.3927311, 48.22110358 ], [ 16.39275073, 48.22101271 ], [ 16.39287298, 48.22044687 ], [ 16.39288307, 48.22040014 ], [ 16.39280635, 48.2203926 ] ], [ [ 16.39344965, 48.22318254 ], [ 16.39203628, 48.22296326 ], [ 16.39202651, 48.22300697 ], [ 16.39190475, 48.22350162 ], [ 16.39182619, 48.22382077 ], [ 16.39275277, 48.22395397 ], [ 16.39316108, 48.22401266 ], [ 16.39344965, 48.22318254 ] ], [ [ 16.3945382, 48.22368588 ], [ 16.39382232, 48.22330619 ], [ 16.39353722, 48.22414847 ], [ 16.39467064, 48.22474804 ], [ 16.39539764, 48.22414166 ], [ 16.394741, 48.22379343 ], [ 16.3945382, 48.22368588 ] ], [ [ 16.39477005, 48.222413 ], [ 16.39422499, 48.22211448 ], [ 16.39392665, 48.22299742 ], [ 16.39388587, 48.2231181 ], [ 16.39469375, 48.22354416 ], [ 16.39554822, 48.22283883 ], [ 16.39477005, 48.222413 ] ], [ [ 16.3963938, 48.22329938 ], [ 16.39575682, 48.22295168 ], [ 16.39491083, 48.22365412 ], [ 16.39555454, 48.22400066 ], [ 16.3963938, 48.22329938 ] ], [ [ 16.39707914, 48.22366675 ], [ 16.39660119, 48.22340557 ], [ 16.3957684, 48.22411521 ], [ 16.39624633, 48.22436129 ], [ 16.39707914, 48.22366675 ] ], [ [ 16.39704767, 48.22187317 ], [ 16.39703926, 48.22188018 ], [ 16.3959714, 48.22277017 ], [ 16.39728333, 48.22346502 ], [ 16.39833974, 48.22258849 ], [ 16.39834817, 48.2225815 ], [ 16.39704767, 48.22187317 ] ], [ [ 16.39554407, 48.22105022 ], [ 16.39551989, 48.22103715 ], [ 16.39443729, 48.22193541 ], [ 16.39576845, 48.22265697 ], [ 16.39685522, 48.22175906 ], [ 16.39684281, 48.22175235 ], [ 16.39554407, 48.22105022 ] ], [ [ 16.39850244, 48.22128234 ], [ 16.39804391, 48.22104139 ], [ 16.39750048, 48.22149368 ], [ 16.39882939, 48.22221395 ], [ 16.39939218, 48.2217576 ], [ 16.39893094, 48.22150523 ], [ 16.39885167, 48.22150042 ], [ 16.39853547, 48.22132909 ], [ 16.39850244, 48.22128234 ] ], [ [ 16.39959445, 48.22186379 ], [ 16.39942343, 48.22200282 ], [ 16.39902965, 48.22232293 ], [ 16.40039158, 48.22305602 ], [ 16.40040006, 48.22304905 ], [ 16.40096273, 48.22259179 ], [ 16.40096647, 48.22258356 ], [ 16.39959445, 48.22186379 ] ], [ [ 16.39928506, 48.22307138 ], [ 16.39859125, 48.22271132 ], [ 16.3985829, 48.22271838 ], [ 16.39753168, 48.22360761 ], [ 16.39885202, 48.22432482 ], [ 16.39942571, 48.22384499 ], [ 16.39951621, 48.2237801 ], [ 16.39992638, 48.22342572 ], [ 16.39993109, 48.22341753 ], [ 16.39928506, 48.22307138 ] ], [ [ 16.39861913, 48.22449933 ], [ 16.39729084, 48.22378014 ], [ 16.39645495, 48.22448115 ], [ 16.39780234, 48.22518532 ], [ 16.39861913, 48.22449933 ] ], [ [ 16.3960647, 48.22449588 ], [ 16.39560894, 48.22425388 ], [ 16.39488031, 48.2248586 ], [ 16.39535838, 48.22510728 ], [ 16.39607453, 48.22450142 ], [ 16.3960647, 48.22449588 ] ], [ [ 16.39333331, 48.2254292 ], [ 16.39336591, 48.22533141 ], [ 16.39374245, 48.22553079 ], [ 16.39450309, 48.22488901 ], [ 16.39346238, 48.22433834 ], [ 16.39312202, 48.2253176 ], [ 16.39310826, 48.2253591 ], [ 16.3928278, 48.22616382 ], [ 16.39361455, 48.22658018 ], [ 16.39430461, 48.22599248 ], [ 16.39361713, 48.22563652 ], [ 16.39365895, 48.22560124 ], [ 16.39333331, 48.2254292 ] ], [ [ 16.3947086, 48.22500123 ], [ 16.39399583, 48.22560809 ], [ 16.39446939, 48.22585611 ], [ 16.3951852, 48.22525432 ], [ 16.3947086, 48.22500123 ] ], [ [ 16.39708872, 48.22504684 ], [ 16.39629091, 48.2246191 ], [ 16.39467862, 48.22597233 ], [ 16.39549191, 48.2263981 ], [ 16.39723153, 48.22731764 ], [ 16.39748163, 48.22745214 ], [ 16.39767175, 48.22729168 ], [ 16.39770542, 48.22730956 ], [ 16.39910751, 48.22611918 ], [ 16.39883101, 48.22596735 ], [ 16.39708872, 48.22504684 ] ], [ [ 16.39582805, 48.2268037 ], [ 16.39451552, 48.22610794 ], [ 16.39381872, 48.22668916 ], [ 16.39512843, 48.22738646 ], [ 16.39582805, 48.2268037 ] ], [ [ 16.39347296, 48.22673381 ], [ 16.3934361, 48.2267139 ], [ 16.39329915, 48.22664215 ], [ 16.39285963, 48.22641185 ], [ 16.39276045, 48.22635766 ], [ 16.39260575, 48.22683093 ], [ 16.39241054, 48.22736902 ], [ 16.39216762, 48.22807035 ], [ 16.39215387, 48.22811005 ], [ 16.39259704, 48.22817877 ], [ 16.39252633, 48.22838241 ], [ 16.39339796, 48.22884477 ], [ 16.39496385, 48.2275236 ], [ 16.39397823, 48.22699796 ], [ 16.39363692, 48.22681913 ], [ 16.39347296, 48.22673381 ] ], [ [ 16.39308724, 48.22893265 ], [ 16.3920577, 48.22838644 ], [ 16.39182325, 48.22905436 ], [ 16.39227192, 48.22928993 ], [ 16.39227621, 48.2292947 ], [ 16.39264169, 48.22948861 ], [ 16.393214, 48.2289999 ], [ 16.39308724, 48.22893265 ] ], [ [ 16.39445716, 48.22965656 ], [ 16.3934668, 48.22913404 ], [ 16.39295098, 48.22957459 ], [ 16.39288493, 48.22963247 ], [ 16.39389882, 48.23017272 ], [ 16.39396049, 48.23020544 ], [ 16.39422152, 48.23034388 ], [ 16.39481279, 48.22984419 ], [ 16.39445716, 48.22965656 ] ], [ [ 16.39518936, 48.22980847 ], [ 16.39611168, 48.2302939 ], [ 16.39639621, 48.23004922 ], [ 16.39697636, 48.22955827 ], [ 16.39767659, 48.22896567 ], [ 16.39785475, 48.22881456 ], [ 16.39788821, 48.22878618 ], [ 16.39851427, 48.22825517 ], [ 16.39875435, 48.22805153 ], [ 16.39907496, 48.22778186 ], [ 16.3981684, 48.22729574 ], [ 16.3976148, 48.22776205 ], [ 16.39697658, 48.22829961 ], [ 16.39694535, 48.22832592 ], [ 16.39677258, 48.22847144 ], [ 16.39606032, 48.22907139 ], [ 16.39547861, 48.22956137 ], [ 16.39518936, 48.22980847 ] ], [ [ 16.39937559, 48.22794807 ], [ 16.39797627, 48.22912829 ], [ 16.39862101, 48.22949041 ], [ 16.39863355, 48.22949243 ], [ 16.4000337, 48.22833388 ], [ 16.40003056, 48.22829404 ], [ 16.40002045, 48.22828813 ], [ 16.39937559, 48.22794807 ] ], [ [ 16.40091182, 48.22663484 ], [ 16.39954096, 48.22780544 ], [ 16.40019597, 48.22817266 ], [ 16.40020633, 48.22817847 ], [ 16.40225136, 48.22647679 ], [ 16.40154359, 48.22609534 ], [ 16.40091182, 48.22663484 ] ], [ [ 16.39841123, 48.22719353 ], [ 16.39924572, 48.22763914 ], [ 16.39943019, 48.22747833 ], [ 16.40058526, 48.22649851 ], [ 16.40059622, 48.22648948 ], [ 16.40125615, 48.22592436 ], [ 16.40124549, 48.22591861 ], [ 16.40044686, 48.22549369 ], [ 16.40031012, 48.22560537 ], [ 16.40029746, 48.2255989 ], [ 16.39841123, 48.22719353 ] ], [ [ 16.39979149, 48.22513118 ], [ 16.39956281, 48.22501079 ], [ 16.39875813, 48.22569256 ], [ 16.39928513, 48.22597187 ], [ 16.40008982, 48.22529981 ], [ 16.39979149, 48.22513118 ] ], [ [ 16.39795965, 48.22527948 ], [ 16.39854992, 48.22557918 ], [ 16.39936347, 48.22488455 ], [ 16.39881798, 48.22455057 ], [ 16.39795965, 48.22527948 ] ], [ [ 16.40089301, 48.22474035 ], [ 16.39972109, 48.2239219 ], [ 16.39942611, 48.22414125 ], [ 16.39898947, 48.22446594 ], [ 16.39942682, 48.22470758 ], [ 16.39994933, 48.22499628 ], [ 16.40033048, 48.22520291 ], [ 16.40089301, 48.22474035 ] ], [ [ 16.40161702, 48.22415286 ], [ 16.400272, 48.22342427 ], [ 16.4002614, 48.22343306 ], [ 16.39982268, 48.22379693 ], [ 16.4010319, 48.22462668 ], [ 16.40161115, 48.22416074 ], [ 16.40161702, 48.22415286 ] ], [ [ 16.40059113, 48.22314989 ], [ 16.40058255, 48.22315682 ], [ 16.40189833, 48.22385682 ], [ 16.40191073, 48.22385986 ], [ 16.40195742, 48.22386524 ], [ 16.40251529, 48.22342979 ], [ 16.40252116, 48.22342191 ], [ 16.40115825, 48.22269155 ], [ 16.4011473, 48.22269613 ], [ 16.40059113, 48.22314989 ] ], [ [ 16.40262576, 48.22360508 ], [ 16.40220043, 48.22392994 ], [ 16.40227814, 48.22396803 ], [ 16.40228249, 48.22400157 ], [ 16.40305645, 48.22441814 ], [ 16.40306835, 48.2244219 ], [ 16.40432177, 48.22342167 ], [ 16.40431139, 48.22341601 ], [ 16.40355195, 48.22301707 ], [ 16.40351023, 48.2230188 ], [ 16.40344155, 48.22298197 ], [ 16.40302458, 48.22330046 ], [ 16.40294914, 48.22335808 ], [ 16.40285943, 48.2234266 ], [ 16.40262576, 48.22360508 ] ], [ [ 16.4044718, 48.22329425 ], [ 16.4044823, 48.2232999 ], [ 16.40584648, 48.22233393 ], [ 16.4059914, 48.22222106 ], [ 16.40598154, 48.22221495 ], [ 16.40520266, 48.22174967 ], [ 16.40508876, 48.22171376 ], [ 16.40365722, 48.222834 ], [ 16.40371894, 48.22288954 ], [ 16.4044718, 48.22329425 ] ], [ [ 16.40615143, 48.22209994 ], [ 16.40616149, 48.22210594 ], [ 16.40692906, 48.22156498 ], [ 16.40691903, 48.22155898 ], [ 16.40598277, 48.22101895 ], [ 16.40527039, 48.22157462 ], [ 16.40615143, 48.22209994 ] ], [ [ 16.4075527, 48.22109991 ], [ 16.40660858, 48.22054463 ], [ 16.40614261, 48.22089519 ], [ 16.40709067, 48.22143699 ], [ 16.40710089, 48.22144283 ], [ 16.4075627, 48.22110593 ], [ 16.4075527, 48.22109991 ] ], [ [ 16.40641906, 48.22042468 ], [ 16.40579105, 48.2200701 ], [ 16.4050115, 48.22070118 ], [ 16.40587447, 48.22084688 ], [ 16.40641906, 48.22042468 ] ], [ [ 16.40657515, 48.22029699 ], [ 16.40658184, 48.22030133 ], [ 16.4079602, 48.21924544 ], [ 16.40794019, 48.21923398 ], [ 16.40733919, 48.21888979 ], [ 16.40688924, 48.21923207 ], [ 16.40596502, 48.2199449 ], [ 16.40657515, 48.22029699 ] ], [ [ 16.40579923, 48.2198494 ], [ 16.40704697, 48.21888116 ], [ 16.40705858, 48.21887215 ], [ 16.40513998, 48.21887179 ], [ 16.40513989, 48.21888078 ], [ 16.40514477, 48.21923349 ], [ 16.40527146, 48.21927344 ], [ 16.40531922, 48.21926118 ], [ 16.40549787, 48.21951297 ], [ 16.40544393, 48.21952982 ], [ 16.40541726, 48.21961662 ], [ 16.40579923, 48.2198494 ] ], [ [ 16.40489897, 48.21887787 ], [ 16.40489896, 48.21886888 ], [ 16.40372307, 48.21887596 ], [ 16.40372317, 48.21888495 ], [ 16.40372904, 48.21942292 ], [ 16.40460349, 48.21941512 ], [ 16.40489932, 48.2192412 ], [ 16.40489897, 48.21887787 ] ], [ [ 16.40325381, 48.21959892 ], [ 16.40324587, 48.21959183 ], [ 16.40126227, 48.21960583 ], [ 16.40089199, 48.22030157 ], [ 16.40217686, 48.22057019 ], [ 16.40218715, 48.22056468 ], [ 16.4032793, 48.21963129 ], [ 16.40325381, 48.21959892 ] ], [ [ 16.40043329, 48.22067397 ], [ 16.40095539, 48.21967228 ], [ 16.40088426, 48.2196136 ], [ 16.39996633, 48.2196133 ], [ 16.39945322, 48.22061579 ], [ 16.39966639, 48.22072998 ], [ 16.40016547, 48.22099733 ], [ 16.40027607, 48.2209756 ], [ 16.40043329, 48.22067397 ] ], [ [ 16.3998323, 48.21961733 ], [ 16.39921056, 48.21961435 ], [ 16.39907616, 48.21986317 ], [ 16.39884804, 48.22029488 ], [ 16.39934024, 48.2205556 ], [ 16.39942147, 48.22040069 ], [ 16.3998323, 48.21961733 ] ], [ [ 16.40007321, 48.22115153 ], [ 16.39874515, 48.22045817 ], [ 16.39821129, 48.22090695 ], [ 16.3995593, 48.22161982 ], [ 16.40008283, 48.22119964 ], [ 16.40007321, 48.22115153 ] ], [ [ 16.40167486, 48.22202432 ], [ 16.40029045, 48.22128145 ], [ 16.39975417, 48.2217324 ], [ 16.40113292, 48.22246052 ], [ 16.40114336, 48.22245507 ], [ 16.40166648, 48.22203135 ], [ 16.40167486, 48.22202432 ] ], [ [ 16.40200413, 48.22072326 ], [ 16.40079973, 48.2204546 ], [ 16.40045232, 48.22115375 ], [ 16.40109536, 48.22149387 ], [ 16.4011037, 48.2214868 ], [ 16.40199845, 48.22073148 ], [ 16.40200413, 48.22072326 ] ], [ [ 16.4025666, 48.2218166 ], [ 16.4015828, 48.22127416 ], [ 16.40124724, 48.22155081 ], [ 16.40123917, 48.221558 ], [ 16.40222983, 48.22209361 ], [ 16.40223832, 48.22208663 ], [ 16.4025666, 48.2218166 ] ], [ [ 16.4027577, 48.22181955 ], [ 16.40236368, 48.22215356 ], [ 16.40235535, 48.22216062 ], [ 16.40341215, 48.22273126 ], [ 16.40341972, 48.22272389 ], [ 16.40342558, 48.2227085 ], [ 16.40341891, 48.22255346 ], [ 16.40540961, 48.22102739 ], [ 16.40545117, 48.22101181 ], [ 16.4056533, 48.22100044 ], [ 16.40566297, 48.22097163 ], [ 16.40566496, 48.22096572 ], [ 16.40461569, 48.22078919 ], [ 16.40461714, 48.22076715 ], [ 16.40471045, 48.22070037 ], [ 16.40378194, 48.22055424 ], [ 16.40373663, 48.22058754 ], [ 16.40268899, 48.22041017 ], [ 16.40262469, 48.22042883 ], [ 16.4016675, 48.22120684 ], [ 16.40194725, 48.22136407 ], [ 16.4027577, 48.22181955 ] ], [ [ 16.40323844, 48.222865 ], [ 16.40186798, 48.22212367 ], [ 16.40185963, 48.22213069 ], [ 16.40134204, 48.22256155 ], [ 16.40133709, 48.22256968 ], [ 16.4026903, 48.22328935 ], [ 16.40270182, 48.22328571 ], [ 16.40323248, 48.22287287 ], [ 16.40323844, 48.222865 ] ], [ [ 16.4045276, 48.22003766 ], [ 16.40395101, 48.22048345 ], [ 16.40397543, 48.22052939 ], [ 16.40471576, 48.22065063 ], [ 16.40478182, 48.22063701 ], [ 16.40505454, 48.22042601 ], [ 16.40563334, 48.2199782 ], [ 16.40525219, 48.21975099 ], [ 16.40487459, 48.21976938 ], [ 16.4045276, 48.22003766 ] ], [ [ 16.40467541, 48.21965574 ], [ 16.40462472, 48.21959218 ], [ 16.40367167, 48.21959482 ], [ 16.40282303, 48.22030703 ], [ 16.40283519, 48.22034228 ], [ 16.40363568, 48.22047042 ], [ 16.40467541, 48.21965574 ] ], [ [ 16.39537945, 48.22873041 ], [ 16.39540641, 48.22874489 ], [ 16.39558357, 48.22884006 ], [ 16.39545546, 48.22894739 ], [ 16.39527581, 48.22885205 ], [ 16.39437071, 48.22837169 ], [ 16.39365183, 48.22897792 ], [ 16.39453794, 48.22945348 ], [ 16.39467768, 48.22952846 ], [ 16.39472855, 48.22955576 ], [ 16.39496538, 48.22968286 ], [ 16.39597058, 48.22883764 ], [ 16.39685637, 48.2280928 ], [ 16.3974425, 48.22759991 ], [ 16.39711499, 48.22742742 ], [ 16.39611148, 48.22689888 ], [ 16.39538592, 48.2275089 ], [ 16.39639777, 48.22805651 ], [ 16.39623763, 48.22819491 ], [ 16.39591926, 48.22802875 ], [ 16.39575352, 48.22794115 ], [ 16.39521044, 48.22765648 ], [ 16.39449696, 48.22825633 ], [ 16.3946807, 48.22835504 ], [ 16.39479089, 48.22841424 ], [ 16.39481439, 48.22842686 ], [ 16.39489384, 48.22846954 ], [ 16.39537945, 48.22873041 ] ], [ [ 16.41230476, 48.21812424 ], [ 16.41229367, 48.21811931 ], [ 16.41142015, 48.21874527 ], [ 16.41143008, 48.21875134 ], [ 16.41205104, 48.21912212 ], [ 16.41291406, 48.21849023 ], [ 16.41230476, 48.21812424 ] ], [ [ 16.4111163, 48.21857127 ], [ 16.41182059, 48.21807394 ], [ 16.41029578, 48.21807565 ], [ 16.4111163, 48.21857127 ] ], [ [ 16.41469701, 48.21726828 ], [ 16.4146985, 48.21728015 ], [ 16.41544431, 48.217732 ], [ 16.41546799, 48.21773198 ], [ 16.41605243, 48.21730395 ], [ 16.41605686, 48.21729406 ], [ 16.41529919, 48.21682343 ], [ 16.4152829, 48.21682344 ], [ 16.41513787, 48.21692939 ], [ 16.41513493, 48.21694126 ], [ 16.41497819, 48.21705225 ], [ 16.4149071, 48.21711175 ], [ 16.41469701, 48.21726828 ] ], [ [ 16.41623613, 48.21567102 ], [ 16.41597871, 48.21549997 ], [ 16.41485338, 48.21630788 ], [ 16.41623846, 48.2171647 ], [ 16.41644748, 48.21701545 ], [ 16.41654239, 48.21670224 ], [ 16.41656058, 48.21654331 ], [ 16.41655421, 48.21634358 ], [ 16.41652088, 48.21619629 ], [ 16.41646482, 48.21605999 ], [ 16.41639056, 48.21590177 ], [ 16.41623613, 48.21567102 ] ], [ [ 16.41405879, 48.21498696 ], [ 16.4136853, 48.21520521 ], [ 16.41342952, 48.2153982 ], [ 16.41458692, 48.21611903 ], [ 16.41545191, 48.21550807 ], [ 16.41539676, 48.2153491 ], [ 16.41405879, 48.21498696 ] ], [ [ 16.41441662, 48.21624685 ], [ 16.41325815, 48.21553177 ], [ 16.41214914, 48.2163706 ], [ 16.41109599, 48.21716421 ], [ 16.41108963, 48.21717195 ], [ 16.41202302, 48.21773215 ], [ 16.41203761, 48.2177317 ], [ 16.41230842, 48.21772333 ], [ 16.41441662, 48.21624685 ] ], [ [ 16.41168886, 48.21773731 ], [ 16.41093324, 48.21728724 ], [ 16.41093265, 48.2172954 ], [ 16.41039949, 48.21771137 ], [ 16.41038773, 48.21772036 ], [ 16.41008869, 48.21793319 ], [ 16.4101619, 48.21799179 ], [ 16.41174878, 48.21798098 ], [ 16.41194975, 48.21789288 ], [ 16.41168886, 48.21773731 ] ], [ [ 16.40193424, 48.21775312 ], [ 16.40198742, 48.21775304 ], [ 16.40216118, 48.21775277 ], [ 16.40260435, 48.21775209 ], [ 16.40315761, 48.21775124 ], [ 16.40387569, 48.21741515 ], [ 16.40388729, 48.21740972 ], [ 16.40391504, 48.21739673 ], [ 16.40397287, 48.21736729 ], [ 16.40410922, 48.21728996 ], [ 16.40424555, 48.21719869 ], [ 16.40430337, 48.21716619 ], [ 16.4044698, 48.21704396 ], [ 16.40464965, 48.21689322 ], [ 16.40490324, 48.21664108 ], [ 16.40506607, 48.21644106 ], [ 16.40518452, 48.21626544 ], [ 16.40522411, 48.21618808 ], [ 16.40525469, 48.21611225 ], [ 16.40526605, 48.21605684 ], [ 16.40527043, 48.21600828 ], [ 16.40526687, 48.21596232 ], [ 16.40525453, 48.21589722 ], [ 16.40523387, 48.21584417 ], [ 16.40521471, 48.21580587 ], [ 16.40514973, 48.21571652 ], [ 16.40512211, 48.21568839 ], [ 16.4050957, 48.21566457 ], [ 16.40507903, 48.21567169 ], [ 16.40506352, 48.21564548 ], [ 16.40505293, 48.21565104 ], [ 16.40304362, 48.21670613 ], [ 16.4019851, 48.21724963 ], [ 16.40133926, 48.21758123 ], [ 16.40145128, 48.21775789 ], [ 16.40193424, 48.21775312 ] ], [ [ 16.40434887, 48.21728056 ], [ 16.4042214, 48.21735743 ], [ 16.40422047, 48.21736868 ], [ 16.40424472, 48.21738629 ], [ 16.40368394, 48.21767242 ], [ 16.40369971, 48.21768491 ], [ 16.40425494, 48.21768513 ], [ 16.40425563, 48.21769942 ], [ 16.40425981, 48.21770491 ], [ 16.40426748, 48.21770733 ], [ 16.40479943, 48.21770621 ], [ 16.40481423, 48.21770224 ], [ 16.4048266, 48.21769585 ], [ 16.4048344, 48.21768757 ], [ 16.40483869, 48.21767839 ], [ 16.40479792, 48.21707497 ], [ 16.40468457, 48.21704545 ], [ 16.40434887, 48.21728056 ] ], [ [ 16.40552435, 48.2176984 ], [ 16.40570273, 48.21769829 ], [ 16.40578878, 48.21769824 ], [ 16.40618111, 48.21754808 ], [ 16.40604475, 48.21713618 ], [ 16.40593167, 48.2167946 ], [ 16.40583065, 48.21674683 ], [ 16.4055291, 48.21660423 ], [ 16.4054512, 48.21664498 ], [ 16.40522234, 48.21657551 ], [ 16.4051325, 48.21670668 ], [ 16.40508442, 48.21678036 ], [ 16.40506258, 48.21685268 ], [ 16.40504059, 48.2169116 ], [ 16.40502871, 48.21698517 ], [ 16.40504502, 48.21720343 ], [ 16.40509912, 48.217206 ], [ 16.40509935, 48.21721633 ], [ 16.40510971, 48.21767589 ], [ 16.4054682, 48.21767703 ], [ 16.40552027, 48.2176716 ], [ 16.40552435, 48.2176984 ] ], [ [ 16.40418807, 48.21588871 ], [ 16.40490711, 48.21551638 ], [ 16.40490139, 48.21550841 ], [ 16.40445611, 48.21514947 ], [ 16.40438779, 48.21507953 ], [ 16.40428705, 48.21501215 ], [ 16.40427495, 48.21501944 ], [ 16.40425987, 48.21501054 ], [ 16.40413409, 48.21493444 ], [ 16.4030856, 48.21546503 ], [ 16.40253237, 48.2156418 ], [ 16.40221931, 48.21580152 ], [ 16.40184678, 48.21607665 ], [ 16.40157454, 48.21637709 ], [ 16.40121138, 48.21703938 ], [ 16.40103823, 48.2174993 ], [ 16.40103798, 48.21751171 ], [ 16.4010505, 48.2175189 ], [ 16.40106987, 48.21751529 ], [ 16.40202568, 48.21700839 ], [ 16.40352046, 48.21623441 ], [ 16.40418807, 48.21588871 ] ], [ [ 16.40493437, 48.21517004 ], [ 16.40512245, 48.21533891 ], [ 16.40518127, 48.21535192 ], [ 16.40568378, 48.21509072 ], [ 16.40571953, 48.21506075 ], [ 16.40573524, 48.21503322 ], [ 16.40573937, 48.21500246 ], [ 16.40573528, 48.21496101 ], [ 16.40571676, 48.21489896 ], [ 16.40569369, 48.2148586 ], [ 16.40560366, 48.21475388 ], [ 16.40514874, 48.21437239 ], [ 16.4044526, 48.21473928 ], [ 16.40443667, 48.21479523 ], [ 16.40455465, 48.21487988 ], [ 16.40493437, 48.21517004 ] ], [ [ 16.40449255, 48.21371718 ], [ 16.40410837, 48.21340202 ], [ 16.40355197, 48.21359939 ], [ 16.4033673, 48.21366218 ], [ 16.40329291, 48.21367508 ], [ 16.40327371, 48.21371008 ], [ 16.40331521, 48.21374881 ], [ 16.40365467, 48.21403864 ], [ 16.40383331, 48.21419601 ], [ 16.40430292, 48.21459701 ], [ 16.4050617, 48.21418881 ], [ 16.40461795, 48.21381243 ], [ 16.40449255, 48.21371718 ] ], [ [ 16.40306943, 48.21255843 ], [ 16.40295514, 48.21262289 ], [ 16.4029569, 48.21265182 ], [ 16.40295838, 48.21267629 ], [ 16.40295885, 48.21268404 ], [ 16.40311777, 48.21299835 ], [ 16.40303095, 48.21302563 ], [ 16.40293539, 48.21305566 ], [ 16.40290045, 48.21309228 ], [ 16.40292582, 48.21315036 ], [ 16.40287702, 48.21318133 ], [ 16.40283965, 48.21321462 ], [ 16.40282894, 48.21325573 ], [ 16.40283801, 48.21329736 ], [ 16.40300299, 48.21340887 ], [ 16.40301901, 48.21341237 ], [ 16.40301188, 48.2135202 ], [ 16.40315881, 48.21351382 ], [ 16.40331703, 48.21349988 ], [ 16.40345263, 48.21347255 ], [ 16.40362225, 48.21342623 ], [ 16.40383111, 48.21334759 ], [ 16.40390705, 48.21331475 ], [ 16.40407143, 48.21324367 ], [ 16.40458113, 48.21293517 ], [ 16.40468331, 48.21286951 ], [ 16.40481774, 48.21278313 ], [ 16.40497407, 48.2126637 ], [ 16.40508569, 48.21256096 ], [ 16.40516746, 48.2124857 ], [ 16.4052274, 48.21241468 ], [ 16.40529361, 48.21233624 ], [ 16.40539404, 48.2121761 ], [ 16.40545199, 48.21206364 ], [ 16.40552341, 48.21192503 ], [ 16.40562416, 48.21170319 ], [ 16.40581211, 48.21119181 ], [ 16.40581929, 48.21117 ], [ 16.40585419, 48.21106408 ], [ 16.40580456, 48.21097958 ], [ 16.40569595, 48.21088582 ], [ 16.40557636, 48.21078259 ], [ 16.40558979, 48.21076567 ], [ 16.4055616, 48.21071056 ], [ 16.40554027, 48.210663 ], [ 16.4055289, 48.2106121 ], [ 16.40553156, 48.21058553 ], [ 16.40553501, 48.21055113 ], [ 16.4055732, 48.21043347 ], [ 16.40555192, 48.21042287 ], [ 16.40250537, 48.21202844 ], [ 16.40253031, 48.21205048 ], [ 16.4025571, 48.21207571 ], [ 16.40256603, 48.21208413 ], [ 16.40260606, 48.21212185 ], [ 16.40305614, 48.21254591 ], [ 16.40306943, 48.21255843 ] ], [ [ 16.40516643, 48.21271943 ], [ 16.40497556, 48.2128673 ], [ 16.40469579, 48.21305129 ], [ 16.40460914, 48.21310025 ], [ 16.40429512, 48.21328652 ], [ 16.40419159, 48.21334477 ], [ 16.40418959, 48.21335763 ], [ 16.40456194, 48.21367271 ], [ 16.40461931, 48.21371998 ], [ 16.40513418, 48.21415162 ], [ 16.40515222, 48.21416204 ], [ 16.40517053, 48.21417021 ], [ 16.40519933, 48.21417433 ], [ 16.4052327, 48.21417135 ], [ 16.40528784, 48.21415063 ], [ 16.40537095, 48.214112 ], [ 16.40690476, 48.2133033 ], [ 16.40818547, 48.21262801 ], [ 16.40823651, 48.21259475 ], [ 16.40830525, 48.21254996 ], [ 16.40837487, 48.21249515 ], [ 16.4084238, 48.21244897 ], [ 16.4084379, 48.21243566 ], [ 16.4090528, 48.21176465 ], [ 16.40913691, 48.21167808 ], [ 16.40917764, 48.21164613 ], [ 16.40922065, 48.21161768 ], [ 16.40897726, 48.21162467 ], [ 16.40893944, 48.21162155 ], [ 16.4088918, 48.21161205 ], [ 16.40883983, 48.21159418 ], [ 16.40879244, 48.21157065 ], [ 16.40874773, 48.21154136 ], [ 16.40869734, 48.21149526 ], [ 16.40867833, 48.21147243 ], [ 16.40866188, 48.21144546 ], [ 16.40864662, 48.21140599 ], [ 16.40863997, 48.21136651 ], [ 16.40864219, 48.21132172 ], [ 16.40861121, 48.21128858 ], [ 16.40685324, 48.20979894 ], [ 16.40682474, 48.20981559 ], [ 16.40677048, 48.20978721 ], [ 16.40605889, 48.21015914 ], [ 16.40602077, 48.21017906 ], [ 16.40580322, 48.21029277 ], [ 16.40580794, 48.21029699 ], [ 16.40579194, 48.21030698 ], [ 16.40577308, 48.21038856 ], [ 16.40575648, 48.21045099 ], [ 16.40574623, 48.21053553 ], [ 16.4057459, 48.21059237 ], [ 16.40575256, 48.21063661 ], [ 16.40577321, 48.21068741 ], [ 16.40579087, 48.21072004 ], [ 16.40582635, 48.21077884 ], [ 16.40597014, 48.21093462 ], [ 16.40604385, 48.21102656 ], [ 16.40606208, 48.21107088 ], [ 16.40606484, 48.21112331 ], [ 16.40604336, 48.21125168 ], [ 16.4060261, 48.21132604 ], [ 16.40599683, 48.21140459 ], [ 16.40597694, 48.21145798 ], [ 16.4059689, 48.21147634 ], [ 16.40590727, 48.21161534 ], [ 16.40578142, 48.21187687 ], [ 16.40568601, 48.21207044 ], [ 16.40556156, 48.21228284 ], [ 16.40546448, 48.21242796 ], [ 16.40537245, 48.21254377 ], [ 16.40529535, 48.21263068 ], [ 16.40516643, 48.21271943 ] ], [ [ 16.40931097, 48.21126186 ], [ 16.40936259, 48.21132433 ], [ 16.40938608, 48.21137935 ], [ 16.40942195, 48.21152825 ], [ 16.40961298, 48.21148246 ], [ 16.41020587, 48.21135301 ], [ 16.41026949, 48.21133625 ], [ 16.41030096, 48.21132336 ], [ 16.41032878, 48.21130302 ], [ 16.4103449, 48.21128098 ], [ 16.41035065, 48.21126092 ], [ 16.41034643, 48.21122603 ], [ 16.41033266, 48.21119258 ], [ 16.41032295, 48.2111755 ], [ 16.41029073, 48.2111355 ], [ 16.41003316, 48.21091776 ], [ 16.41001687, 48.21091139 ], [ 16.40999843, 48.21090843 ], [ 16.40997932, 48.21090943 ], [ 16.40996143, 48.2109143 ], [ 16.40994624, 48.21092366 ], [ 16.40931097, 48.21126186 ] ], [ [ 16.4104262, 48.21111572 ], [ 16.41049594, 48.2111458 ], [ 16.41075109, 48.21135977 ], [ 16.4108911, 48.21141022 ], [ 16.41120904, 48.21168044 ], [ 16.41150791, 48.21151791 ], [ 16.41160824, 48.2114807 ], [ 16.41163045, 48.21147596 ], [ 16.41164375, 48.21147313 ], [ 16.41176136, 48.21141245 ], [ 16.41177987, 48.21140319 ], [ 16.41183026, 48.21139458 ], [ 16.41187746, 48.21137908 ], [ 16.41194052, 48.21134981 ], [ 16.41199116, 48.21129267 ], [ 16.41200095, 48.21126533 ], [ 16.41200265, 48.21123682 ], [ 16.41199265, 48.21120832 ], [ 16.41198353, 48.21113611 ], [ 16.41197898, 48.21105877 ], [ 16.41198328, 48.21096245 ], [ 16.41199715, 48.21087862 ], [ 16.41201965, 48.21081224 ], [ 16.41203881, 48.21075476 ], [ 16.41203878, 48.21073767 ], [ 16.41203419, 48.21072553 ], [ 16.41202745, 48.21071654 ], [ 16.41200711, 48.21070181 ], [ 16.41199109, 48.21069588 ], [ 16.41195084, 48.21068422 ], [ 16.41187208, 48.21065306 ], [ 16.41182158, 48.21062009 ], [ 16.4114259, 48.21027942 ], [ 16.41138766, 48.21025741 ], [ 16.41135429, 48.21025366 ], [ 16.41132078, 48.21025413 ], [ 16.4112877, 48.21026539 ], [ 16.4107651, 48.21053966 ], [ 16.41065726, 48.21058605 ], [ 16.41012914, 48.21086041 ], [ 16.4104262, 48.21111572 ] ], [ [ 16.41214257, 48.21158566 ], [ 16.41196837, 48.21143703 ], [ 16.41131857, 48.21177623 ], [ 16.41149788, 48.21192576 ], [ 16.41214257, 48.21158566 ] ], [ [ 16.41196695, 48.21183993 ], [ 16.41213225, 48.21198092 ], [ 16.41220526, 48.21194265 ], [ 16.41234456, 48.21206145 ], [ 16.41240251, 48.2120311 ], [ 16.41265404, 48.21224579 ], [ 16.41272719, 48.21220752 ], [ 16.41286649, 48.21232622 ], [ 16.41304168, 48.21223446 ], [ 16.41290318, 48.21211639 ], [ 16.41283004, 48.21215475 ], [ 16.41261084, 48.21196765 ], [ 16.41255289, 48.211998 ], [ 16.41238125, 48.21185161 ], [ 16.41230825, 48.21188988 ], [ 16.41214213, 48.21174817 ], [ 16.41196695, 48.21183993 ] ], [ [ 16.41261625, 48.21287857 ], [ 16.41327652, 48.21253297 ], [ 16.41310852, 48.21238946 ], [ 16.41266308, 48.21261981 ], [ 16.41206988, 48.21211505 ], [ 16.41185696, 48.21223297 ], [ 16.41261625, 48.21287857 ] ], [ [ 16.41348602, 48.21242296 ], [ 16.41367517, 48.21232388 ], [ 16.41350825, 48.21218757 ], [ 16.41342502, 48.21223106 ], [ 16.41333219, 48.21214605 ], [ 16.41314262, 48.21224744 ], [ 16.41331695, 48.21239607 ], [ 16.41340058, 48.21235222 ], [ 16.41348602, 48.21242296 ] ], [ [ 16.41170275, 48.21046025 ], [ 16.4118139, 48.21055642 ], [ 16.41185598, 48.21059282 ], [ 16.41189168, 48.21061735 ], [ 16.41196868, 48.21064266 ], [ 16.41208833, 48.21066767 ], [ 16.4121505, 48.2105848 ], [ 16.41219537, 48.21053441 ], [ 16.41223984, 48.21049085 ], [ 16.41228257, 48.21045359 ], [ 16.41231657, 48.21042668 ], [ 16.4123952, 48.2103715 ], [ 16.41244844, 48.21034197 ], [ 16.4134241, 48.20982987 ], [ 16.41345711, 48.20985836 ], [ 16.4124715, 48.21037559 ], [ 16.41240859, 48.21041322 ], [ 16.41236262, 48.21044617 ], [ 16.41232445, 48.21047623 ], [ 16.41228347, 48.21051196 ], [ 16.41221858, 48.21057774 ], [ 16.41218164, 48.21062201 ], [ 16.41213826, 48.21067969 ], [ 16.41210874, 48.21073142 ], [ 16.41209117, 48.21076893 ], [ 16.41205003, 48.2108856 ], [ 16.4120371, 48.21096421 ], [ 16.4120328, 48.21105801 ], [ 16.41203735, 48.21113436 ], [ 16.4120462, 48.21120459 ], [ 16.4120638, 48.21127779 ], [ 16.4120857, 48.21134459 ], [ 16.41214709, 48.21145868 ], [ 16.41220871, 48.21154668 ], [ 16.41225239, 48.21160196 ], [ 16.41235305, 48.21170414 ], [ 16.4124398, 48.21176785 ], [ 16.41258107, 48.21185319 ], [ 16.41269998, 48.21192074 ], [ 16.41282264, 48.21197633 ], [ 16.41296293, 48.21203181 ], [ 16.41309768, 48.21206949 ], [ 16.41326888, 48.21210157 ], [ 16.41339095, 48.21211903 ], [ 16.41353809, 48.21212781 ], [ 16.41376811, 48.21212309 ], [ 16.41389874, 48.21210852 ], [ 16.41398698, 48.21209326 ], [ 16.41410414, 48.21206576 ], [ 16.41427603, 48.21202076 ], [ 16.41538091, 48.21144642 ], [ 16.41705132, 48.21054908 ], [ 16.41730155, 48.21036113 ], [ 16.41801542, 48.20998542 ], [ 16.4186868, 48.20963835 ], [ 16.4187911, 48.20957523 ], [ 16.41925588, 48.20927128 ], [ 16.41910039, 48.20913272 ], [ 16.41874698, 48.20882541 ], [ 16.41776252, 48.20807625 ], [ 16.41733066, 48.20779891 ], [ 16.41740628, 48.20775392 ], [ 16.41810543, 48.20737328 ], [ 16.41849578, 48.20698063 ], [ 16.4168254, 48.20488945 ], [ 16.41650665, 48.2046824 ], [ 16.41649694, 48.2046761 ], [ 16.41634123, 48.20465111 ], [ 16.41576883, 48.20494055 ], [ 16.41576009, 48.20502878 ], [ 16.41561945, 48.20516935 ], [ 16.4154632, 48.20522224 ], [ 16.41522531, 48.20528905 ], [ 16.41479259, 48.20631412 ], [ 16.41461088, 48.20660941 ], [ 16.41442691, 48.2068429 ], [ 16.41406816, 48.20724407 ], [ 16.41345497, 48.20790287 ], [ 16.41330794, 48.20809705 ], [ 16.41322853, 48.20825763 ], [ 16.41321512, 48.20829064 ], [ 16.4131988, 48.20835478 ], [ 16.41315019, 48.20859322 ], [ 16.41319259, 48.2087834 ], [ 16.41310965, 48.20883516 ], [ 16.41306663, 48.20859094 ], [ 16.41310756, 48.20834 ], [ 16.41314979, 48.20823889 ], [ 16.41323942, 48.20807632 ], [ 16.41337703, 48.20787586 ], [ 16.41399641, 48.20721417 ], [ 16.41436027, 48.20681345 ], [ 16.41453953, 48.20658553 ], [ 16.41470727, 48.20629934 ], [ 16.41500189, 48.20558067 ], [ 16.41498811, 48.20554534 ], [ 16.41470021, 48.20563826 ], [ 16.41428768, 48.20579142 ], [ 16.40855733, 48.20877472 ], [ 16.40861419, 48.20882684 ], [ 16.40806658, 48.2091147 ], [ 16.41004792, 48.21079599 ], [ 16.41055797, 48.21050077 ], [ 16.4105965, 48.21053411 ], [ 16.41061961, 48.21054067 ], [ 16.41064927, 48.21054909 ], [ 16.41066595, 48.21054035 ], [ 16.41124366, 48.21023745 ], [ 16.41128078, 48.21022349 ], [ 16.41132638, 48.2102168 ], [ 16.41137334, 48.21021677 ], [ 16.41141614, 48.21022718 ], [ 16.41145317, 48.21024433 ], [ 16.41170275, 48.21046025 ] ], [ [ 16.41875484, 48.20719572 ], [ 16.41874946, 48.20718747 ], [ 16.41871858, 48.20731564 ], [ 16.41851029, 48.20772427 ], [ 16.4185151, 48.2079517 ], [ 16.41861582, 48.20817331 ], [ 16.41893918, 48.20845304 ], [ 16.41975667, 48.20915124 ], [ 16.41976496, 48.20915832 ], [ 16.42021434, 48.20989552 ], [ 16.4202386, 48.20992401 ], [ 16.42030663, 48.20989231 ], [ 16.42032033, 48.20987476 ], [ 16.42034925, 48.20979056 ], [ 16.4203906, 48.20965132 ], [ 16.41996984, 48.20905897 ], [ 16.41996447, 48.20905074 ], [ 16.41906339, 48.20766892 ], [ 16.41875484, 48.20719572 ] ], [ [ 16.41931449, 48.20724642 ], [ 16.41947691, 48.20751052 ], [ 16.4196911, 48.20775723 ], [ 16.41988577, 48.20791734 ], [ 16.42010638, 48.20805586 ], [ 16.42030741, 48.20815095 ], [ 16.42052794, 48.20823748 ], [ 16.42071585, 48.20828924 ], [ 16.4210141, 48.20834972 ], [ 16.42124742, 48.2083625 ], [ 16.42146119, 48.20834939 ], [ 16.42169445, 48.20832323 ], [ 16.42193413, 48.20827538 ], [ 16.42244804, 48.20801006 ], [ 16.42255882, 48.2077989 ], [ 16.42263869, 48.20760963 ], [ 16.42259144, 48.20711602 ], [ 16.42242171, 48.20683287 ], [ 16.42216726, 48.20656803 ], [ 16.42189435, 48.20637101 ], [ 16.42155483, 48.20616181 ], [ 16.42123062, 48.20601915 ], [ 16.42086109, 48.20596744 ], [ 16.42042047, 48.20595913 ], [ 16.42010305, 48.20601566 ], [ 16.41976624, 48.20614586 ], [ 16.41948792, 48.20633663 ], [ 16.41931337, 48.20655331 ], [ 16.41922309, 48.20688693 ], [ 16.41931449, 48.20724642 ] ], [ [ 16.41809118, 48.20383003 ], [ 16.4180812, 48.20382403 ], [ 16.41684707, 48.20446891 ], [ 16.41685393, 48.20447685 ], [ 16.41811902, 48.20594182 ], [ 16.41986365, 48.20499312 ], [ 16.41809118, 48.20383003 ] ], [ [ 16.41671678, 48.20407472 ], [ 16.41705251, 48.20387314 ], [ 16.42538695, 48.19945157 ], [ 16.42537959, 48.19944417 ], [ 16.4246742, 48.19895156 ], [ 16.42405967, 48.19853348 ], [ 16.42363088, 48.19825286 ], [ 16.42307479, 48.1978592 ], [ 16.42282855, 48.19765524 ], [ 16.42280012, 48.19766348 ], [ 16.42199535, 48.19789679 ], [ 16.42138265, 48.19807343 ], [ 16.42113622, 48.1981585 ], [ 16.42092962, 48.19825156 ], [ 16.42080984, 48.19837809 ], [ 16.42026241, 48.1986652 ], [ 16.4200305, 48.19876255 ], [ 16.41964401, 48.19892478 ], [ 16.41875237, 48.19929906 ], [ 16.41875202, 48.19941021 ], [ 16.41866756, 48.19950767 ], [ 16.41849305, 48.19957084 ], [ 16.41828802, 48.19956172 ], [ 16.41812076, 48.19961436 ], [ 16.4178668, 48.19987885 ], [ 16.41779773, 48.20009114 ], [ 16.41774444, 48.20050361 ], [ 16.41767816, 48.20070259 ], [ 16.41747949, 48.200887 ], [ 16.41674616, 48.20111873 ], [ 16.41621373, 48.20129513 ], [ 16.41600544, 48.20136413 ], [ 16.41584379, 48.20145332 ], [ 16.41583366, 48.20145922 ], [ 16.41584304, 48.20160796 ], [ 16.41595199, 48.20229047 ], [ 16.41598876, 48.20327368 ], [ 16.41607223, 48.20356887 ], [ 16.41617963, 48.20376961 ], [ 16.41621761, 48.20381276 ], [ 16.41632653, 48.20393651 ], [ 16.41657495, 48.20415667 ], [ 16.41671678, 48.20407472 ] ], [ [ 16.42401194, 48.1980004 ], [ 16.42582255, 48.19924335 ], [ 16.42583415, 48.19924716 ], [ 16.42756883, 48.19836311 ], [ 16.42824804, 48.1980014 ], [ 16.42876813, 48.19772804 ], [ 16.4293698, 48.19741387 ], [ 16.43003218, 48.19706358 ], [ 16.43002479, 48.19705353 ], [ 16.42997339, 48.19698368 ], [ 16.42980046, 48.19694164 ], [ 16.42959148, 48.19689667 ], [ 16.42939636, 48.19681261 ], [ 16.42935414, 48.19679442 ], [ 16.42863278, 48.19636936 ], [ 16.42839063, 48.19627575 ], [ 16.42814611, 48.19621695 ], [ 16.42786424, 48.19618085 ], [ 16.42762037, 48.19618203 ], [ 16.42747161, 48.19619755 ], [ 16.42730164, 48.19621529 ], [ 16.42710949, 48.19625591 ], [ 16.42669384, 48.19640642 ], [ 16.42396775, 48.19732558 ], [ 16.42328405, 48.19751352 ], [ 16.42347903, 48.19763073 ], [ 16.42352256, 48.19767657 ], [ 16.42401194, 48.1980004 ] ], [ [ 16.42271843, 48.19760595 ], [ 16.42106084, 48.19649823 ], [ 16.42053267, 48.19613007 ], [ 16.41997419, 48.19573001 ], [ 16.41959957, 48.1954756 ], [ 16.41931976, 48.19529234 ], [ 16.41911563, 48.19516406 ], [ 16.41885737, 48.19508286 ], [ 16.41848638, 48.19499651 ], [ 16.41816714, 48.19494834 ], [ 16.41782071, 48.19492578 ], [ 16.41728051, 48.1949224 ], [ 16.41673603, 48.19491898 ], [ 16.4166557, 48.19491747 ], [ 16.41633855, 48.19491152 ], [ 16.41598786, 48.19490493 ], [ 16.41551796, 48.19487302 ], [ 16.41515502, 48.19484481 ], [ 16.41502036, 48.19484887 ], [ 16.41490053, 48.19484264 ], [ 16.41475581, 48.19485363 ], [ 16.41468534, 48.19485898 ], [ 16.41424017, 48.19498375 ], [ 16.4137837, 48.19519818 ], [ 16.41323312, 48.19553895 ], [ 16.41272208, 48.1958813 ], [ 16.41273623, 48.19589541 ], [ 16.41278193, 48.19592586 ], [ 16.41324093, 48.19578177 ], [ 16.41387446, 48.19538905 ], [ 16.41395459, 48.19535976 ], [ 16.41437694, 48.19510363 ], [ 16.41441499, 48.19509663 ], [ 16.4146429, 48.19505472 ], [ 16.4149415, 48.19505 ], [ 16.41488791, 48.19509096 ], [ 16.41478664, 48.19516836 ], [ 16.41478376, 48.19517056 ], [ 16.41463273, 48.19514454 ], [ 16.41445502, 48.19514314 ], [ 16.41444433, 48.19514306 ], [ 16.41307193, 48.19595616 ], [ 16.41290992, 48.19601113 ], [ 16.41224206, 48.19646241 ], [ 16.41159834, 48.19696393 ], [ 16.41195051, 48.19715139 ], [ 16.41216898, 48.19729739 ], [ 16.41256195, 48.1975582 ], [ 16.41259447, 48.19753381 ], [ 16.41307027, 48.19781669 ], [ 16.413282, 48.19799371 ], [ 16.41343732, 48.198142 ], [ 16.41403196, 48.1987186 ], [ 16.41421797, 48.19893463 ], [ 16.414242, 48.19896254 ], [ 16.41435165, 48.19908988 ], [ 16.41436898, 48.19911001 ], [ 16.41460953, 48.19938937 ], [ 16.41469985, 48.1995136 ], [ 16.41484377, 48.19971156 ], [ 16.41493347, 48.19983495 ], [ 16.41506708, 48.20002812 ], [ 16.41507648, 48.20004173 ], [ 16.41507839, 48.2000445 ], [ 16.41513961, 48.2001332 ], [ 16.41530698, 48.20040882 ], [ 16.41539032, 48.20056126 ], [ 16.41552153, 48.20080128 ], [ 16.41561389, 48.20097023 ], [ 16.41576888, 48.20141313 ], [ 16.41578079, 48.20140772 ], [ 16.41598691, 48.20129967 ], [ 16.41672911, 48.2010584 ], [ 16.41739127, 48.2008153 ], [ 16.41754976, 48.20065942 ], [ 16.41765351, 48.20008603 ], [ 16.41772509, 48.19983911 ], [ 16.41802901, 48.19952305 ], [ 16.41831184, 48.19934351 ], [ 16.41848229, 48.19923531 ], [ 16.41886178, 48.19908326 ], [ 16.41939187, 48.19887088 ], [ 16.41939206, 48.19885702 ], [ 16.4193956, 48.19859883 ], [ 16.41933648, 48.19829239 ], [ 16.41930932, 48.19815157 ], [ 16.4193095, 48.1981458 ], [ 16.41931349, 48.19802152 ], [ 16.41931492, 48.19797676 ], [ 16.41931559, 48.19795587 ], [ 16.41941608, 48.19770731 ], [ 16.41976489, 48.19730066 ], [ 16.41981302, 48.19711581 ], [ 16.41984227, 48.19690894 ], [ 16.41982556, 48.19672244 ], [ 16.4197417, 48.19662657 ], [ 16.41971552, 48.19659648 ], [ 16.41968015, 48.19655581 ], [ 16.41947789, 48.19639739 ], [ 16.41947421, 48.19639398 ], [ 16.41953709, 48.19637107 ], [ 16.4195585, 48.19636369 ], [ 16.41961093, 48.1963456 ], [ 16.41979901, 48.19652478 ], [ 16.41993892, 48.19670401 ], [ 16.41995434, 48.19691875 ], [ 16.41993329, 48.19712975 ], [ 16.41989055, 48.19731621 ], [ 16.41952374, 48.19773781 ], [ 16.41942781, 48.19797737 ], [ 16.41942953, 48.1981218 ], [ 16.41952471, 48.19858524 ], [ 16.41952362, 48.19882168 ], [ 16.42017063, 48.19856112 ], [ 16.42088149, 48.19818675 ], [ 16.42132737, 48.19799612 ], [ 16.42195215, 48.19780186 ], [ 16.42271843, 48.19760595 ] ], [ [ 16.41881947, 48.19489708 ], [ 16.41740244, 48.19392854 ], [ 16.41746403, 48.19409298 ], [ 16.41748995, 48.19431842 ], [ 16.41733789, 48.19453473 ], [ 16.41709356, 48.19466503 ], [ 16.41686781, 48.1947232 ], [ 16.41686582, 48.19474307 ], [ 16.41796978, 48.1947699 ], [ 16.41828875, 48.19479782 ], [ 16.41880544, 48.19490708 ], [ 16.41881947, 48.19489708 ] ], [ [ 16.41890554, 48.19401542 ], [ 16.41886229, 48.19373273 ], [ 16.41882471, 48.19348717 ], [ 16.41874994, 48.19299863 ], [ 16.41871838, 48.19279238 ], [ 16.41871246, 48.19271262 ], [ 16.41871664, 48.19263248 ], [ 16.41868569, 48.19262684 ], [ 16.41861805, 48.19271475 ], [ 16.41851261, 48.1928071 ], [ 16.41826519, 48.19293453 ], [ 16.41819582, 48.19295652 ], [ 16.41832545, 48.19301677 ], [ 16.41850553, 48.19309093 ], [ 16.41863023, 48.19318032 ], [ 16.41870846, 48.19331876 ], [ 16.41873248, 48.19344762 ], [ 16.4187221, 48.19351975 ], [ 16.41868751, 48.19358768 ], [ 16.41862695, 48.19365184 ], [ 16.41847079, 48.19373613 ], [ 16.41841768, 48.19374993 ], [ 16.41838218, 48.19375304 ], [ 16.41831301, 48.19375912 ], [ 16.41811401, 48.19377658 ], [ 16.41787992, 48.19374662 ], [ 16.41914965, 48.19465808 ], [ 16.4190637, 48.19449365 ], [ 16.4189642, 48.19426125 ], [ 16.41890554, 48.19401542 ] ], [ [ 16.41849571, 48.19319727 ], [ 16.4184248, 48.1931588 ], [ 16.41820733, 48.19317361 ], [ 16.41819417, 48.1930988 ], [ 16.41823195, 48.19309373 ], [ 16.41823151, 48.19307044 ], [ 16.41807429, 48.19299321 ], [ 16.41772788, 48.19308116 ], [ 16.41758453, 48.19311568 ], [ 16.41741561, 48.19315853 ], [ 16.41730901, 48.19319493 ], [ 16.41717325, 48.19325528 ], [ 16.41731908, 48.1933551 ], [ 16.41731075, 48.19336059 ], [ 16.41737579, 48.19340587 ], [ 16.41757476, 48.19351445 ], [ 16.41769402, 48.19357076 ], [ 16.41787088, 48.19364366 ], [ 16.41795405, 48.19367382 ], [ 16.41811336, 48.19370608 ], [ 16.41820832, 48.19370979 ], [ 16.41828929, 48.19370442 ], [ 16.41839014, 48.19368484 ], [ 16.41842495, 48.19367366 ], [ 16.41848718, 48.19364241 ], [ 16.41858991, 48.19353478 ], [ 16.41861272, 48.19341641 ], [ 16.41857499, 48.19329521 ], [ 16.41849571, 48.19319727 ] ], [ [ 16.41691058, 48.19359855 ], [ 16.41674387, 48.19348446 ], [ 16.41664394, 48.19354696 ], [ 16.41647486, 48.19365777 ], [ 16.41630989, 48.19379036 ], [ 16.41616565, 48.19393156 ], [ 16.41607493, 48.19406185 ], [ 16.41604961, 48.19413174 ], [ 16.41603828, 48.19419938 ], [ 16.41604512, 48.19426745 ], [ 16.41606862, 48.19433444 ], [ 16.41615033, 48.19445975 ], [ 16.41621148, 48.19451402 ], [ 16.41630465, 48.19457169 ], [ 16.41636845, 48.19460007 ], [ 16.41648916, 48.19463461 ], [ 16.41664616, 48.1946523 ], [ 16.41678134, 48.19465068 ], [ 16.41695642, 48.19462079 ], [ 16.41706424, 48.19457989 ], [ 16.417179, 48.19451334 ], [ 16.41728551, 48.19441245 ], [ 16.41735177, 48.19429792 ], [ 16.41736049, 48.19419899 ], [ 16.41733609, 48.19407364 ], [ 16.41721655, 48.1938462 ], [ 16.41691058, 48.19359855 ] ], [ [ 16.41610227, 48.19387219 ], [ 16.41609922, 48.1938558 ], [ 16.41494468, 48.19451571 ], [ 16.41506743, 48.19455198 ], [ 16.41524006, 48.19460301 ], [ 16.4157185, 48.1946811 ], [ 16.41599537, 48.19470781 ], [ 16.41616195, 48.19472388 ], [ 16.41659666, 48.19473481 ], [ 16.41659786, 48.19472743 ], [ 16.41652589, 48.19472191 ], [ 16.41639753, 48.19469834 ], [ 16.41622808, 48.19463488 ], [ 16.41608455, 48.19453884 ], [ 16.41601676, 48.19445399 ], [ 16.41594921, 48.19435089 ], [ 16.41591994, 48.19421052 ], [ 16.41592655, 48.19413803 ], [ 16.41593845, 48.19409459 ], [ 16.4160023, 48.19399902 ], [ 16.41607095, 48.19391172 ], [ 16.41610227, 48.19387219 ] ], [ [ 16.41241225, 48.19593894 ], [ 16.41240324, 48.19593736 ], [ 16.41238979, 48.19594304 ], [ 16.4117212, 48.19635375 ], [ 16.41134255, 48.19662888 ], [ 16.41121503, 48.19672757 ], [ 16.41145782, 48.19681114 ], [ 16.41192807, 48.1963475 ], [ 16.41209344, 48.19620287 ], [ 16.41234308, 48.19600962 ], [ 16.41241563, 48.19595112 ], [ 16.41241683, 48.19594365 ], [ 16.41241225, 48.19593894 ] ], [ [ 16.41106035, 48.19699738 ], [ 16.41097081, 48.19694816 ], [ 16.41083823, 48.19707622 ], [ 16.41076344, 48.19716746 ], [ 16.41069551, 48.19726022 ], [ 16.41064103, 48.19735388 ], [ 16.4105922, 48.19744861 ], [ 16.41055842, 48.19753002 ], [ 16.41052963, 48.19761601 ], [ 16.41043807, 48.1979754 ], [ 16.41042292, 48.19803487 ], [ 16.41038044, 48.19817234 ], [ 16.41039445, 48.19818141 ], [ 16.41040372, 48.19817844 ], [ 16.41079713, 48.19765114 ], [ 16.41087684, 48.19754429 ], [ 16.41107153, 48.1972991 ], [ 16.41121481, 48.19712867 ], [ 16.41109558, 48.19709242 ], [ 16.41110039, 48.1970702 ], [ 16.41109604, 48.19704187 ], [ 16.41108704, 48.19701963 ], [ 16.41106035, 48.19699738 ] ], [ [ 16.41027162, 48.19817232 ], [ 16.41025682, 48.19817017 ], [ 16.41009699, 48.198346 ], [ 16.40999895, 48.19845542 ], [ 16.40990952, 48.19856736 ], [ 16.40973698, 48.19878636 ], [ 16.40940265, 48.19922185 ], [ 16.40920152, 48.19949375 ], [ 16.40906902, 48.19968071 ], [ 16.40870825, 48.20017377 ], [ 16.4085337, 48.20041031 ], [ 16.40840597, 48.20055114 ], [ 16.40821199, 48.20074246 ], [ 16.40797498, 48.20095368 ], [ 16.40782583, 48.20107734 ], [ 16.40761215, 48.20123638 ], [ 16.40750195, 48.20131622 ], [ 16.40729484, 48.20145628 ], [ 16.40712413, 48.20155792 ], [ 16.40689815, 48.20167326 ], [ 16.40660331, 48.20179971 ], [ 16.40638602, 48.20187871 ], [ 16.40603882, 48.20199224 ], [ 16.40561819, 48.20212056 ], [ 16.40556764, 48.20214469 ], [ 16.40554549, 48.20217519 ], [ 16.40556225, 48.20223912 ], [ 16.40565195, 48.20221254 ], [ 16.40581829, 48.20216109 ], [ 16.40608521, 48.20206955 ], [ 16.40636932, 48.20196119 ], [ 16.40656024, 48.20188211 ], [ 16.4067295, 48.20180737 ], [ 16.40698978, 48.20168508 ], [ 16.40716548, 48.20159522 ], [ 16.40734131, 48.20149897 ], [ 16.4075006, 48.2014057 ], [ 16.40766377, 48.20130613 ], [ 16.40779522, 48.20122242 ], [ 16.40797168, 48.20109712 ], [ 16.40818722, 48.20092881 ], [ 16.40829512, 48.20083962 ], [ 16.40841712, 48.20072839 ], [ 16.40853063, 48.20061743 ], [ 16.40867757, 48.20045357 ], [ 16.40933145, 48.19957182 ], [ 16.4096483, 48.19914183 ], [ 16.40966571, 48.19911403 ], [ 16.41006744, 48.19856276 ], [ 16.41017683, 48.19839244 ], [ 16.41026064, 48.1982056 ], [ 16.41027162, 48.19817232 ] ], [ [ 16.40534291, 48.20219375 ], [ 16.40532258, 48.20217901 ], [ 16.40527213, 48.20218111 ], [ 16.40519183, 48.20218997 ], [ 16.40506527, 48.20220947 ], [ 16.40496776, 48.20223031 ], [ 16.404482, 48.20234958 ], [ 16.4042995, 48.20239159 ], [ 16.40418989, 48.20241531 ], [ 16.40404827, 48.20244264 ], [ 16.4025026, 48.2027093 ], [ 16.40233769, 48.20271678 ], [ 16.40237858, 48.20282628 ], [ 16.4023977, 48.20283787 ], [ 16.40240792, 48.20283849 ], [ 16.40244612, 48.20283317 ], [ 16.40245689, 48.20283415 ], [ 16.40246658, 48.20283747 ], [ 16.40247398, 48.20284286 ], [ 16.40247762, 48.20284817 ], [ 16.40248801, 48.20287181 ], [ 16.40386018, 48.2026344 ], [ 16.40428438, 48.2025533 ], [ 16.40462625, 48.20247908 ], [ 16.40534023, 48.20230194 ], [ 16.40533574, 48.20226201 ], [ 16.40534291, 48.20219375 ] ], [ [ 16.40232275, 48.20282532 ], [ 16.40228571, 48.20272654 ], [ 16.40218733, 48.20276164 ], [ 16.40189371, 48.20280938 ], [ 16.40122955, 48.20292325 ], [ 16.40085214, 48.20299056 ], [ 16.40057669, 48.20304314 ], [ 16.40035558, 48.20309435 ], [ 16.40026359, 48.2031194 ], [ 16.40017538, 48.20314724 ], [ 16.40013893, 48.20315976 ], [ 16.40001146, 48.2032092 ], [ 16.39989704, 48.20326053 ], [ 16.39973677, 48.20334039 ], [ 16.39952018, 48.20345238 ], [ 16.39937459, 48.2035406 ], [ 16.39923305, 48.20363645 ], [ 16.39914137, 48.20370026 ], [ 16.39900025, 48.20381006 ], [ 16.39893992, 48.203869 ], [ 16.39887476, 48.20394422 ], [ 16.39877653, 48.20403735 ], [ 16.39870353, 48.20407714 ], [ 16.39865421, 48.20412213 ], [ 16.39853019, 48.20425143 ], [ 16.39830865, 48.20450237 ], [ 16.3982122, 48.20462959 ], [ 16.39813539, 48.20474178 ], [ 16.39805364, 48.20489677 ], [ 16.3980016, 48.20502702 ], [ 16.39791338, 48.20528302 ], [ 16.39777349, 48.20563949 ], [ 16.39765223, 48.20583004 ], [ 16.39764743, 48.20586574 ], [ 16.39764934, 48.20588885 ], [ 16.39768419, 48.20589081 ], [ 16.39768646, 48.20588119 ], [ 16.39775454, 48.20588664 ], [ 16.39776648, 48.20585839 ], [ 16.39782945, 48.20586322 ], [ 16.39784443, 48.20578452 ], [ 16.39788627, 48.20578854 ], [ 16.39793709, 48.20553077 ], [ 16.39792646, 48.20552934 ], [ 16.39802904, 48.20525085 ], [ 16.39807453, 48.20525901 ], [ 16.39814526, 48.20511643 ], [ 16.39823388, 48.20497321 ], [ 16.39831339, 48.20486201 ], [ 16.39839907, 48.20473939 ], [ 16.39849457, 48.20461316 ], [ 16.39867875, 48.20439281 ], [ 16.39882669, 48.20423805 ], [ 16.39891228, 48.20415473 ], [ 16.39888657, 48.20414116 ], [ 16.39905913, 48.20399151 ], [ 16.39908121, 48.20400355 ], [ 16.39923886, 48.20387594 ], [ 16.39937206, 48.20377712 ], [ 16.39954788, 48.20365714 ], [ 16.39968755, 48.20357298 ], [ 16.39992404, 48.20345117 ], [ 16.40014536, 48.20335167 ], [ 16.40030025, 48.20328252 ], [ 16.40036979, 48.20326629 ], [ 16.40053803, 48.2032188 ], [ 16.40066512, 48.20318932 ], [ 16.40099357, 48.20312996 ], [ 16.40233065, 48.20289897 ], [ 16.40231553, 48.20285626 ], [ 16.40232275, 48.20282532 ] ], [ [ 16.39934092, 48.20514779 ], [ 16.39854782, 48.20491953 ], [ 16.39845038, 48.20511087 ], [ 16.39826868, 48.20560541 ], [ 16.3982119, 48.20593837 ], [ 16.39885709, 48.20599702 ], [ 16.39899525, 48.20565781 ], [ 16.39913822, 48.20540241 ], [ 16.39934092, 48.20514779 ] ], [ [ 16.39910746, 48.20423709 ], [ 16.39875422, 48.20460474 ], [ 16.39861225, 48.20480204 ], [ 16.39940254, 48.2050248 ], [ 16.39943065, 48.20503272 ], [ 16.39986618, 48.20463147 ], [ 16.39910746, 48.20423709 ] ], [ [ 16.40085993, 48.20575399 ], [ 16.4014143, 48.20528495 ], [ 16.40209781, 48.20481026 ], [ 16.4028458, 48.20438104 ], [ 16.40284206, 48.20437183 ], [ 16.40256697, 48.20369618 ], [ 16.40184596, 48.20386602 ], [ 16.40115542, 48.2040899 ], [ 16.40080327, 48.20424802 ], [ 16.40054785, 48.20440158 ], [ 16.40011382, 48.20470877 ], [ 16.39981105, 48.20497792 ], [ 16.39943719, 48.20539697 ], [ 16.39940302, 48.20543527 ], [ 16.39918618, 48.20578963 ], [ 16.39911139, 48.20602143 ], [ 16.40045958, 48.206135 ], [ 16.40047428, 48.20613624 ], [ 16.40085993, 48.20575399 ] ], [ [ 16.40280961, 48.20364828 ], [ 16.40306188, 48.2042693 ], [ 16.40306711, 48.20427775 ], [ 16.40360911, 48.2040374 ], [ 16.40461735, 48.20366808 ], [ 16.40597927, 48.20321338 ], [ 16.40597361, 48.20320521 ], [ 16.40576441, 48.20290378 ], [ 16.40460629, 48.20324622 ], [ 16.40280961, 48.20364828 ] ], [ [ 16.40616999, 48.20337625 ], [ 16.40417902, 48.2040618 ], [ 16.40322139, 48.2044604 ], [ 16.40252619, 48.20482719 ], [ 16.40185932, 48.20526743 ], [ 16.40114996, 48.20583881 ], [ 16.40085707, 48.2061595 ], [ 16.40104424, 48.20617792 ], [ 16.40160115, 48.20622696 ], [ 16.40210209, 48.20627107 ], [ 16.40229425, 48.20628799 ], [ 16.40456648, 48.20648803 ], [ 16.40492147, 48.20663899 ], [ 16.40497448, 48.20668691 ], [ 16.40512689, 48.20682467 ], [ 16.40532475, 48.20698787 ], [ 16.40578903, 48.20746495 ], [ 16.40591951, 48.20764806 ], [ 16.40594081, 48.2077771 ], [ 16.4061203, 48.20841389 ], [ 16.40622513, 48.20878579 ], [ 16.40632799, 48.20893177 ], [ 16.40665897, 48.2092243 ], [ 16.40909029, 48.2079337 ], [ 16.40912449, 48.20795697 ], [ 16.4151445, 48.2047996 ], [ 16.41513599, 48.20451497 ], [ 16.41502958, 48.20390441 ], [ 16.41495091, 48.2035763 ], [ 16.41481391, 48.20328015 ], [ 16.41415316, 48.20253021 ], [ 16.41390164, 48.20229581 ], [ 16.41369916, 48.20210712 ], [ 16.4133913, 48.20188253 ], [ 16.4131241, 48.20168761 ], [ 16.41262207, 48.20143703 ], [ 16.41210045, 48.20130689 ], [ 16.41160292, 48.20126719 ], [ 16.41145082, 48.20127282 ], [ 16.41121799, 48.20128143 ], [ 16.41083306, 48.20129567 ], [ 16.4103213, 48.20136974 ], [ 16.40993768, 48.20150138 ], [ 16.40953991, 48.20170767 ], [ 16.40856545, 48.20231542 ], [ 16.40801456, 48.20261191 ], [ 16.40774501, 48.20273862 ], [ 16.40721018, 48.20298284 ], [ 16.40632813, 48.2033218 ], [ 16.40616999, 48.20337625 ] ], [ [ 16.39772196, 48.20698689 ], [ 16.39780405, 48.20644041 ], [ 16.39787913, 48.20644523 ], [ 16.3979114, 48.2062059 ], [ 16.39790156, 48.2061899 ], [ 16.39789496, 48.20618397 ], [ 16.39786655, 48.20617121 ], [ 16.39784745, 48.20616871 ], [ 16.39772012, 48.20615898 ], [ 16.39770711, 48.20615502 ], [ 16.39770575, 48.20614954 ], [ 16.39770936, 48.20612903 ], [ 16.39764141, 48.20612358 ], [ 16.39764342, 48.20611342 ], [ 16.39760278, 48.20610894 ], [ 16.39759891, 48.20612963 ], [ 16.39759598, 48.2061621 ], [ 16.39760019, 48.20618889 ], [ 16.39760815, 48.20621074 ], [ 16.39766425, 48.20631836 ], [ 16.39767275, 48.20634345 ], [ 16.3976775, 48.20637294 ], [ 16.39767646, 48.20640721 ], [ 16.39760236, 48.2068811 ], [ 16.3974877, 48.20753245 ], [ 16.39738978, 48.20800186 ], [ 16.39738592, 48.20804269 ], [ 16.39739656, 48.20805204 ], [ 16.39742443, 48.20806048 ], [ 16.39743801, 48.20805921 ], [ 16.39746935, 48.20804579 ], [ 16.39749204, 48.20800945 ], [ 16.39754139, 48.20787722 ], [ 16.39757235, 48.20777046 ], [ 16.39761668, 48.20760649 ], [ 16.39764801, 48.20747535 ], [ 16.39767139, 48.20734161 ], [ 16.39772196, 48.20698689 ] ], [ [ 16.39879275, 48.20619859 ], [ 16.39818093, 48.20613921 ], [ 16.39807674, 48.20686897 ], [ 16.39862049, 48.20692974 ], [ 16.39879275, 48.20619859 ] ], [ [ 16.40027928, 48.20633046 ], [ 16.39905446, 48.20622075 ], [ 16.39877526, 48.20738544 ], [ 16.39864538, 48.20792717 ], [ 16.39917633, 48.20798908 ], [ 16.39918969, 48.20799063 ], [ 16.39940574, 48.20763726 ], [ 16.39992241, 48.20679215 ], [ 16.40029249, 48.20633302 ], [ 16.40027928, 48.20633046 ] ], [ [ 16.39859011, 48.20706151 ], [ 16.39805255, 48.20700335 ], [ 16.3978894, 48.20783081 ], [ 16.39839025, 48.20789394 ], [ 16.39859011, 48.20706151 ] ], [ [ 16.40000831, 48.20716622 ], [ 16.39986381, 48.20738484 ], [ 16.39961994, 48.20775379 ], [ 16.39940648, 48.20825006 ], [ 16.39919425, 48.20874345 ], [ 16.39900507, 48.2093988 ], [ 16.39890661, 48.20997244 ], [ 16.39887591, 48.21050702 ], [ 16.3989211, 48.21104074 ], [ 16.399074, 48.21152036 ], [ 16.399122, 48.21160932 ], [ 16.39922977, 48.2118094 ], [ 16.3994112, 48.21206057 ], [ 16.39941919, 48.21207163 ], [ 16.39945764, 48.21212486 ], [ 16.39957724, 48.21229044 ], [ 16.39977422, 48.21249573 ], [ 16.40000779, 48.21270308 ], [ 16.40157486, 48.21188702 ], [ 16.40244835, 48.21143212 ], [ 16.4023846, 48.21124906 ], [ 16.40233916, 48.21117642 ], [ 16.40221457, 48.21107325 ], [ 16.40207265, 48.21099212 ], [ 16.4019809, 48.21089667 ], [ 16.40188082, 48.21081282 ], [ 16.40186768, 48.21076994 ], [ 16.40184785, 48.21070519 ], [ 16.40180775, 48.210561 ], [ 16.40180189, 48.21053992 ], [ 16.40174352, 48.21035028 ], [ 16.40163636, 48.20987757 ], [ 16.4015553, 48.20962194 ], [ 16.40148607, 48.20945848 ], [ 16.40139749, 48.20931428 ], [ 16.4012733, 48.20910319 ], [ 16.40112951, 48.20891828 ], [ 16.40107251, 48.20885141 ], [ 16.40075792, 48.20851775 ], [ 16.400542, 48.20821049 ], [ 16.40036911, 48.20777792 ], [ 16.4003483, 48.20771093 ], [ 16.40031507, 48.20738459 ], [ 16.40021387, 48.20725883 ], [ 16.40009332, 48.20715484 ], [ 16.40000831, 48.20716622 ] ], [ [ 16.39835318, 48.20805602 ], [ 16.39782462, 48.20799533 ], [ 16.39763618, 48.20849591 ], [ 16.39740024, 48.2089921 ], [ 16.39738983, 48.20901222 ], [ 16.39719486, 48.20938899 ], [ 16.39717887, 48.20941463 ], [ 16.39694682, 48.20978698 ], [ 16.3977194, 48.20990267 ], [ 16.39785478, 48.20950823 ], [ 16.39798363, 48.20913279 ], [ 16.39835318, 48.20805602 ] ], [ [ 16.39833502, 48.20888115 ], [ 16.39797642, 48.20994435 ], [ 16.39795995, 48.20999319 ], [ 16.39805698, 48.21000627 ], [ 16.39857797, 48.2100645 ], [ 16.39859134, 48.2100657 ], [ 16.39862483, 48.20972043 ], [ 16.39871205, 48.20930831 ], [ 16.39882037, 48.20895196 ], [ 16.39895313, 48.20851516 ], [ 16.39911039, 48.20816146 ], [ 16.39909727, 48.2081594 ], [ 16.39859971, 48.20809636 ], [ 16.39833502, 48.20888115 ] ], [ [ 16.39767019, 48.21004281 ], [ 16.39685643, 48.20991914 ], [ 16.39587681, 48.21133995 ], [ 16.39562524, 48.21160646 ], [ 16.39656113, 48.21200923 ], [ 16.39708267, 48.21145191 ], [ 16.39724805, 48.21124012 ], [ 16.39734038, 48.2110326 ], [ 16.39767019, 48.21004281 ] ], [ [ 16.39645483, 48.21212475 ], [ 16.39552043, 48.2117326 ], [ 16.39485276, 48.21241804 ], [ 16.39578876, 48.21279743 ], [ 16.39645483, 48.21212475 ] ], [ [ 16.39551987, 48.21286215 ], [ 16.39471346, 48.21251362 ], [ 16.39426075, 48.21281081 ], [ 16.39397674, 48.21296186 ], [ 16.39288287, 48.21339857 ], [ 16.39294586, 48.21377689 ], [ 16.39292052, 48.21410416 ], [ 16.39364482, 48.21419023 ], [ 16.39434078, 48.21429338 ], [ 16.39438435, 48.21429984 ], [ 16.39555594, 48.21451093 ], [ 16.39556994, 48.21451345 ], [ 16.39678142, 48.21340738 ], [ 16.39677036, 48.21340226 ], [ 16.39551987, 48.21286215 ] ], [ [ 16.40042525, 48.21312216 ], [ 16.40033261, 48.21317 ], [ 16.39843821, 48.21416048 ], [ 16.39708446, 48.21486386 ], [ 16.39594888, 48.21545386 ], [ 16.39610301, 48.21561808 ], [ 16.39614224, 48.21567922 ], [ 16.39617018, 48.21574755 ], [ 16.39619192, 48.21581679 ], [ 16.39633629, 48.21660451 ], [ 16.39633674, 48.21663824 ], [ 16.39628599, 48.21674546 ], [ 16.39652383, 48.21679606 ], [ 16.39652169, 48.2168029 ], [ 16.39653528, 48.21680604 ], [ 16.39654428, 48.21678877 ], [ 16.39659415, 48.21674287 ], [ 16.39668707, 48.2165724 ], [ 16.39672557, 48.21646752 ], [ 16.39673378, 48.21635627 ], [ 16.39672198, 48.21618254 ], [ 16.39671666, 48.2161042 ], [ 16.39663008, 48.21594084 ], [ 16.39660943, 48.21588154 ], [ 16.3966045, 48.21586738 ], [ 16.39656878, 48.21576479 ], [ 16.39664251, 48.21575773 ], [ 16.39668696, 48.21591122 ], [ 16.39678513, 48.2160887 ], [ 16.39680489, 48.21617916 ], [ 16.39679765, 48.21631307 ], [ 16.39693119, 48.2164711 ], [ 16.39702854, 48.21652069 ], [ 16.39747643, 48.21611459 ], [ 16.39818502, 48.21542344 ], [ 16.39832088, 48.21527022 ], [ 16.39854812, 48.21501828 ], [ 16.39867974, 48.21481406 ], [ 16.3986642, 48.21465004 ], [ 16.39862887, 48.21459115 ], [ 16.39868145, 48.21456639 ], [ 16.39870641, 48.21461341 ], [ 16.3987184, 48.21462645 ], [ 16.39872863, 48.21463525 ], [ 16.3987487, 48.21464882 ], [ 16.39877361, 48.21466176 ], [ 16.39880592, 48.21467019 ], [ 16.39881857, 48.21467091 ], [ 16.39883471, 48.21466964 ], [ 16.39885341, 48.21466513 ], [ 16.39967694, 48.21424299 ], [ 16.40007275, 48.21397432 ], [ 16.40074739, 48.21364055 ], [ 16.4008186, 48.21360886 ], [ 16.4008278, 48.21360267 ], [ 16.4010249, 48.21354353 ], [ 16.40107156, 48.21352905 ], [ 16.40123851, 48.21349532 ], [ 16.40125316, 48.21349452 ], [ 16.40143522, 48.2134846 ], [ 16.40197535, 48.21349535 ], [ 16.40248255, 48.21353553 ], [ 16.40271289, 48.21351966 ], [ 16.40293438, 48.21352097 ], [ 16.40293203, 48.21347357 ], [ 16.40292916, 48.21344039 ], [ 16.40286654, 48.21339951 ], [ 16.4028051, 48.21333659 ], [ 16.40278092, 48.21327122 ], [ 16.40278624, 48.21321708 ], [ 16.40285115, 48.21315814 ], [ 16.40283048, 48.21309565 ], [ 16.40299264, 48.21295784 ], [ 16.40300118, 48.21295058 ], [ 16.40296541, 48.21287146 ], [ 16.40295854, 48.21285626 ], [ 16.40267015, 48.21246858 ], [ 16.40257371, 48.21233893 ], [ 16.40256205, 48.21232687 ], [ 16.40236864, 48.21212699 ], [ 16.40235907, 48.212109 ], [ 16.40228741, 48.21215149 ], [ 16.40163714, 48.21249026 ], [ 16.40042525, 48.21312216 ] ], [ [ 16.39601082, 48.21622541 ], [ 16.39617242, 48.21621757 ], [ 16.39614371, 48.21602818 ], [ 16.39607957, 48.21576253 ], [ 16.39603119, 48.2156744 ], [ 16.3958589, 48.21549122 ], [ 16.39579846, 48.21547426 ], [ 16.39574345, 48.21549155 ], [ 16.39521695, 48.21576648 ], [ 16.3945027, 48.21614123 ], [ 16.39452083, 48.21616485 ], [ 16.39452704, 48.21617294 ], [ 16.39466799, 48.21641157 ], [ 16.39472727, 48.21647584 ], [ 16.39478317, 48.21652708 ], [ 16.39487691, 48.2165952 ], [ 16.39497894, 48.21661961 ], [ 16.39502541, 48.21665717 ], [ 16.3950152, 48.21667301 ], [ 16.3952827, 48.21677764 ], [ 16.39539243, 48.21682633 ], [ 16.39549073, 48.21687898 ], [ 16.39566835, 48.21698986 ], [ 16.3956818, 48.21698491 ], [ 16.39572761, 48.21701022 ], [ 16.39562306, 48.21704573 ], [ 16.39561064, 48.21701121 ], [ 16.39549605, 48.21694103 ], [ 16.39541202, 48.21689404 ], [ 16.39530875, 48.21684166 ], [ 16.39524857, 48.21681795 ], [ 16.39519378, 48.21680116 ], [ 16.39490774, 48.21672864 ], [ 16.39490822, 48.21667306 ], [ 16.39488533, 48.21666048 ], [ 16.39483402, 48.21662957 ], [ 16.39477234, 48.21658689 ], [ 16.39471011, 48.21653575 ], [ 16.39443407, 48.21621845 ], [ 16.39441273, 48.2161911 ], [ 16.39338728, 48.21673435 ], [ 16.39338219, 48.21674301 ], [ 16.39330636, 48.21678027 ], [ 16.39329762, 48.21680116 ], [ 16.39329668, 48.21682069 ], [ 16.39329992, 48.21683707 ], [ 16.39330936, 48.21685399 ], [ 16.3933258, 48.21687118 ], [ 16.39351078, 48.21699608 ], [ 16.39385584, 48.21755814 ], [ 16.39391363, 48.21758855 ], [ 16.3939166, 48.21760889 ], [ 16.39392307, 48.21761645 ], [ 16.39393318, 48.21762185 ], [ 16.3939585, 48.21762365 ], [ 16.39431497, 48.21751745 ], [ 16.39485376, 48.21729582 ], [ 16.39497644, 48.21725033 ], [ 16.39509172, 48.21722592 ], [ 16.39529346, 48.21716673 ], [ 16.39528216, 48.21717348 ], [ 16.39527356, 48.21718104 ], [ 16.3952659, 48.21719283 ], [ 16.39526544, 48.21719935 ], [ 16.39528156, 48.21723302 ], [ 16.39528466, 48.21723769 ], [ 16.39529327, 48.2172421 ], [ 16.39530054, 48.21724488 ], [ 16.39531212, 48.21724793 ], [ 16.39532719, 48.21725067 ], [ 16.395515, 48.21726963 ], [ 16.39553078, 48.21741801 ], [ 16.39550805, 48.21743223 ], [ 16.39549407, 48.21744429 ], [ 16.39548225, 48.21746237 ], [ 16.39547729, 48.21748396 ], [ 16.39548353, 48.21752442 ], [ 16.39548841, 48.21755239 ], [ 16.39555111, 48.21754966 ], [ 16.39554799, 48.21752223 ], [ 16.39556689, 48.21751988 ], [ 16.39556954, 48.21754255 ], [ 16.3955814, 48.21756017 ], [ 16.39560036, 48.21757928 ], [ 16.39562203, 48.21759389 ], [ 16.39564625, 48.21760661 ], [ 16.39569735, 48.21762055 ], [ 16.39569527, 48.21764435 ], [ 16.39569652, 48.21765907 ], [ 16.3957084, 48.21767899 ], [ 16.39572322, 48.21769271 ], [ 16.3957445, 48.21770948 ], [ 16.39575351, 48.21771503 ], [ 16.39576656, 48.21772121 ], [ 16.39580691, 48.21773472 ], [ 16.3958127, 48.21774126 ], [ 16.39583841, 48.21775784 ], [ 16.39585697, 48.21776366 ], [ 16.39588614, 48.21776811 ], [ 16.39649707, 48.21776572 ], [ 16.39652017, 48.21776111 ], [ 16.39653988, 48.21774905 ], [ 16.39654816, 48.21773189 ], [ 16.39654855, 48.21772462 ], [ 16.39654637, 48.21771618 ], [ 16.39653667, 48.21770694 ], [ 16.39651497, 48.21768371 ], [ 16.39660316, 48.21765289 ], [ 16.39667432, 48.21774549 ], [ 16.39667381, 48.21777022 ], [ 16.39670127, 48.21777578 ], [ 16.39672442, 48.21777747 ], [ 16.39675349, 48.21777602 ], [ 16.39677663, 48.21777169 ], [ 16.39678457, 48.21777115 ], [ 16.39678565, 48.21777699 ], [ 16.3967901, 48.21778284 ], [ 16.39679898, 48.21778796 ], [ 16.39681016, 48.2177902 ], [ 16.39690853, 48.21779033 ], [ 16.39692027, 48.21778718 ], [ 16.39693695, 48.21777005 ], [ 16.39694453, 48.21777105 ], [ 16.39697351, 48.21777545 ], [ 16.39702949, 48.21777578 ], [ 16.39775642, 48.21777063 ], [ 16.3977557, 48.21772513 ], [ 16.39774614, 48.21772432 ], [ 16.39775038, 48.21744022 ], [ 16.39849952, 48.21743928 ], [ 16.39844042, 48.21719668 ], [ 16.39842505, 48.21695288 ], [ 16.39815235, 48.21694861 ], [ 16.39811837, 48.21694846 ], [ 16.39809011, 48.21694973 ], [ 16.39808888, 48.21693822 ], [ 16.39802698, 48.21693969 ], [ 16.398027, 48.21695255 ], [ 16.39771875, 48.21699094 ], [ 16.39771376, 48.21697844 ], [ 16.39748492, 48.21702956 ], [ 16.39749166, 48.21703756 ], [ 16.39744403, 48.21704792 ], [ 16.39733441, 48.21708485 ], [ 16.39732861, 48.21707964 ], [ 16.3971294, 48.21715007 ], [ 16.39711001, 48.21713552 ], [ 16.39680924, 48.21723946 ], [ 16.39679955, 48.21724621 ], [ 16.39679513, 48.21725547 ], [ 16.39679944, 48.21726653 ], [ 16.39658382, 48.21734129 ], [ 16.3965942, 48.21735801 ], [ 16.39656675, 48.21735632 ], [ 16.39654401, 48.21735768 ], [ 16.39652813, 48.21736011 ], [ 16.39650271, 48.21736714 ], [ 16.39648159, 48.21737651 ], [ 16.39646801, 48.21738488 ], [ 16.39647317, 48.21738907 ], [ 16.39646358, 48.21739882 ], [ 16.39645566, 48.21741141 ], [ 16.39645218, 48.21742967 ], [ 16.39645395, 48.21744766 ], [ 16.39644534, 48.21745144 ], [ 16.39650626, 48.21752605 ], [ 16.39641802, 48.21755928 ], [ 16.39640144, 48.2175386 ], [ 16.39640453, 48.21753339 ], [ 16.39635548, 48.21747181 ], [ 16.39634147, 48.21746129 ], [ 16.39633177, 48.21745689 ], [ 16.39631737, 48.21745285 ], [ 16.39628992, 48.21745278 ], [ 16.39627472, 48.21745593 ], [ 16.39626261, 48.21746008 ], [ 16.39624849, 48.21746764 ], [ 16.39622751, 48.21748123 ], [ 16.39620048, 48.21749527 ], [ 16.3961682, 48.21750923 ], [ 16.39613457, 48.21752022 ], [ 16.39609461, 48.21752932 ], [ 16.39606744, 48.21753433 ], [ 16.39603259, 48.21753781 ], [ 16.39600002, 48.21753913 ], [ 16.39596813, 48.21753793 ], [ 16.39593058, 48.21753345 ], [ 16.39593138, 48.21752761 ], [ 16.39592417, 48.21752136 ], [ 16.39588871, 48.2175172 ], [ 16.39588064, 48.21751711 ], [ 16.39587981, 48.21750183 ], [ 16.39586456, 48.21746487 ], [ 16.3958273, 48.21743489 ], [ 16.395838, 48.21742424 ], [ 16.39581229, 48.21741175 ], [ 16.39579041, 48.21740286 ], [ 16.39578804, 48.2173918 ], [ 16.39577821, 48.21738362 ], [ 16.3957669, 48.21737742 ], [ 16.39575088, 48.21737437 ], [ 16.39570539, 48.21736999 ], [ 16.39566287, 48.21737181 ], [ 16.39565389, 48.21728638 ], [ 16.3957077, 48.21727034 ], [ 16.39571736, 48.21725091 ], [ 16.39572945, 48.2172322 ], [ 16.39574249, 48.217216 ], [ 16.39575552, 48.21720224 ], [ 16.39577959, 48.21718181 ], [ 16.39580406, 48.2171657 ], [ 16.39582733, 48.21715274 ], [ 16.39585477, 48.21714148 ], [ 16.39587683, 48.21713373 ], [ 16.39590413, 48.21712599 ], [ 16.39592209, 48.21711955 ], [ 16.39598754, 48.21710436 ], [ 16.39594827, 48.21700806 ], [ 16.39612076, 48.21698648 ], [ 16.3961329, 48.21701597 ], [ 16.3961422, 48.21702649 ], [ 16.39616199, 48.21702801 ], [ 16.39618512, 48.21702152 ], [ 16.39619561, 48.21701639 ], [ 16.39621525, 48.21700334 ], [ 16.39622936, 48.21699155 ], [ 16.39624213, 48.21697544 ], [ 16.39625556, 48.21695565 ], [ 16.39627435, 48.21691472 ], [ 16.39628596, 48.21686133 ], [ 16.39626775, 48.21682208 ], [ 16.39611774, 48.21680872 ], [ 16.39601082, 48.21622541 ] ], [ [ 16.3948404, 48.21738518 ], [ 16.39484595, 48.21741009 ], [ 16.39486291, 48.21741494 ], [ 16.39464658, 48.21746487 ], [ 16.39462977, 48.21747189 ], [ 16.39461592, 48.21748332 ], [ 16.39460315, 48.21749897 ], [ 16.39458877, 48.21750833 ], [ 16.39422773, 48.2176418 ], [ 16.39414447, 48.21767583 ], [ 16.39414986, 48.21768213 ], [ 16.3941305, 48.2176905 ], [ 16.39404981, 48.21773946 ], [ 16.39403125, 48.21775161 ], [ 16.39402575, 48.21776591 ], [ 16.39402389, 48.21778399 ], [ 16.394027, 48.21779631 ], [ 16.39403967, 48.21781366 ], [ 16.39405004, 48.21782391 ], [ 16.39406377, 48.21783155 ], [ 16.39407643, 48.21783541 ], [ 16.39465413, 48.21783448 ], [ 16.3947085, 48.21783086 ], [ 16.39475451, 48.21782481 ], [ 16.39476286, 48.21783281 ], [ 16.39477081, 48.2178347 ], [ 16.3948179, 48.21783413 ], [ 16.39483809, 48.21783061 ], [ 16.39487804, 48.21782088 ], [ 16.3949102, 48.21781484 ], [ 16.39544866, 48.21762633 ], [ 16.39545579, 48.21761878 ], [ 16.3954551, 48.21761248 ], [ 16.39542573, 48.21757823 ], [ 16.39541323, 48.21758125 ], [ 16.39540595, 48.21758301 ], [ 16.39539707, 48.21757861 ], [ 16.3953918, 48.21756611 ], [ 16.39536852, 48.21756639 ], [ 16.39535209, 48.21755624 ], [ 16.39535208, 48.21754104 ], [ 16.39536646, 48.21753042 ], [ 16.39535824, 48.21752008 ], [ 16.3953575, 48.21751253 ], [ 16.3953659, 48.21750758 ], [ 16.39521309, 48.21732662 ], [ 16.39520555, 48.21731952 ], [ 16.39519154, 48.21731135 ], [ 16.39518131, 48.21730766 ], [ 16.39517256, 48.21730551 ], [ 16.39514941, 48.21730381 ], [ 16.39501514, 48.21733041 ], [ 16.39498528, 48.21733699 ], [ 16.39496403, 48.21734519 ], [ 16.39494735, 48.21735635 ], [ 16.39493741, 48.21736912 ], [ 16.39493097, 48.21738855 ], [ 16.39492432, 48.2173944 ], [ 16.3949272, 48.21738208 ], [ 16.39489744, 48.2173651 ], [ 16.3948404, 48.21738518 ] ], [ [ 16.39864796, 48.21744864 ], [ 16.39866662, 48.21752418 ], [ 16.39806429, 48.21752162 ], [ 16.39798303, 48.21753732 ], [ 16.39793905, 48.21755757 ], [ 16.39790598, 48.2175897 ], [ 16.39789, 48.21761821 ], [ 16.39788588, 48.21765428 ], [ 16.39789561, 48.21769016 ], [ 16.39792782, 48.21772872 ], [ 16.39797265, 48.2177501 ], [ 16.39805867, 48.21777092 ], [ 16.39823753, 48.21778278 ], [ 16.39886354, 48.21778244 ], [ 16.39901946, 48.21774234 ], [ 16.39949651, 48.21774738 ], [ 16.40033259, 48.21774305 ], [ 16.40041941, 48.21775919 ], [ 16.40048008, 48.21775016 ], [ 16.40050913, 48.2177363 ], [ 16.40053467, 48.21771254 ], [ 16.4005489, 48.21768205 ], [ 16.4005389, 48.21765067 ], [ 16.40048253, 48.21759864 ], [ 16.40026105, 48.217567 ], [ 16.40026396, 48.21753085 ], [ 16.4001653, 48.2175131 ], [ 16.40007769, 48.21746713 ], [ 16.40004357, 48.21744922 ], [ 16.39986975, 48.21737504 ], [ 16.3996758, 48.21723998 ], [ 16.3994593, 48.21714495 ], [ 16.39910621, 48.21704667 ], [ 16.39869487, 48.21696604 ], [ 16.398549, 48.2169645 ], [ 16.39857622, 48.21721288 ], [ 16.39864796, 48.21744864 ] ], [ [ 16.40020457, 48.21684362 ], [ 16.40007916, 48.21706537 ], [ 16.40007843, 48.21723822 ], [ 16.40014575, 48.21735851 ], [ 16.40015448, 48.2173649 ], [ 16.40036531, 48.2174369 ], [ 16.4006873, 48.21751541 ], [ 16.40083467, 48.21710533 ], [ 16.40106833, 48.2166166 ], [ 16.4010558, 48.21661329 ], [ 16.40076909, 48.21653763 ], [ 16.40070464, 48.21654387 ], [ 16.40020457, 48.21684362 ] ], [ [ 16.40052715, 48.21654046 ], [ 16.40057447, 48.21650752 ], [ 16.40060043, 48.21648736 ], [ 16.40062408, 48.216469 ], [ 16.40065392, 48.21644191 ], [ 16.40066708, 48.21642374 ], [ 16.40067432, 48.21639577 ], [ 16.40069146, 48.2163346 ], [ 16.40069491, 48.21629395 ], [ 16.40070135, 48.21628055 ], [ 16.40071589, 48.21628045 ], [ 16.40072421, 48.21626741 ], [ 16.40072162, 48.21624205 ], [ 16.40071513, 48.21621372 ], [ 16.40069893, 48.21617389 ], [ 16.40068302, 48.21614647 ], [ 16.40066347, 48.2161195 ], [ 16.40063922, 48.21609263 ], [ 16.40062453, 48.2160786 ], [ 16.40057766, 48.21604275 ], [ 16.40052702, 48.21601391 ], [ 16.40051411, 48.2160132 ], [ 16.40049821, 48.21600322 ], [ 16.40060604, 48.21592501 ], [ 16.40062284, 48.21591052 ], [ 16.40064138, 48.21588929 ], [ 16.40065683, 48.21586401 ], [ 16.40067022, 48.21581661 ], [ 16.40066517, 48.21579704 ], [ 16.4006636, 48.21579098 ], [ 16.40068012, 48.21576966 ], [ 16.40068291, 48.21574178 ], [ 16.40067573, 48.21572868 ], [ 16.40067118, 48.21572038 ], [ 16.40063423, 48.21570507 ], [ 16.4005954, 48.21570288 ], [ 16.40057574, 48.21569471 ], [ 16.40058582, 48.21568077 ], [ 16.4005327, 48.21565855 ], [ 16.40051581, 48.21565149 ], [ 16.40050502, 48.21566303 ], [ 16.40048678, 48.21568253 ], [ 16.40047159, 48.21569396 ], [ 16.4004623, 48.21569585 ], [ 16.40042166, 48.21568976 ], [ 16.40038611, 48.21568224 ], [ 16.40037293, 48.21567945 ], [ 16.40029247, 48.21568615 ], [ 16.40029287, 48.21567733 ], [ 16.40024665, 48.21567692 ], [ 16.40017795, 48.21567632 ], [ 16.4001118, 48.2156492 ], [ 16.400093, 48.21564534 ], [ 16.39987369, 48.21589044 ], [ 16.3995904, 48.21629996 ], [ 16.3994647, 48.21650346 ], [ 16.39957792, 48.21654575 ], [ 16.39959123, 48.21653001 ], [ 16.40015737, 48.21676811 ], [ 16.40038928, 48.21659468 ], [ 16.40040972, 48.21658189 ], [ 16.40047182, 48.21655998 ], [ 16.40052715, 48.21654046 ] ], [ [ 16.4007892, 48.21583084 ], [ 16.400627, 48.2160125 ], [ 16.40076871, 48.21612745 ], [ 16.40081895, 48.21627167 ], [ 16.4007851, 48.21642781 ], [ 16.40110632, 48.2165319 ], [ 16.40111856, 48.21653563 ], [ 16.4014291, 48.21608031 ], [ 16.40141768, 48.21607545 ], [ 16.40133485, 48.21604025 ], [ 16.40132363, 48.21600123 ], [ 16.40083153, 48.21578495 ], [ 16.4007892, 48.21583084 ] ], [ [ 16.40148591, 48.21598275 ], [ 16.40149747, 48.21598728 ], [ 16.40192253, 48.21564332 ], [ 16.40191377, 48.2156382 ], [ 16.40218844, 48.21544325 ], [ 16.4024264, 48.21527727 ], [ 16.40195814, 48.21497717 ], [ 16.40180528, 48.21499645 ], [ 16.40174045, 48.21500257 ], [ 16.4013722, 48.21524991 ], [ 16.40130539, 48.21530849 ], [ 16.40115135, 48.21543475 ], [ 16.40108038, 48.21550089 ], [ 16.4009061, 48.2156957 ], [ 16.40088337, 48.21571055 ], [ 16.40088999, 48.21573168 ], [ 16.40090723, 48.21574012 ], [ 16.40093697, 48.21573894 ], [ 16.40148591, 48.21598275 ] ], [ [ 16.40259437, 48.21519948 ], [ 16.40281561, 48.21531626 ], [ 16.40387848, 48.21478009 ], [ 16.40339132, 48.21453801 ], [ 16.40259437, 48.21519948 ] ], [ [ 16.40367228, 48.21412 ], [ 16.40317545, 48.21368846 ], [ 16.40301708, 48.21369287 ], [ 16.40279372, 48.21369174 ], [ 16.40267021, 48.21370305 ], [ 16.40253515, 48.21373811 ], [ 16.40241669, 48.21380086 ], [ 16.40229287, 48.21388565 ], [ 16.4020937, 48.21407867 ], [ 16.40219969, 48.21415235 ], [ 16.40257444, 48.21415349 ], [ 16.40266192, 48.21415937 ], [ 16.4027942, 48.21417027 ], [ 16.40290254, 48.21418621 ], [ 16.40301251, 48.21420746 ], [ 16.40309785, 48.21422954 ], [ 16.40323318, 48.21426562 ], [ 16.40334956, 48.21429666 ], [ 16.40349537, 48.21435917 ], [ 16.40412353, 48.21468786 ], [ 16.40425154, 48.2146162 ], [ 16.40376084, 48.2141958 ], [ 16.40368116, 48.21412451 ], [ 16.40367228, 48.21412 ] ], [ [ 16.40173142, 48.21425622 ], [ 16.40176693, 48.21423966 ], [ 16.40179731, 48.21421841 ], [ 16.40182419, 48.21419277 ], [ 16.40176818, 48.21416915 ], [ 16.40190335, 48.21401808 ], [ 16.40212508, 48.21378799 ], [ 16.40231032, 48.21364822 ], [ 16.40231525, 48.21360838 ], [ 16.40187063, 48.21357788 ], [ 16.40171749, 48.21357032 ], [ 16.40170133, 48.21355945 ], [ 16.40166957, 48.21355605 ], [ 16.40165155, 48.21356208 ], [ 16.40164496, 48.21356667 ], [ 16.40142723, 48.2135561 ], [ 16.40131771, 48.21355787 ], [ 16.40124303, 48.21356295 ], [ 16.40111012, 48.21358892 ], [ 16.40095465, 48.21365115 ], [ 16.40094904, 48.21365929 ], [ 16.40092686, 48.21370135 ], [ 16.40113463, 48.21392696 ], [ 16.4011146, 48.21393866 ], [ 16.40110818, 48.21396817 ], [ 16.40111089, 48.2139821 ], [ 16.40137081, 48.21426111 ], [ 16.40141616, 48.21426152 ], [ 16.40146393, 48.2142651 ], [ 16.40149715, 48.21425123 ], [ 16.40158934, 48.21426692 ], [ 16.40160524, 48.21428444 ], [ 16.40164937, 48.21428019 ], [ 16.40169188, 48.21427082 ], [ 16.40173142, 48.21425622 ] ], [ [ 16.40127769, 48.21425864 ], [ 16.40078209, 48.21371717 ], [ 16.40021351, 48.21398144 ], [ 16.3997956, 48.21422476 ], [ 16.40020929, 48.21458839 ], [ 16.40067669, 48.21443435 ], [ 16.40127769, 48.21425864 ] ], [ [ 16.39927265, 48.21506114 ], [ 16.39928569, 48.21505304 ], [ 16.39929458, 48.21505313 ], [ 16.39957883, 48.21488678 ], [ 16.39990508, 48.21472085 ], [ 16.40014984, 48.21461487 ], [ 16.39973872, 48.21425626 ], [ 16.39941411, 48.21443397 ], [ 16.39891441, 48.21469765 ], [ 16.39890289, 48.21470911 ], [ 16.39889505, 48.21471691 ], [ 16.39885884, 48.21481667 ], [ 16.39925489, 48.21506295 ], [ 16.39927265, 48.21506114 ] ], [ [ 16.40148885, 48.21460602 ], [ 16.40151426, 48.2145909 ], [ 16.40153993, 48.21456624 ], [ 16.40155604, 48.21452972 ], [ 16.4015456, 48.2144754 ], [ 16.40153118, 48.21445752 ], [ 16.4015203, 48.21445057 ], [ 16.40147812, 48.21442364 ], [ 16.40146842, 48.21442096 ], [ 16.40143465, 48.21441162 ], [ 16.40139548, 48.2144084 ], [ 16.40132055, 48.21442121 ], [ 16.40117812, 48.21447525 ], [ 16.40116521, 48.21447949 ], [ 16.40116078, 48.21448821 ], [ 16.40107684, 48.21451128 ], [ 16.4008931, 48.21456427 ], [ 16.40064964, 48.21464498 ], [ 16.40039031, 48.21472868 ], [ 16.40006793, 48.21485512 ], [ 16.39987267, 48.21495946 ], [ 16.39952736, 48.21515372 ], [ 16.399634, 48.21519592 ], [ 16.39995452, 48.21531213 ], [ 16.40001237, 48.2153022 ], [ 16.40000967, 48.21529519 ], [ 16.40003171, 48.21529072 ], [ 16.40004478, 48.21528807 ], [ 16.4000643, 48.21529399 ], [ 16.40007439, 48.21528661 ], [ 16.40006845, 48.21527582 ], [ 16.40011676, 48.21523952 ], [ 16.40010675, 48.21523074 ], [ 16.400137, 48.21521481 ], [ 16.40014773, 48.21522436 ], [ 16.40016537, 48.21521798 ], [ 16.40023466, 48.21518993 ], [ 16.40028549, 48.21519342 ], [ 16.40036843, 48.21519912 ], [ 16.40038569, 48.21520255 ], [ 16.40045282, 48.21521589 ], [ 16.40053169, 48.21511701 ], [ 16.40067699, 48.21499157 ], [ 16.40098911, 48.2148314 ], [ 16.40132884, 48.2146955 ], [ 16.40142052, 48.21464044 ], [ 16.40148885, 48.21460602 ] ], [ [ 16.39903048, 48.214986 ], [ 16.39882149, 48.21485868 ], [ 16.39873982, 48.21487195 ], [ 16.39838531, 48.2153629 ], [ 16.39875226, 48.21546918 ], [ 16.39921726, 48.21510263 ], [ 16.39923595, 48.21508976 ], [ 16.39910411, 48.215008 ], [ 16.39903048, 48.214986 ] ], [ [ 16.3986888, 48.21551328 ], [ 16.39834163, 48.21540735 ], [ 16.39771893, 48.21601428 ], [ 16.39816347, 48.21618905 ], [ 16.3986888, 48.21551328 ] ], [ [ 16.39771629, 48.2160614 ], [ 16.39769395, 48.21605593 ], [ 16.39767336, 48.21605369 ], [ 16.39765236, 48.21605415 ], [ 16.39763851, 48.21605623 ], [ 16.39762856, 48.21606109 ], [ 16.39762305, 48.2160691 ], [ 16.39762615, 48.21607755 ], [ 16.39763464, 48.21608411 ], [ 16.39762671, 48.21609158 ], [ 16.39763022, 48.21610174 ], [ 16.39762727, 48.21610777 ], [ 16.39759926, 48.21615258 ], [ 16.39758724, 48.21617182 ], [ 16.39744769, 48.21627864 ], [ 16.39737346, 48.21635016 ], [ 16.39734944, 48.2163733 ], [ 16.39732583, 48.21638989 ], [ 16.39717142, 48.2164984 ], [ 16.39711875, 48.21656264 ], [ 16.39745851, 48.21677704 ], [ 16.39770833, 48.21660343 ], [ 16.39770509, 48.21659821 ], [ 16.39796902, 48.21641254 ], [ 16.39801241, 48.21634588 ], [ 16.39802667, 48.21630975 ], [ 16.39804627, 48.21627828 ], [ 16.39805712, 48.21626357 ], [ 16.39809751, 48.21627901 ], [ 16.39813379, 48.21623826 ], [ 16.39810202, 48.21622559 ], [ 16.39808464, 48.21621157 ], [ 16.39771629, 48.2160614 ] ], [ [ 16.39684616, 48.21705499 ], [ 16.39688731, 48.21703284 ], [ 16.39691867, 48.21703417 ], [ 16.39701672, 48.21699738 ], [ 16.39715095, 48.21693468 ], [ 16.39716307, 48.2169451 ], [ 16.39740083, 48.21681889 ], [ 16.39707264, 48.21660763 ], [ 16.39706472, 48.21662095 ], [ 16.39701167, 48.2165966 ], [ 16.39682175, 48.21678017 ], [ 16.39684963, 48.21680497 ], [ 16.39675185, 48.21684873 ], [ 16.3967722, 48.21687003 ], [ 16.39674583, 48.2168794 ], [ 16.39671704, 48.21688436 ], [ 16.39669444, 48.2168922 ], [ 16.39667239, 48.21690579 ], [ 16.39665316, 48.21691264 ], [ 16.39662688, 48.21688063 ], [ 16.39656863, 48.21690189 ], [ 16.39657268, 48.216908 ], [ 16.39646064, 48.21695231 ], [ 16.39634576, 48.21698798 ], [ 16.39631944, 48.21703926 ], [ 16.39638356, 48.21711103 ], [ 16.3964348, 48.21718569 ], [ 16.39650883, 48.21720022 ], [ 16.39674019, 48.21711799 ], [ 16.39675536, 48.21708075 ], [ 16.39682692, 48.21706156 ], [ 16.39684616, 48.21705499 ] ], [ [ 16.40008762, 48.21683883 ], [ 16.3997031, 48.21668004 ], [ 16.39937774, 48.21702206 ], [ 16.3995876, 48.21709812 ], [ 16.3995956, 48.21710149 ], [ 16.39988303, 48.21723132 ], [ 16.39994691, 48.21719684 ], [ 16.39997389, 48.21703396 ], [ 16.40008762, 48.21683883 ] ], [ [ 16.39905397, 48.21669677 ], [ 16.39909957, 48.21658294 ], [ 16.39911291, 48.2165845 ], [ 16.39913487, 48.2164995 ], [ 16.39907364, 48.21649241 ], [ 16.39907752, 48.21647714 ], [ 16.39887161, 48.21645333 ], [ 16.39886774, 48.21646855 ], [ 16.39865642, 48.21644392 ], [ 16.39863044, 48.21643143 ], [ 16.3986085, 48.2164247 ], [ 16.39859625, 48.21642443 ], [ 16.39857365, 48.21643011 ], [ 16.39855551, 48.21644883 ], [ 16.39855728, 48.21646492 ], [ 16.39856523, 48.21648039 ], [ 16.39855131, 48.21654317 ], [ 16.39856841, 48.21654388 ], [ 16.39857624, 48.21655505 ], [ 16.3985585, 48.21669902 ], [ 16.39854779, 48.21673943 ], [ 16.39852863, 48.21681172 ], [ 16.39852194, 48.21684662 ], [ 16.39852976, 48.21685614 ], [ 16.3987638, 48.21687508 ], [ 16.39897928, 48.21690941 ], [ 16.39904819, 48.21670082 ], [ 16.39905397, 48.21669677 ] ], [ [ 16.39904303, 48.21577387 ], [ 16.39903412, 48.21575915 ], [ 16.39899925, 48.21574568 ], [ 16.39890071, 48.21571515 ], [ 16.39889505, 48.21570814 ], [ 16.3988828, 48.21569943 ], [ 16.39886691, 48.21569386 ], [ 16.39884928, 48.21569189 ], [ 16.39883166, 48.21569388 ], [ 16.39881578, 48.21569946 ], [ 16.39880046, 48.21571161 ], [ 16.39879469, 48.21572295 ], [ 16.39879511, 48.21573608 ], [ 16.39880023, 48.21574615 ], [ 16.39877694, 48.21573914 ], [ 16.39874551, 48.21578521 ], [ 16.39876476, 48.21579104 ], [ 16.39873589, 48.21583701 ], [ 16.39872647, 48.21583711 ], [ 16.39871745, 48.21583891 ], [ 16.39870481, 48.21584503 ], [ 16.39869836, 48.21585223 ], [ 16.39869595, 48.21586006 ], [ 16.39869852, 48.21586986 ], [ 16.39870916, 48.21587947 ], [ 16.39867119, 48.21593352 ], [ 16.39866387, 48.21593779 ], [ 16.39842905, 48.21625797 ], [ 16.39841752, 48.21625456 ], [ 16.3983894, 48.21629127 ], [ 16.39861205, 48.21636354 ], [ 16.39893843, 48.21640671 ], [ 16.39895753, 48.21640418 ], [ 16.39913398, 48.21643179 ], [ 16.39913749, 48.216437 ], [ 16.39918506, 48.21644214 ], [ 16.39924246, 48.21644567 ], [ 16.39924666, 48.21646869 ], [ 16.39926348, 48.21646841 ], [ 16.39926724, 48.21645761 ], [ 16.3993723, 48.21643246 ], [ 16.39938415, 48.2164392 ], [ 16.39939625, 48.21643155 ], [ 16.39937726, 48.2164125 ], [ 16.39938454, 48.2164066 ], [ 16.39939836, 48.21639045 ], [ 16.39941205, 48.21636508 ], [ 16.39941942, 48.21634161 ], [ 16.39942656, 48.2163434 ], [ 16.39951087, 48.21618741 ], [ 16.3995666, 48.21610698 ], [ 16.39966279, 48.21596816 ], [ 16.39964852, 48.21595891 ], [ 16.39904303, 48.21577387 ] ], [ [ 16.39839821, 48.21640675 ], [ 16.39833258, 48.21637853 ], [ 16.39831374, 48.2163789 ], [ 16.39826388, 48.21643055 ], [ 16.39825306, 48.21642423 ], [ 16.39813025, 48.21651837 ], [ 16.39815352, 48.21653169 ], [ 16.3981429, 48.21653853 ], [ 16.39812917, 48.21653584 ], [ 16.39803654, 48.21660577 ], [ 16.39798829, 48.21665814 ], [ 16.39795117, 48.21666886 ], [ 16.39790627, 48.21671232 ], [ 16.39785288, 48.21674023 ], [ 16.39783852, 48.21674487 ], [ 16.39769725, 48.21679058 ], [ 16.39776141, 48.21687913 ], [ 16.39791704, 48.21682878 ], [ 16.39799955, 48.21684222 ], [ 16.39807623, 48.21684752 ], [ 16.39814758, 48.21685015 ], [ 16.39818311, 48.21684824 ], [ 16.39823155, 48.21684812 ], [ 16.39823127, 48.2168403 ], [ 16.39824096, 48.21684029 ], [ 16.39824085, 48.21685963 ], [ 16.39825243, 48.21686682 ], [ 16.39828473, 48.21686653 ], [ 16.39829643, 48.21685915 ], [ 16.39829519, 48.21684053 ], [ 16.39830501, 48.21684008 ], [ 16.39836544, 48.21684077 ], [ 16.39838172, 48.21684615 ], [ 16.39840029, 48.21684524 ], [ 16.39841764, 48.21683489 ], [ 16.39842099, 48.21682365 ], [ 16.3984203, 48.21681384 ], [ 16.39842145, 48.21679758 ], [ 16.39843565, 48.21659647 ], [ 16.39844941, 48.21651058 ], [ 16.39843877, 48.2165051 ], [ 16.39846306, 48.21644708 ], [ 16.39847086, 48.21643798 ], [ 16.39839821, 48.21640675 ] ], [ [ 16.39941511, 48.215243 ], [ 16.39912039, 48.21544047 ], [ 16.39901138, 48.2155391 ], [ 16.39891396, 48.2156557 ], [ 16.39971775, 48.21590356 ], [ 16.39998622, 48.21558676 ], [ 16.399947, 48.21543246 ], [ 16.39941511, 48.215243 ] ], [ [ 16.40065147, 48.21534618 ], [ 16.40063712, 48.21538639 ], [ 16.40068957, 48.21540945 ], [ 16.4007311, 48.21542771 ], [ 16.40071815, 48.21549008 ], [ 16.40069739, 48.21559014 ], [ 16.40067897, 48.21560598 ], [ 16.40069313, 48.21562927 ], [ 16.40071441, 48.21564032 ], [ 16.4007793, 48.21566258 ], [ 16.40080281, 48.21563766 ], [ 16.40085768, 48.21558699 ], [ 16.40103466, 48.21542358 ], [ 16.4010484, 48.2154305 ], [ 16.40122286, 48.21527302 ], [ 16.40153054, 48.21505282 ], [ 16.40154417, 48.21504306 ], [ 16.40182169, 48.21486951 ], [ 16.4017907, 48.21483179 ], [ 16.40180145, 48.21482725 ], [ 16.40172882, 48.21474966 ], [ 16.40171308, 48.21475374 ], [ 16.40165893, 48.21466657 ], [ 16.40162856, 48.21462869 ], [ 16.40105238, 48.21495862 ], [ 16.4009715, 48.21495777 ], [ 16.40090348, 48.21500583 ], [ 16.40089414, 48.21506771 ], [ 16.40085904, 48.21508697 ], [ 16.40079817, 48.21504654 ], [ 16.40067234, 48.21514337 ], [ 16.40065729, 48.21515906 ], [ 16.40058794, 48.21523138 ], [ 16.4005897, 48.21524789 ], [ 16.40059026, 48.21525307 ], [ 16.40059135, 48.2152633 ], [ 16.40061723, 48.21530142 ], [ 16.40065147, 48.21534618 ] ], [ [ 16.40256319, 48.21439784 ], [ 16.40257829, 48.21431698 ], [ 16.40236967, 48.21428077 ], [ 16.40236179, 48.21432304 ], [ 16.40198761, 48.21434781 ], [ 16.40169673, 48.21438422 ], [ 16.40165624, 48.21439081 ], [ 16.40165764, 48.21440391 ], [ 16.40174113, 48.21458555 ], [ 16.40182054, 48.21470601 ], [ 16.40195002, 48.21483922 ], [ 16.40198777, 48.21486114 ], [ 16.4025137, 48.21515204 ], [ 16.40327236, 48.21453134 ], [ 16.40329577, 48.21452979 ], [ 16.40332723, 48.21450298 ], [ 16.40332317, 48.21448913 ], [ 16.40322409, 48.21445443 ], [ 16.40321562, 48.21445762 ], [ 16.40320451, 48.21445269 ], [ 16.40319596, 48.21445103 ], [ 16.40316076, 48.21443855 ], [ 16.40315329, 48.21443567 ], [ 16.40311681, 48.21442486 ], [ 16.40306727, 48.21441257 ], [ 16.40292573, 48.2145274 ], [ 16.40291038, 48.21452255 ], [ 16.40290353, 48.21452948 ], [ 16.40287406, 48.21453166 ], [ 16.40287203, 48.21452392 ], [ 16.40285697, 48.2145278 ], [ 16.40285523, 48.21453284 ], [ 16.40275177, 48.21455034 ], [ 16.40272705, 48.214475 ], [ 16.40271547, 48.2144697 ], [ 16.40268465, 48.21446279 ], [ 16.40262881, 48.21446876 ], [ 16.40259799, 48.21446608 ], [ 16.40258506, 48.21445817 ], [ 16.40256847, 48.2144223 ], [ 16.40256319, 48.21439784 ] ], [ [ 16.39706394, 48.21335318 ], [ 16.39625154, 48.21433063 ], [ 16.39677164, 48.21434699 ], [ 16.39693039, 48.21432191 ], [ 16.3997952, 48.21281732 ], [ 16.39971222, 48.21274128 ], [ 16.39970166, 48.21273895 ], [ 16.39963752, 48.21272478 ], [ 16.39938019, 48.2124589 ], [ 16.39935118, 48.21238967 ], [ 16.39927046, 48.21227001 ], [ 16.39918308, 48.21214047 ], [ 16.39895889, 48.21179174 ], [ 16.39885954, 48.2117516 ], [ 16.39876097, 48.21179869 ], [ 16.39706394, 48.21335318 ] ], [ [ 16.39750032, 48.21133694 ], [ 16.39677881, 48.21209644 ], [ 16.3977356, 48.21251057 ], [ 16.39774689, 48.21251545 ], [ 16.39815879, 48.21213156 ], [ 16.39861796, 48.21170362 ], [ 16.39864834, 48.21167941 ], [ 16.39874214, 48.21158115 ], [ 16.39871107, 48.21148431 ], [ 16.39860018, 48.21097343 ], [ 16.39857414, 48.21085342 ], [ 16.39857136, 48.21076004 ], [ 16.39857105, 48.21074946 ], [ 16.39857652, 48.2101586 ], [ 16.39856325, 48.21015694 ], [ 16.39793355, 48.2100781 ], [ 16.39764617, 48.21091314 ], [ 16.3976454, 48.21091593 ], [ 16.39750032, 48.21133694 ] ], [ [ 16.39725429, 48.21297717 ], [ 16.3976188, 48.21263297 ], [ 16.39760757, 48.21262801 ], [ 16.39664158, 48.21222421 ], [ 16.39599676, 48.21289454 ], [ 16.3963049, 48.21302734 ], [ 16.39690892, 48.21328765 ], [ 16.39692029, 48.21329255 ], [ 16.39725429, 48.21297717 ] ], [ [ 16.40090101, 48.2085684 ], [ 16.40114109, 48.20882259 ], [ 16.40120064, 48.20888767 ], [ 16.40133827, 48.20908589 ], [ 16.4014817, 48.20930623 ], [ 16.40154889, 48.20944892 ], [ 16.40163211, 48.20961012 ], [ 16.40169864, 48.20986513 ], [ 16.40180029, 48.21034225 ], [ 16.40185032, 48.21053485 ], [ 16.40191577, 48.21068177 ], [ 16.40197806, 48.21078722 ], [ 16.40203914, 48.21088242 ], [ 16.40213168, 48.21096295 ], [ 16.40239547, 48.2111182 ], [ 16.40246193, 48.21121655 ], [ 16.40252242, 48.21137857 ], [ 16.40290791, 48.21117258 ], [ 16.40314599, 48.21100823 ], [ 16.40350902, 48.2108152 ], [ 16.40442473, 48.21037381 ], [ 16.40573554, 48.20969449 ], [ 16.4057218, 48.20968227 ], [ 16.40643103, 48.20930988 ], [ 16.40616644, 48.20906084 ], [ 16.40594853, 48.20890053 ], [ 16.40564132, 48.20857327 ], [ 16.40594064, 48.20854296 ], [ 16.40580405, 48.20802531 ], [ 16.40573728, 48.20780241 ], [ 16.40565712, 48.20762556 ], [ 16.40558661, 48.20751939 ], [ 16.40475694, 48.20675403 ], [ 16.40450122, 48.20668547 ], [ 16.40142125, 48.20641342 ], [ 16.40140788, 48.20648339 ], [ 16.40068067, 48.2063561 ], [ 16.40041502, 48.20662002 ], [ 16.40011615, 48.20701094 ], [ 16.40020216, 48.20714768 ], [ 16.40040777, 48.20738454 ], [ 16.40045317, 48.20776007 ], [ 16.4006083, 48.20818761 ], [ 16.40084362, 48.20851015 ], [ 16.40090101, 48.2085684 ] ], [ [ 16.40996577, 48.21083975 ], [ 16.40994633, 48.21082326 ], [ 16.40798322, 48.20915801 ], [ 16.40749927, 48.20941092 ], [ 16.40735035, 48.20948751 ], [ 16.40713861, 48.20959938 ], [ 16.40895881, 48.21114301 ], [ 16.40897792, 48.21114201 ], [ 16.4090086, 48.2111419 ], [ 16.40905327, 48.21114547 ], [ 16.40910939, 48.21115622 ], [ 16.40915651, 48.21117013 ], [ 16.40921359, 48.21119411 ], [ 16.40925534, 48.21121791 ], [ 16.40996577, 48.21083975 ] ], [ [ 16.41463709, 48.20272027 ], [ 16.41454161, 48.20283239 ], [ 16.41486029, 48.2032607 ], [ 16.41502728, 48.20363344 ], [ 16.41512077, 48.2039735 ], [ 16.41523458, 48.20476168 ], [ 16.41542578, 48.20466174 ], [ 16.41572607, 48.20450479 ], [ 16.41617113, 48.20427216 ], [ 16.41600831, 48.20408027 ], [ 16.41586214, 48.20385959 ], [ 16.41574619, 48.20361145 ], [ 16.41565444, 48.20326222 ], [ 16.41563653, 48.20229969 ], [ 16.41551309, 48.20172708 ], [ 16.41518117, 48.20204873 ], [ 16.41505252, 48.20219568 ], [ 16.41463709, 48.20272027 ] ], [ [ 16.41461731, 48.20210056 ], [ 16.41506253, 48.20196688 ], [ 16.41520768, 48.20187604 ], [ 16.41538797, 48.20171907 ], [ 16.41544927, 48.20160086 ], [ 16.41541831, 48.20150627 ], [ 16.41525418, 48.20105933 ], [ 16.41494433, 48.20051078 ], [ 16.41472856, 48.20016577 ], [ 16.41457928, 48.19992683 ], [ 16.4142601, 48.19951003 ], [ 16.41393127, 48.19913327 ], [ 16.41369076, 48.19885769 ], [ 16.41362524, 48.19879267 ], [ 16.41356769, 48.19873556 ], [ 16.41346913, 48.19863778 ], [ 16.41345902, 48.19864393 ], [ 16.41012593, 48.20097264 ], [ 16.41006857, 48.20093526 ], [ 16.41342428, 48.19861437 ], [ 16.41343372, 48.19860785 ], [ 16.41286627, 48.19812646 ], [ 16.41202787, 48.19752249 ], [ 16.41196308, 48.19747629 ], [ 16.41176354, 48.19733399 ], [ 16.41166122, 48.19728045 ], [ 16.41135976, 48.19717696 ], [ 16.4112584, 48.19731453 ], [ 16.41123593, 48.19730816 ], [ 16.41120143, 48.19736062 ], [ 16.4111284, 48.19746184 ], [ 16.41108445, 48.19748345 ], [ 16.41036562, 48.19843621 ], [ 16.40969949, 48.19938247 ], [ 16.4088516, 48.2005156 ], [ 16.40846299, 48.20091758 ], [ 16.40798511, 48.20127059 ], [ 16.4077995, 48.20139355 ], [ 16.40760205, 48.201515 ], [ 16.40738644, 48.2016378 ], [ 16.40721961, 48.20172621 ], [ 16.40708961, 48.20179132 ], [ 16.40683256, 48.20191261 ], [ 16.4066926, 48.20197457 ], [ 16.40656004, 48.20203041 ], [ 16.40643647, 48.20208067 ], [ 16.40616594, 48.20218372 ], [ 16.40597877, 48.20224813 ], [ 16.40565106, 48.20235256 ], [ 16.40619998, 48.2031266 ], [ 16.40620585, 48.20313473 ], [ 16.40706786, 48.20279434 ], [ 16.40786941, 48.20242054 ], [ 16.40839569, 48.20213593 ], [ 16.40934058, 48.20154448 ], [ 16.40976791, 48.20131398 ], [ 16.4098138, 48.20128591 ], [ 16.40996616, 48.20119271 ], [ 16.41037462, 48.20112743 ], [ 16.41080192, 48.20106681 ], [ 16.41144332, 48.20099007 ], [ 16.41145535, 48.20108824 ], [ 16.41161706, 48.20109415 ], [ 16.41216451, 48.20114173 ], [ 16.41273794, 48.20128317 ], [ 16.41331832, 48.20157398 ], [ 16.41366656, 48.20180793 ], [ 16.41389689, 48.20199987 ], [ 16.41423807, 48.2021018 ], [ 16.41461731, 48.20210056 ] ], [ [ 16.40565887, 48.20275393 ], [ 16.40544253, 48.20244244 ], [ 16.40490419, 48.20257919 ], [ 16.40411231, 48.2027499 ], [ 16.40433788, 48.20313135 ], [ 16.40565887, 48.20275393 ] ], [ [ 16.40415766, 48.20316761 ], [ 16.40393087, 48.20278724 ], [ 16.40255884, 48.20302646 ], [ 16.40273889, 48.20347844 ], [ 16.40415766, 48.20316761 ] ], [ [ 16.4024933, 48.20352571 ], [ 16.40231553, 48.20307183 ], [ 16.40175075, 48.20316146 ], [ 16.40092882, 48.20331193 ], [ 16.40044935, 48.20341814 ], [ 16.40100294, 48.20394366 ], [ 16.4021853, 48.20359082 ], [ 16.4024933, 48.20352571 ] ], [ [ 16.40082303, 48.2040158 ], [ 16.40026136, 48.20348282 ], [ 16.3999306, 48.203642 ], [ 16.39969535, 48.20378333 ], [ 16.3992538, 48.20410301 ], [ 16.40003647, 48.2044981 ], [ 16.40082303, 48.2040158 ] ], [ [ 16.41471946, 48.20248153 ], [ 16.41496147, 48.2021291 ], [ 16.4149499, 48.20213134 ], [ 16.41463682, 48.20219182 ], [ 16.41426257, 48.20219945 ], [ 16.41403141, 48.2021702 ], [ 16.41436866, 48.20251427 ], [ 16.41440625, 48.20255261 ], [ 16.41446401, 48.20258387 ], [ 16.41455764, 48.20258201 ], [ 16.41463467, 48.20254877 ], [ 16.41471946, 48.20248153 ] ], [ [ 16.41403448, 48.21688014 ], [ 16.41464705, 48.21724476 ], [ 16.41525824, 48.21679935 ], [ 16.41467096, 48.21643094 ], [ 16.41403448, 48.21688014 ] ], [ [ 16.41624028, 48.21531479 ], [ 16.41609041, 48.21542399 ], [ 16.41618767, 48.21549272 ], [ 16.41627108, 48.21556415 ], [ 16.41635137, 48.21564687 ], [ 16.41636381, 48.21565969 ], [ 16.41644458, 48.21576836 ], [ 16.41654332, 48.21591758 ], [ 16.41661151, 48.21606673 ], [ 16.41665587, 48.21620744 ], [ 16.4166827, 48.21632955 ], [ 16.41669097, 48.21642578 ], [ 16.41669367, 48.21645715 ], [ 16.41669211, 48.21657973 ], [ 16.41668043, 48.21668415 ], [ 16.41666524, 48.21675365 ], [ 16.41664943, 48.216826 ], [ 16.41668082, 48.2168445 ], [ 16.4174128, 48.21631061 ], [ 16.41805275, 48.21584385 ], [ 16.41806176, 48.21584357 ], [ 16.41822426, 48.21572429 ], [ 16.4192304, 48.21499387 ], [ 16.42003913, 48.21440674 ], [ 16.42007581, 48.21437541 ], [ 16.4201079, 48.21433618 ], [ 16.42015075, 48.21428705 ], [ 16.4202862, 48.21417408 ], [ 16.42031777, 48.21413971 ], [ 16.42033064, 48.2141129 ], [ 16.42033181, 48.21409068 ], [ 16.42032721, 48.21407252 ], [ 16.42031817, 48.21405706 ], [ 16.42029944, 48.21404043 ], [ 16.42028138, 48.21402273 ], [ 16.4202656, 48.21400125 ], [ 16.42024738, 48.21396655 ], [ 16.42023723, 48.21393328 ], [ 16.42022978, 48.21390388 ], [ 16.42022812, 48.21387636 ], [ 16.42023534, 48.21384614 ], [ 16.42024942, 48.2138178 ], [ 16.42026338, 48.21379809 ], [ 16.42028662, 48.21377326 ], [ 16.42031484, 48.2137521 ], [ 16.42066065, 48.21350237 ], [ 16.42068045, 48.21351558 ], [ 16.4207994, 48.21343132 ], [ 16.42082427, 48.21341772 ], [ 16.42085466, 48.21340484 ], [ 16.42089137, 48.21339348 ], [ 16.42093039, 48.21338706 ], [ 16.42096873, 48.21338362 ], [ 16.42101112, 48.21338431 ], [ 16.42105633, 48.21338841 ], [ 16.42110883, 48.21340159 ], [ 16.4211376, 48.21338385 ], [ 16.42118474, 48.21341188 ], [ 16.42128172, 48.21347323 ], [ 16.42140875, 48.21339238 ], [ 16.4214064, 48.21335649 ], [ 16.42012692, 48.2125529 ], [ 16.41789609, 48.21413822 ], [ 16.41789145, 48.21414151 ], [ 16.41636448, 48.21522792 ], [ 16.4162997, 48.21527536 ], [ 16.41624028, 48.21531479 ] ], [ [ 16.42102593, 48.21345896 ], [ 16.42098338, 48.21345789 ], [ 16.42093415, 48.21346593 ], [ 16.4208848, 48.21348638 ], [ 16.42040914, 48.21381867 ], [ 16.42039047, 48.21383685 ], [ 16.42037866, 48.21385727 ], [ 16.4203736, 48.21388687 ], [ 16.42037701, 48.21391645 ], [ 16.42038727, 48.21393911 ], [ 16.42041624, 48.21396067 ], [ 16.42044856, 48.21397548 ], [ 16.42048773, 48.21398337 ], [ 16.42052002, 48.2139811 ], [ 16.42055405, 48.21397424 ], [ 16.4211672, 48.21354418 ], [ 16.42108382, 48.21349307 ], [ 16.4210838, 48.21348174 ], [ 16.42106844, 48.21346925 ], [ 16.42102593, 48.21345896 ] ], [ [ 16.42103681, 48.21289416 ], [ 16.42161884, 48.21325615 ], [ 16.42298995, 48.21228799 ], [ 16.42240402, 48.21191711 ], [ 16.42103681, 48.21289416 ] ], [ [ 16.42270707, 48.21065842 ], [ 16.42211991, 48.21107519 ], [ 16.42214806, 48.21109397 ], [ 16.42208399, 48.21116827 ], [ 16.42204483, 48.2112137 ], [ 16.42325953, 48.21200801 ], [ 16.42339299, 48.21199928 ], [ 16.42407502, 48.21151033 ], [ 16.4249285, 48.21089844 ], [ 16.42493478, 48.21089402 ], [ 16.42572132, 48.21033966 ], [ 16.4264347, 48.20983685 ], [ 16.42688769, 48.2095157 ], [ 16.42740438, 48.20914891 ], [ 16.42713134, 48.20897367 ], [ 16.42690598, 48.20913186 ], [ 16.42687013, 48.20917128 ], [ 16.42671101, 48.20927779 ], [ 16.42662196, 48.20934552 ], [ 16.42661454, 48.20935116 ], [ 16.42653508, 48.20930671 ], [ 16.4264885, 48.20929361 ], [ 16.42646296, 48.20927992 ], [ 16.42643742, 48.20926622 ], [ 16.42638669, 48.20923902 ], [ 16.42635899, 48.20924992 ], [ 16.42630399, 48.20926795 ], [ 16.42624979, 48.20928076 ], [ 16.42620231, 48.20928889 ], [ 16.42612751, 48.20929552 ], [ 16.42608661, 48.20929627 ], [ 16.42605109, 48.20929531 ], [ 16.42510255, 48.20922826 ], [ 16.42503197, 48.20922328 ], [ 16.42494148, 48.20921712 ], [ 16.42477475, 48.20920448 ], [ 16.42474707, 48.20921034 ], [ 16.42455898, 48.20934386 ], [ 16.42270707, 48.21065842 ] ], [ [ 16.42175507, 48.21095001 ], [ 16.42193233, 48.21082658 ], [ 16.42198306, 48.21083023 ], [ 16.42217219, 48.21079924 ], [ 16.42233331, 48.21075461 ], [ 16.42246519, 48.21068949 ], [ 16.42260823, 48.21061222 ], [ 16.42273037, 48.21051805 ], [ 16.42284093, 48.21041464 ], [ 16.42290552, 48.2103359 ], [ 16.42297221, 48.21022937 ], [ 16.42301589, 48.21011827 ], [ 16.42302503, 48.21003652 ], [ 16.4241247, 48.20925039 ], [ 16.42414314, 48.20925496 ], [ 16.42426998, 48.20915459 ], [ 16.42428136, 48.20912059 ], [ 16.42341491, 48.20858597 ], [ 16.42314267, 48.20863393 ], [ 16.42249737, 48.2092608 ], [ 16.4220319, 48.20970244 ], [ 16.42194424, 48.20974109 ], [ 16.42181752, 48.20983525 ], [ 16.42186601, 48.20986759 ], [ 16.42163083, 48.21003288 ], [ 16.42157775, 48.21007456 ], [ 16.42155708, 48.21010704 ], [ 16.42152947, 48.21017029 ], [ 16.42146542, 48.21016872 ], [ 16.42143968, 48.21030453 ], [ 16.4214743, 48.21033077 ], [ 16.42138823, 48.21051465 ], [ 16.42175507, 48.21095001 ] ], [ [ 16.42676744, 48.20869849 ], [ 16.42611216, 48.20828712 ], [ 16.42585119, 48.20831502 ], [ 16.42534232, 48.20868703 ], [ 16.42486271, 48.20902679 ], [ 16.425092, 48.20904172 ], [ 16.42600461, 48.20910828 ], [ 16.42606906, 48.20910661 ], [ 16.4261577, 48.20909135 ], [ 16.4261651, 48.20908893 ], [ 16.42622224, 48.20907025 ], [ 16.42628502, 48.20903999 ], [ 16.42668006, 48.20876035 ], [ 16.42676744, 48.20869849 ] ], [ [ 16.42886564, 48.20807908 ], [ 16.42834828, 48.20775628 ], [ 16.42703907, 48.20868434 ], [ 16.42756573, 48.20901865 ], [ 16.42886564, 48.20807908 ] ], [ [ 16.43029159, 48.20707877 ], [ 16.42978253, 48.2067325 ], [ 16.42852443, 48.20762483 ], [ 16.42901634, 48.20793452 ], [ 16.42909501, 48.20791683 ], [ 16.43029159, 48.20707877 ] ], [ [ 16.43110308, 48.20646225 ], [ 16.43060897, 48.20615173 ], [ 16.42995707, 48.20660771 ], [ 16.43045531, 48.20692161 ], [ 16.43110308, 48.20646225 ] ], [ [ 16.42105109, 48.21078865 ], [ 16.42101557, 48.2107876 ], [ 16.42099929, 48.21079049 ], [ 16.42097563, 48.21079869 ], [ 16.42094401, 48.21082117 ], [ 16.42091995, 48.21083828 ], [ 16.41932941, 48.21196919 ], [ 16.41813685, 48.2128084 ], [ 16.41797233, 48.21292417 ], [ 16.41736444, 48.21328613 ], [ 16.41712796, 48.21340894 ], [ 16.41623332, 48.21387355 ], [ 16.41532243, 48.21434393 ], [ 16.4142797, 48.21487692 ], [ 16.4142886, 48.21488464 ], [ 16.41477308, 48.21501507 ], [ 16.41561176, 48.21524095 ], [ 16.4158327, 48.21523459 ], [ 16.41598164, 48.21513637 ], [ 16.41638473, 48.21483967 ], [ 16.42113192, 48.21146216 ], [ 16.42128548, 48.2113529 ], [ 16.42144245, 48.21124558 ], [ 16.4214528, 48.21123559 ], [ 16.42145373, 48.21122678 ], [ 16.421449, 48.21121976 ], [ 16.42133351, 48.2110778 ], [ 16.42113445, 48.21083311 ], [ 16.42112044, 48.21081864 ], [ 16.42109754, 48.21080391 ], [ 16.42107021, 48.21079251 ], [ 16.42105109, 48.21078865 ] ], [ [ 16.42063176, 48.21219599 ], [ 16.42029895, 48.21243101 ], [ 16.42097971, 48.21286128 ], [ 16.42129186, 48.2126362 ], [ 16.42234475, 48.21187695 ], [ 16.42229034, 48.2118492 ], [ 16.42167653, 48.21145819 ], [ 16.42063176, 48.21219599 ] ], [ [ 16.43292497, 48.20279847 ], [ 16.43300731, 48.20279736 ], [ 16.43306327, 48.20280141 ], [ 16.43308333, 48.20280287 ], [ 16.43315061, 48.20281153 ], [ 16.4332331, 48.20282729 ], [ 16.43331898, 48.20284853 ], [ 16.43337175, 48.20286675 ], [ 16.43342479, 48.2028882 ], [ 16.43349454, 48.2029197 ], [ 16.43350058, 48.20291565 ], [ 16.43335947, 48.20284805 ], [ 16.43327101, 48.20280954 ], [ 16.4331757, 48.20277959 ], [ 16.43299225, 48.20273334 ], [ 16.43284947, 48.20270657 ], [ 16.43260512, 48.20268582 ], [ 16.43236458, 48.20268305 ], [ 16.43202006, 48.20269341 ], [ 16.43164944, 48.20269822 ], [ 16.43139165, 48.20268269 ], [ 16.43116128, 48.20265078 ], [ 16.43095254, 48.20260742 ], [ 16.43075454, 48.2025476 ], [ 16.43067791, 48.20252685 ], [ 16.43066019, 48.20252205 ], [ 16.43067213, 48.20253021 ], [ 16.43235676, 48.2036814 ], [ 16.43236038, 48.20367564 ], [ 16.43231748, 48.20361398 ], [ 16.43226239, 48.20350458 ], [ 16.43223993, 48.20343436 ], [ 16.43222674, 48.20336162 ], [ 16.43222842, 48.20325478 ], [ 16.43224607, 48.20319424 ], [ 16.43227381, 48.20313774 ], [ 16.43230265, 48.20309095 ], [ 16.43233822, 48.2030464 ], [ 16.43238937, 48.20298952 ], [ 16.43247671, 48.20293333 ], [ 16.4325607, 48.20288847 ], [ 16.43267026, 48.20284539 ], [ 16.43275014, 48.20282428 ], [ 16.43284037, 48.20280793 ], [ 16.43290266, 48.20280099 ], [ 16.43292497, 48.20279847 ] ], [ [ 16.43324857, 48.20289653 ], [ 16.43302788, 48.20286218 ], [ 16.43283096, 48.20288168 ], [ 16.43266125, 48.20291843 ], [ 16.43254796, 48.20298282 ], [ 16.43244086, 48.20304587 ], [ 16.43236816, 48.20315915 ], [ 16.43232385, 48.20327799 ], [ 16.43232814, 48.20341315 ], [ 16.43238665, 48.20355034 ], [ 16.43247663, 48.20368391 ], [ 16.43272541, 48.20391176 ], [ 16.43306124, 48.2041436 ], [ 16.43314144, 48.20408498 ], [ 16.43316702, 48.20402084 ], [ 16.43338211, 48.20386247 ], [ 16.4335918, 48.20369924 ], [ 16.43399178, 48.20342173 ], [ 16.43399679, 48.20329681 ], [ 16.43345456, 48.20298134 ], [ 16.43324857, 48.20289653 ] ], [ [ 16.43124377, 48.20389723 ], [ 16.43134639, 48.20388432 ], [ 16.43146262, 48.20388681 ], [ 16.43166081, 48.20389107 ], [ 16.43178064, 48.20391154 ], [ 16.43182163, 48.20391855 ], [ 16.43185959, 48.20392862 ], [ 16.43197871, 48.20396023 ], [ 16.43223868, 48.20405966 ], [ 16.4322489, 48.20405812 ], [ 16.43071869, 48.20302427 ], [ 16.43063707, 48.20297047 ], [ 16.43053207, 48.20293476 ], [ 16.43061689, 48.20311986 ], [ 16.43068361, 48.20333196 ], [ 16.43070223, 48.2035816 ], [ 16.43060449, 48.20391191 ], [ 16.4303994, 48.20438917 ], [ 16.43037133, 48.2044883 ], [ 16.43044334, 48.20436026 ], [ 16.43047432, 48.20430952 ], [ 16.43054788, 48.2042179 ], [ 16.43061235, 48.20415796 ], [ 16.43069376, 48.20409638 ], [ 16.43084159, 48.20401325 ], [ 16.43101122, 48.20394713 ], [ 16.4311423, 48.2039149 ], [ 16.43118311, 48.20390487 ], [ 16.43124377, 48.20389723 ] ], [ [ 16.43137755, 48.20455832 ], [ 16.43153559, 48.20447269 ], [ 16.43173345, 48.20453996 ], [ 16.43211087, 48.20478067 ], [ 16.43216336, 48.20479231 ], [ 16.43270025, 48.20441028 ], [ 16.43235427, 48.20421901 ], [ 16.43233095, 48.20419349 ], [ 16.43215831, 48.20410416 ], [ 16.43199863, 48.20404053 ], [ 16.43186429, 48.20399819 ], [ 16.43171557, 48.20396396 ], [ 16.43158315, 48.20394743 ], [ 16.43144942, 48.20394296 ], [ 16.43136037, 48.20394663 ], [ 16.43126406, 48.20395714 ], [ 16.43116198, 48.20397566 ], [ 16.43104997, 48.20400696 ], [ 16.43095142, 48.20404005 ], [ 16.43090168, 48.20406122 ], [ 16.43084147, 48.2040905 ], [ 16.43076742, 48.20413391 ], [ 16.43067109, 48.20420656 ], [ 16.43059294, 48.20428676 ], [ 16.43053444, 48.20437116 ], [ 16.43049438, 48.20446023 ], [ 16.43047997, 48.20452967 ], [ 16.43047088, 48.20463408 ], [ 16.43048843, 48.2047365 ], [ 16.43052789, 48.20483414 ], [ 16.43058064, 48.20491584 ], [ 16.43066747, 48.20501407 ], [ 16.43081166, 48.20512838 ], [ 16.43092065, 48.20505282 ], [ 16.43136588, 48.20533142 ], [ 16.43143353, 48.20531228 ], [ 16.43204029, 48.20488091 ], [ 16.43164008, 48.20460938 ], [ 16.43168352, 48.20457708 ], [ 16.43164, 48.20455317 ], [ 16.43155965, 48.20453209 ], [ 16.43147401, 48.204531 ], [ 16.43137755, 48.20455832 ] ], [ [ 16.43323729, 48.20497244 ], [ 16.43272328, 48.20464229 ], [ 16.43151809, 48.2054981 ], [ 16.43203842, 48.2058252 ], [ 16.43323729, 48.20497244 ] ], [ [ 16.43178591, 48.20597937 ], [ 16.43128807, 48.20566116 ], [ 16.43098831, 48.20587589 ], [ 16.43103906, 48.20596551 ], [ 16.43139572, 48.20618186 ], [ 16.43150784, 48.20620974 ], [ 16.43176233, 48.20602975 ], [ 16.43177992, 48.20601391 ], [ 16.43178591, 48.20597937 ] ], [ [ 16.43332736, 48.20422152 ], [ 16.43388365, 48.20457089 ], [ 16.43462088, 48.20406799 ], [ 16.43472418, 48.20378066 ], [ 16.43430463, 48.20352875 ], [ 16.43332736, 48.20422152 ] ], [ [ 16.43645571, 48.20286041 ], [ 16.43581603, 48.20245222 ], [ 16.43447594, 48.2034143 ], [ 16.43500958, 48.20373733 ], [ 16.43519978, 48.20371972 ], [ 16.43596613, 48.20319538 ], [ 16.43645571, 48.20286041 ] ], [ [ 16.43796525, 48.20182927 ], [ 16.43729272, 48.20140925 ], [ 16.4359438, 48.20236479 ], [ 16.43658925, 48.20276613 ], [ 16.43796525, 48.20182927 ] ], [ [ 16.43943791, 48.20082044 ], [ 16.43873386, 48.20037627 ], [ 16.43741241, 48.20132002 ], [ 16.43809719, 48.20174902 ], [ 16.43943791, 48.20082044 ] ] ] ] } },
{ "type": "Feature", "properties": { "LEV1": "Verkehr", "LEV2": "Straßenraum", "LEV3": "Straßenraum", "FLAECHE": 413.07817051000001 }, "geometry": { "type": "Polygon", "coordinates": [ [ [ 16.47990377, 48.17157834 ], [ 16.47964703, 48.17166655 ], [ 16.47963544, 48.17165445 ], [ 16.4795664, 48.17158877 ], [ 16.47958628, 48.17158021 ], [ 16.47955661, 48.17154877 ], [ 16.47953714, 48.17155697 ], [ 16.47952177, 48.17154054 ], [ 16.47982528, 48.17141902 ], [ 16.47990377, 48.17157834 ] ] ] } },
{ "type": "Feature", "properties": { "LEV1": "Baulandnutzung", "LEV2": "Technische Infrastruktur/Kunstbauten/Sondernutzung", "LEV3": "Transformationsfläche, Baustelle, Materialgewinnung", "FLAECHE": 3703.2744199700001 }, "geometry": { "type": "Polygon", "coordinates": [ [ [ 16.39040938, 48.2281443 ], [ 16.39068703, 48.22817169 ], [ 16.39055882, 48.22853624 ], [ 16.39142975, 48.22899448 ], [ 16.39170566, 48.22913963 ], [ 16.39206274, 48.22932748 ], [ 16.39193453, 48.22943035 ], [ 16.39077214, 48.22882166 ], [ 16.39053755, 48.22897797 ], [ 16.39025609, 48.22879776 ], [ 16.39018305, 48.22875804 ], [ 16.39043845, 48.22853492 ], [ 16.39040938, 48.2281443 ] ] ] } },
{ "type": "Feature", "properties": { "LEV1": "Baulandnutzung", "LEV2": "Technische Infrastruktur/Kunstbauten/Sondernutzung", "LEV3": "Energieversorgung, Rundfunkanlage", "FLAECHE": 6305.5234206799996 }, "geometry": { "type": "Polygon", "coordinates": [ [ [ 16.40879862, 48.22258687 ], [ 16.40887766, 48.22262532 ], [ 16.408071, 48.22321839 ], [ 16.40736022, 48.22280029 ], [ 16.40766518, 48.22256997 ], [ 16.40815749, 48.22219816 ], [ 16.40816998, 48.22220665 ], [ 16.40879862, 48.22258687 ] ] ] } },
{ "type": "Feature", "properties": { "LEV1": "Baulandnutzung", "LEV2": "Technische Infrastruktur/Kunstbauten/Sondernutzung", "LEV3": "Transformationsfläche, Baustelle, Materialgewinnung", "FLAECHE": 2434.45044611 }, "geometry": { "type": "Polygon", "coordinates": [ [ [ 16.42129186, 48.2126362 ], [ 16.42097971, 48.21286128 ], [ 16.42029895, 48.21243101 ], [ 16.42063176, 48.21219599 ], [ 16.42129186, 48.2126362 ] ] ] } },
{ "type": "Feature", "properties": { "LEV1": "Baulandnutzung", "LEV2": "Technische Infrastruktur/Kunstbauten/Sondernutzung", "LEV3": "Transformationsfläche, Baustelle, Materialgewinnung", "FLAECHE": 13864.071265480001 }, "geometry": { "type": "Polygon", "coordinates": [ [ [ 16.37046658, 48.22154112 ], [ 16.37068865, 48.22162751 ], [ 16.37100232, 48.22174955 ], [ 16.37157521, 48.22197243 ], [ 16.37178253, 48.2221431 ], [ 16.37142383, 48.22232144 ], [ 16.37143297, 48.22232834 ], [ 16.37163412, 48.22249662 ], [ 16.37122515, 48.22273001 ], [ 16.3716048, 48.22306194 ], [ 16.3709257, 48.22340119 ], [ 16.37052717, 48.22304962 ], [ 16.37035599, 48.22290458 ], [ 16.37044896, 48.22285698 ], [ 16.37048834, 48.22283547 ], [ 16.37107965, 48.22251253 ], [ 16.37062801, 48.22214322 ], [ 16.36981605, 48.2220887 ], [ 16.36981232, 48.22209022 ], [ 16.36983855, 48.22191566 ], [ 16.3697909, 48.22160108 ], [ 16.36996564, 48.22158692 ], [ 16.37000223, 48.22156632 ], [ 16.3701905, 48.22155313 ], [ 16.37018483, 48.22151678 ], [ 16.3703808, 48.22150774 ], [ 16.37046658, 48.22154112 ] ] ] } },
{ "type": "Feature", "properties": { "LEV1": "Baulandnutzung", "LEV2": "Technische Infrastruktur/Kunstbauten/Sondernutzung", "LEV3": "Energieversorgung, Rundfunkanlage", "FLAECHE": 38886.025101029998 }, "geometry": { "type": "Polygon", "coordinates": [ [ [ 16.48283741, 48.17676866 ], [ 16.4827009, 48.17685866 ], [ 16.48262104, 48.17691047 ], [ 16.48239971, 48.17705231 ], [ 16.48205134, 48.1772739 ], [ 16.48202817, 48.17725865 ], [ 16.48177432, 48.17709406 ], [ 16.48170852, 48.17714333 ], [ 16.48018321, 48.17626756 ], [ 16.48009029, 48.17634553 ], [ 16.47954384, 48.17660308 ], [ 16.4792761, 48.17661915 ], [ 16.47850613, 48.17709641 ], [ 16.4780855, 48.17681468 ], [ 16.48144317, 48.17460153 ], [ 16.48162005, 48.17448493 ], [ 16.48182752, 48.17474122 ], [ 16.48182128, 48.17494924 ], [ 16.4818207, 48.17517748 ], [ 16.48166261, 48.17527884 ], [ 16.48125222, 48.17554198 ], [ 16.48281165, 48.17674953 ], [ 16.48283741, 48.17676866 ] ] ] } },
{ "type": "Feature", "properties": { "LEV1": "Baulandnutzung", "LEV2": "Technische Infrastruktur/Kunstbauten/Sondernutzung", "LEV3": "Transformationsfläche, Baustelle, Materialgewinnung", "FLAECHE": 2244.4550834000001 }, "geometry": { "type": "Polygon", "coordinates": [ [ [ 16.39198148, 48.21559794 ], [ 16.39197387, 48.21560508 ], [ 16.39136146, 48.21554725 ], [ 16.39145964, 48.21512443 ], [ 16.39209775, 48.21518298 ], [ 16.39200891, 48.21549559 ], [ 16.39200275, 48.2155259 ], [ 16.39198148, 48.21559794 ] ] ] } },
{ "type": "Feature", "properties": { "LEV1": "Baulandnutzung", "LEV2": "Technische Infrastruktur/Kunstbauten/Sondernutzung", "LEV3": "Transformationsfläche, Baustelle, Materialgewinnung", "FLAECHE": 50330.255373829998 }, "geometry": { "type": "Polygon", "coordinates": [ [ [ 16.42783039, 48.20547889 ], [ 16.42755167, 48.20550267 ], [ 16.42734038, 48.2055371 ], [ 16.42718357, 48.20557158 ], [ 16.42701465, 48.20560391 ], [ 16.42674315, 48.20567886 ], [ 16.4264234, 48.20578199 ], [ 16.42595298, 48.20597302 ], [ 16.42560558, 48.20568332 ], [ 16.42439726, 48.20468702 ], [ 16.42531988, 48.204137 ], [ 16.42479302, 48.20372939 ], [ 16.4260333, 48.20298099 ], [ 16.42653432, 48.20269273 ], [ 16.42722094, 48.20320143 ], [ 16.42750797, 48.20341226 ], [ 16.42750118, 48.20343035 ], [ 16.42741661, 48.20365582 ], [ 16.42718027, 48.20428589 ], [ 16.42696773, 48.20483432 ], [ 16.42685484, 48.20494079 ], [ 16.42725956, 48.20513742 ], [ 16.42732963, 48.20517146 ], [ 16.42733422, 48.20517369 ], [ 16.42739521, 48.20520332 ], [ 16.42769911, 48.20541604 ], [ 16.42783039, 48.20547889 ] ] ] } },
{ "type": "Feature", "properties": { "LEV1": "Baulandnutzung", "LEV2": "Technische Infrastruktur/Kunstbauten/Sondernutzung", "LEV3": "Militärische Anlage", "FLAECHE": 27202.103212049999 }, "geometry": { "type": "Polygon", "coordinates": [ [ [ 16.41441662, 48.21624685 ], [ 16.41230842, 48.21772333 ], [ 16.41203761, 48.2177317 ], [ 16.41202302, 48.21773215 ], [ 16.41108963, 48.21717195 ], [ 16.41109599, 48.21716421 ], [ 16.41214914, 48.2163706 ], [ 16.41325815, 48.21553177 ], [ 16.41441662, 48.21624685 ] ] ] } },
{ "type": "Feature", "properties": { "LEV1": "Baulandnutzung", "LEV2": "Technische Infrastruktur/Kunstbauten/Sondernutzung", "LEV3": "Transformationsfläche, Baustelle, Materialgewinnung", "FLAECHE": 16443.117999869999 }, "geometry": { "type": "Polygon", "coordinates": [ [ [ 16.4180257, 48.2100901 ], [ 16.41859376, 48.20976387 ], [ 16.41922267, 48.20937032 ], [ 16.41931998, 48.20930793 ], [ 16.41949312, 48.20920987 ], [ 16.41963321, 48.20939341 ], [ 16.42009437, 48.21017251 ], [ 16.42010156, 48.21018899 ], [ 16.42010504, 48.21019697 ], [ 16.42010482, 48.21022952 ], [ 16.42008846, 48.21026047 ], [ 16.41964314, 48.21070137 ], [ 16.41919043, 48.21102718 ], [ 16.41865497, 48.21064309 ], [ 16.4180257, 48.2100901 ] ] ] } },
{ "type": "Feature", "properties": { "LEV1": "Baulandnutzung", "LEV2": "Technische Infrastruktur/Kunstbauten/Sondernutzung", "LEV3": "Energieversorgung, Rundfunkanlage", "FLAECHE": 10553.39833573 }, "geometry": { "type": "Polygon", "coordinates": [ [ [ 16.48098087, 48.17412342 ], [ 16.48067404, 48.17433424 ], [ 16.47576991, 48.17759051 ], [ 16.47556454, 48.17747046 ], [ 16.47555046, 48.17746223 ], [ 16.47788722, 48.17593355 ], [ 16.47792854, 48.17590652 ], [ 16.47928487, 48.17501916 ], [ 16.47915006, 48.17493983 ], [ 16.479262, 48.17486191 ], [ 16.47929764, 48.17486365 ], [ 16.47937937, 48.17486769 ], [ 16.47964808, 48.17483965 ], [ 16.48086344, 48.17401042 ], [ 16.48098087, 48.17412342 ] ] ] } },
{ "type": "Feature", "properties": { "LEV1": "Baulandnutzung", "LEV2": "Technische Infrastruktur/Kunstbauten/Sondernutzung", "LEV3": "Transformationsfläche, Baustelle, Materialgewinnung", "FLAECHE": 60196.163175100002 }, "geometry": { "type": "Polygon", "coordinates": [ [ [ 16.42595298, 48.20597302 ], [ 16.42553668, 48.20618207 ], [ 16.42460214, 48.20678606 ], [ 16.42317385, 48.2082115 ], [ 16.42287052, 48.20801505 ], [ 16.42283701, 48.20785131 ], [ 16.42294251, 48.20762271 ], [ 16.42299716, 48.2071623 ], [ 16.42284856, 48.2069589 ], [ 16.42257295, 48.20667969 ], [ 16.42219208, 48.20636557 ], [ 16.42193362, 48.20619984 ], [ 16.42145554, 48.20592104 ], [ 16.42415247, 48.20449358 ], [ 16.42439726, 48.20468702 ], [ 16.42560558, 48.20568332 ], [ 16.42595298, 48.20597302 ] ] ] } },
{ "type": "Feature", "properties": { "LEV1": "Baulandnutzung", "LEV2": "Technische Infrastruktur/Kunstbauten/Sondernutzung", "LEV3": "Transformationsfläche, Baustelle, Materialgewinnung", "FLAECHE": 23995.301357029999 }, "geometry": { "type": "Polygon", "coordinates": [ [ [ 16.42493478, 48.21089402 ], [ 16.4249285, 48.21089844 ], [ 16.42407502, 48.21151033 ], [ 16.42271594, 48.21065638 ], [ 16.42270707, 48.21065842 ], [ 16.42455898, 48.20934386 ], [ 16.4246486, 48.2094078 ], [ 16.42459232, 48.20976745 ], [ 16.42461581, 48.20989191 ], [ 16.42572132, 48.21033966 ], [ 16.42493478, 48.21089402 ] ] ] } },
{ "type": "Feature", "properties": { "LEV1": "Baulandnutzung", "LEV2": "Technische Infrastruktur/Kunstbauten/Sondernutzung", "LEV3": "Energieversorgung, Rundfunkanlage", "FLAECHE": 5129.6312115500004 }, "geometry": { "type": "Polygon", "coordinates": [ [ [ 16.47915006, 48.17493983 ], [ 16.47928487, 48.17501916 ], [ 16.47792854, 48.17590652 ], [ 16.47788722, 48.17593355 ], [ 16.47555046, 48.17746223 ], [ 16.47545312, 48.17740533 ], [ 16.47544722, 48.17740912 ], [ 16.47541338, 48.17738738 ], [ 16.47915006, 48.17493983 ] ] ] } },
{ "type": "Feature", "properties": { "LEV1": "Baulandnutzung", "LEV2": "Technische Infrastruktur/Kunstbauten/Sondernutzung", "LEV3": "Transformationsfläche, Baustelle, Materialgewinnung", "FLAECHE": 41562.649511060001 }, "geometry": { "type": "Polygon", "coordinates": [ [ [ 16.39096447, 48.22402918 ], [ 16.39087652, 48.22441973 ], [ 16.39063823, 48.22523723 ], [ 16.39045492, 48.2257502 ], [ 16.39039844, 48.22592604 ], [ 16.38979942, 48.22776966 ], [ 16.38984946, 48.22777802 ], [ 16.38985733, 48.22780192 ], [ 16.38982864, 48.22788719 ], [ 16.3898136, 48.2278857 ], [ 16.38870086, 48.22777934 ], [ 16.38914432, 48.22579281 ], [ 16.38957636, 48.22382597 ], [ 16.38964017, 48.22383529 ], [ 16.39096447, 48.22402918 ] ] ] } },
{ "type": "Feature", "properties": { "LEV1": "Baulandnutzung", "LEV2": "Technische Infrastruktur/Kunstbauten/Sondernutzung", "LEV3": "Transformationsfläche, Baustelle, Materialgewinnung", "FLAECHE": 3666.7560951700002 }, "geometry": { "type": "Polygon", "coordinates": [ [ [ 16.39970041, 48.22886995 ], [ 16.39996658, 48.22865024 ], [ 16.40023276, 48.22843053 ], [ 16.40024312, 48.22843622 ], [ 16.40085099, 48.22877013 ], [ 16.40072494, 48.22886934 ], [ 16.40031085, 48.22919528 ], [ 16.39970041, 48.22886995 ] ] ] } },
{ "type": "Feature", "properties": { "LEV1": "Baulandnutzung", "LEV2": "Technische Infrastruktur/Kunstbauten/Sondernutzung", "LEV3": "Transformationsfläche, Baustelle, Materialgewinnung", "FLAECHE": 4643.3704535699999 }, "geometry": { "type": "Polygon", "coordinates": [ [ [ 16.39068703, 48.22817169 ], [ 16.39168484, 48.22827013 ], [ 16.39142975, 48.22899448 ], [ 16.39055882, 48.22853624 ], [ 16.39068703, 48.22817169 ] ] ] } },
{ "type": "Feature", "properties": { "LEV1": "Baulandnutzung", "LEV2": "Technische Infrastruktur/Kunstbauten/Sondernutzung", "LEV3": "Energieversorgung, Rundfunkanlage", "FLAECHE": 1860.0119319099999 }, "geometry": { "type": "Polygon", "coordinates": [ [ [ 16.41121267, 48.21016138 ], [ 16.41055797, 48.21050077 ], [ 16.41030834, 48.21028527 ], [ 16.41096005, 48.20994793 ], [ 16.41121267, 48.21016138 ] ] ] } },
{ "type": "Feature", "properties": { "LEV1": "Baulandnutzung", "LEV2": "Wohn- u. Mischnutzung (Schwerpunkt Wohnen)", "LEV3": "dichtes Wohn(misch)gebiet", "FLAECHE": 4508.5133949900001 }, "geometry": { "type": "Polygon", "coordinates": [ [ [ 16.38101424, 48.21375807 ], [ 16.38030499, 48.21390061 ], [ 16.38027982, 48.21384694 ], [ 16.38016927, 48.21387031 ], [ 16.38014913, 48.21382676 ], [ 16.37998243, 48.21386312 ], [ 16.37997106, 48.21382987 ], [ 16.37975614, 48.21331924 ], [ 16.38024241, 48.21329415 ], [ 16.38055344, 48.213233 ], [ 16.38058261, 48.21322774 ], [ 16.38084046, 48.21354455 ], [ 16.38101424, 48.21375807 ] ] ] } },
{ "type": "Feature", "properties": { "LEV1": "Baulandnutzung", "LEV2": "Wohn- u. Mischnutzung (Schwerpunkt Wohnen)", "LEV3": "dichtes Wohn(misch)gebiet", "FLAECHE": 4409.9621999700003 }, "geometry": { "type": "Polygon", "coordinates": [ [ [ 16.3740179, 48.21840449 ], [ 16.37361537, 48.2187362 ], [ 16.37354688, 48.21873829 ], [ 16.37288122, 48.21827095 ], [ 16.3732332, 48.21781282 ], [ 16.37329092, 48.21781118 ], [ 16.3740179, 48.21840449 ] ] ] } },
{ "type": "Feature", "properties": { "LEV1": "Baulandnutzung", "LEV2": "Wohn- u. Mischnutzung (Schwerpunkt Wohnen)", "LEV3": "dichtes Wohn(misch)gebiet", "FLAECHE": 1025.2334185 }, "geometry": { "type": "Polygon", "coordinates": [ [ [ 16.38138359, 48.21741842 ], [ 16.38136605, 48.21744059 ], [ 16.3809626, 48.21750267 ], [ 16.380926, 48.21750296 ], [ 16.38092302, 48.21717309 ], [ 16.38098181, 48.21716187 ], [ 16.38112746, 48.21713636 ], [ 16.38118673, 48.21712775 ], [ 16.38138359, 48.21741842 ] ] ] } },
{ "type": "Feature", "properties": { "LEV1": "Baulandnutzung", "LEV2": "Wohn- u. Mischnutzung (Schwerpunkt Wohnen)", "LEV3": "dichtes Wohn(misch)gebiet", "FLAECHE": 10808.05396238 }, "geometry": { "type": "Polygon", "coordinates": [ [ [ 16.40002045, 48.22828813 ], [ 16.40003056, 48.22829404 ], [ 16.4000337, 48.22833388 ], [ 16.39863355, 48.22949243 ], [ 16.39862101, 48.22949041 ], [ 16.39797627, 48.22912829 ], [ 16.39937559, 48.22794807 ], [ 16.40002045, 48.22828813 ] ] ] } },
{ "type": "Feature", "properties": { "LEV1": "Baulandnutzung", "LEV2": "Wohn- u. Mischnutzung (Schwerpunkt Wohnen)", "LEV3": "dichtes Wohn(misch)gebiet", "FLAECHE": 5995.6318000199999 }, "geometry": { "type": "Polygon", "coordinates": [ [ [ 16.38785347, 48.22071908 ], [ 16.38840015, 48.22153955 ], [ 16.38760574, 48.22168065 ], [ 16.38713493, 48.22068289 ], [ 16.3871571, 48.22065275 ], [ 16.38785347, 48.22071908 ] ] ] } },
{ "type": "Feature", "properties": { "LEV1": "Baulandnutzung", "LEV2": "Wohn- u. Mischnutzung (Schwerpunkt Wohnen)", "LEV3": "dichtes Wohn(misch)gebiet", "FLAECHE": 1362.8385500500001 }, "geometry": { "type": "Polygon", "coordinates": [ [ [ 16.41304168, 48.21223446 ], [ 16.41286649, 48.21232622 ], [ 16.41272719, 48.21220752 ], [ 16.41265404, 48.21224579 ], [ 16.41240251, 48.2120311 ], [ 16.41234456, 48.21206145 ], [ 16.41220526, 48.21194265 ], [ 16.41213225, 48.21198092 ], [ 16.41196695, 48.21183993 ], [ 16.41214213, 48.21174817 ], [ 16.41230825, 48.21188988 ], [ 16.41238125, 48.21185161 ], [ 16.41255289, 48.211998 ], [ 16.41261084, 48.21196765 ], [ 16.41283004, 48.21215475 ], [ 16.41290318, 48.21211639 ], [ 16.41304168, 48.21223446 ] ] ] } },
{ "type": "Feature", "properties": { "LEV1": "Baulandnutzung", "LEV2": "Wohn- u. Mischnutzung (Schwerpunkt Wohnen)", "LEV3": "dichtes Wohn(misch)gebiet", "FLAECHE": 2634.8382496999998 }, "geometry": { "type": "Polygon", "coordinates": [ [ [ 16.38737619, 48.21797754 ], [ 16.38760028, 48.21825263 ], [ 16.38661787, 48.21847915 ], [ 16.38656027, 48.21847342 ], [ 16.38638359, 48.21823333 ], [ 16.38737619, 48.21797754 ] ] ] } },
{ "type": "Feature", "properties": { "LEV1": "Baulandnutzung", "LEV2": "Wohn- u. Mischnutzung (Schwerpunkt Wohnen)", "LEV3": "dichtes Wohn(misch)gebiet", "FLAECHE": 3912.7854145299998 }, "geometry": { "type": "Polygon", "coordinates": [ [ [ 16.38284096, 48.21312547 ], [ 16.38274315, 48.21357313 ], [ 16.38274113, 48.21358237 ], [ 16.38259323, 48.2135387 ], [ 16.3824391, 48.21349319 ], [ 16.3823531, 48.21346435 ], [ 16.38203812, 48.21334334 ], [ 16.38128659, 48.21300306 ], [ 16.38128937, 48.2129944 ], [ 16.38133938, 48.21290817 ], [ 16.38284096, 48.21312547 ] ] ] } },
{ "type": "Feature", "properties": { "LEV1": "Baulandnutzung", "LEV2": "Wohn- u. Mischnutzung (Schwerpunkt Wohnen)", "LEV3": "dichtes Wohn(misch)gebiet", "FLAECHE": 9778.74695006 }, "geometry": { "type": "Polygon", "coordinates": [ [ [ 16.43796525, 48.20182927 ], [ 16.43658925, 48.20276613 ], [ 16.4359438, 48.20236479 ], [ 16.43729272, 48.20140925 ], [ 16.43796525, 48.20182927 ] ] ] } },
{ "type": "Feature", "properties": { "LEV1": "Baulandnutzung", "LEV2": "Wohn- u. Mischnutzung (Schwerpunkt Wohnen)", "LEV3": "dichtes Wohn(misch)gebiet", "FLAECHE": 4155.3711240900002 }, "geometry": { "type": "Polygon", "coordinates": [ [ [ 16.37641204, 48.22044343 ], [ 16.37746078, 48.22095419 ], [ 16.37747171, 48.22095971 ], [ 16.37702514, 48.22124217 ], [ 16.37694013, 48.22119383 ], [ 16.3759912, 48.22058639 ], [ 16.3762828, 48.22037755 ], [ 16.37641204, 48.22044343 ] ] ] } },
{ "type": "Feature", "properties": { "LEV1": "Baulandnutzung", "LEV2": "Wohn- u. Mischnutzung (Schwerpunkt Wohnen)", "LEV3": "dichtes Wohn(misch)gebiet", "FLAECHE": 7674.8256500300004 }, "geometry": { "type": "Polygon", "coordinates": [ [ [ 16.38144814, 48.22041484 ], [ 16.38062991, 48.22056967 ], [ 16.38025334, 48.21960493 ], [ 16.3802825, 48.2195488 ], [ 16.3802149, 48.21950422 ], [ 16.3805183, 48.21927217 ], [ 16.38059125, 48.21927826 ], [ 16.38067664, 48.21920628 ], [ 16.38077055, 48.2191887 ], [ 16.38144814, 48.22041484 ] ] ] } },
{ "type": "Feature", "properties": { "LEV1": "Baulandnutzung", "LEV2": "Wohn- u. Mischnutzung (Schwerpunkt Wohnen)", "LEV3": "dichtes, durchgrüntes Wohn(misch)gebiet", "FLAECHE": 21162.77002493 }, "geometry": { "type": "Polygon", "coordinates": [ [ [ 16.39551987, 48.21286215 ], [ 16.39511552, 48.21333245 ], [ 16.39502317, 48.21330158 ], [ 16.39482053, 48.21359611 ], [ 16.39472549, 48.21373424 ], [ 16.39434078, 48.21429338 ], [ 16.39364482, 48.21419023 ], [ 16.39292052, 48.21410416 ], [ 16.39294586, 48.21377689 ], [ 16.39288287, 48.21339857 ], [ 16.39397674, 48.21296186 ], [ 16.39426075, 48.21281081 ], [ 16.39471346, 48.21251362 ], [ 16.39551987, 48.21286215 ] ] ] } },
{ "type": "Feature", "properties": { "LEV1": "Baulandnutzung", "LEV2": "Wohn- u. Mischnutzung (Schwerpunkt Wohnen)", "LEV3": "dichtes Wohn(misch)gebiet", "FLAECHE": 3624.4457580399999 }, "geometry": { "type": "Polygon", "coordinates": [ [ [ 16.38136375, 48.22299857 ], [ 16.38137128, 48.22299754 ], [ 16.38138201, 48.22302427 ], [ 16.38179953, 48.22406423 ], [ 16.3814097, 48.22413229 ], [ 16.38100126, 48.22309562 ], [ 16.38119392, 48.2230209 ], [ 16.38136375, 48.22299857 ] ] ] } },
{ "type": "Feature", "properties": { "LEV1": "Baulandnutzung", "LEV2": "Wohn- u. Mischnutzung (Schwerpunkt Wohnen)", "LEV3": "dichtes Wohn(misch)gebiet", "FLAECHE": 1562.99369996 }, "geometry": { "type": "Polygon", "coordinates": [ [ [ 16.38162978, 48.21779001 ], [ 16.3809421, 48.21791619 ], [ 16.38093577, 48.21759549 ], [ 16.38145486, 48.2175148 ], [ 16.38162978, 48.21779001 ] ] ] } },
{ "type": "Feature", "properties": { "LEV1": "Baulandnutzung", "LEV2": "Wohn- u. Mischnutzung (Schwerpunkt Wohnen)", "LEV3": "dichtes Wohn(misch)gebiet", "FLAECHE": 6964.8560999800002 }, "geometry": { "type": "Polygon", "coordinates": [ [ [ 16.40467541, 48.21965574 ], [ 16.40363568, 48.22047042 ], [ 16.40283519, 48.22034228 ], [ 16.40282303, 48.22030703 ], [ 16.40367167, 48.21959482 ], [ 16.40462472, 48.21959218 ], [ 16.40467541, 48.21965574 ] ] ] } },
{ "type": "Feature", "properties": { "LEV1": "Baulandnutzung", "LEV2": "Wohn- u. Mischnutzung (Schwerpunkt Wohnen)", "LEV3": "dichtes Wohn(misch)gebiet", "FLAECHE": 5847.0385500599996 }, "geometry": { "type": "Polygon", "coordinates": [ [ [ 16.37965346, 48.21600707 ], [ 16.37935117, 48.21642042 ], [ 16.37830892, 48.21654069 ], [ 16.37831294, 48.21602735 ], [ 16.37954062, 48.21576061 ], [ 16.37965346, 48.21600707 ] ] ] } },
{ "type": "Feature", "properties": { "LEV1": "Baulandnutzung", "LEV2": "Wohn- u. Mischnutzung (Schwerpunkt Wohnen)", "LEV3": "locker bebautes Wohn(misch)gebiet", "FLAECHE": 4841.4852699800003 }, "geometry": { "type": "Polygon", "coordinates": [ [ [ 16.4075527, 48.22109991 ], [ 16.4075627, 48.22110593 ], [ 16.40710089, 48.22144283 ], [ 16.40709067, 48.22143699 ], [ 16.40614261, 48.22089519 ], [ 16.40660858, 48.22054463 ], [ 16.4075527, 48.22109991 ] ] ] } },
{ "type": "Feature", "properties": { "LEV1": "Baulandnutzung", "LEV2": "Wohn- u. Mischnutzung (Schwerpunkt Wohnen)", "LEV3": "dichtes Wohn(misch)gebiet", "FLAECHE": 6708.60110859 }, "geometry": { "type": "Polygon", "coordinates": [ [ [ 16.40262426, 48.21942736 ], [ 16.40125613, 48.21943379 ], [ 16.40125287, 48.21888404 ], [ 16.40301789, 48.21887714 ], [ 16.40301806, 48.2190313 ], [ 16.4026237, 48.21902784 ], [ 16.40262426, 48.21942736 ] ] ] } },
{ "type": "Feature", "properties": { "LEV1": "Baulandnutzung", "LEV2": "Wohn- u. Mischnutzung (Schwerpunkt Wohnen)", "LEV3": "dichtes Wohn(misch)gebiet", "FLAECHE": 2453.6443999799999 }, "geometry": { "type": "Polygon", "coordinates": [ [ [ 16.38794367, 48.22288613 ], [ 16.38735902, 48.22299737 ], [ 16.3871412, 48.22253 ], [ 16.38772747, 48.22242074 ], [ 16.38794367, 48.22288613 ] ] ] } },
{ "type": "Feature", "properties": { "LEV1": "Baulandnutzung", "LEV2": "Wohn- u. Mischnutzung (Schwerpunkt Wohnen)", "LEV3": "dichtes, durchgrüntes Wohn(misch)gebiet", "FLAECHE": 20772.767154230001 }, "geometry": { "type": "Polygon", "coordinates": [ [ [ 16.43716042, 48.20123824 ], [ 16.43442519, 48.20318457 ], [ 16.433765, 48.20273799 ], [ 16.43646044, 48.20080527 ], [ 16.43716042, 48.20123824 ] ] ] } },
{ "type": "Feature", "properties": { "LEV1": "Baulandnutzung", "LEV2": "Wohn- u. Mischnutzung (Schwerpunkt Wohnen)", "LEV3": "Wohn(misch)gebiet mittlerer Dichte", "FLAECHE": 4379.2070289000003 }, "geometry": { "type": "Polygon", "coordinates": [ [ [ 16.39857136, 48.21076004 ], [ 16.3982846, 48.21076203 ], [ 16.39820924, 48.2107629 ], [ 16.39812382, 48.21076391 ], [ 16.39801255, 48.21076496 ], [ 16.39794648, 48.2107659 ], [ 16.39791542, 48.21080501 ], [ 16.3978082, 48.21093999 ], [ 16.39779655, 48.21095465 ], [ 16.3976454, 48.21091593 ], [ 16.39764617, 48.21091314 ], [ 16.39793355, 48.2100781 ], [ 16.39856325, 48.21015694 ], [ 16.39857652, 48.2101586 ], [ 16.39857105, 48.21074946 ], [ 16.39857136, 48.21076004 ] ] ] } },
{ "type": "Feature", "properties": { "LEV1": "Baulandnutzung", "LEV2": "Wohn- u. Mischnutzung (Schwerpunkt Wohnen)", "LEV3": "dichtes Wohn(misch)gebiet", "FLAECHE": 3128.0931499899998 }, "geometry": { "type": "Polygon", "coordinates": [ [ [ 16.4111163, 48.21857127 ], [ 16.41029578, 48.21807565 ], [ 16.41182059, 48.21807394 ], [ 16.4111163, 48.21857127 ] ] ] } },
{ "type": "Feature", "properties": { "LEV1": "Baulandnutzung", "LEV2": "Wohn- u. Mischnutzung (Schwerpunkt Wohnen)", "LEV3": "dichtes Wohn(misch)gebiet", "FLAECHE": 12588.758400029999 }, "geometry": { "type": "Polygon", "coordinates": [ [ [ 16.37462645, 48.2164462 ], [ 16.37478195, 48.21780511 ], [ 16.37413559, 48.21831299 ], [ 16.3733456, 48.2176768 ], [ 16.37391888, 48.21697128 ], [ 16.37445957, 48.21642242 ], [ 16.37462645, 48.2164462 ] ] ] } },
{ "type": "Feature", "properties": { "LEV1": "Baulandnutzung", "LEV2": "Wohn- u. Mischnutzung (Schwerpunkt Wohnen)", "LEV3": "dichtes Wohn(misch)gebiet", "FLAECHE": 6130.72634887 }, "geometry": { "type": "Polygon", "coordinates": [ [ [ 16.39009519, 48.21912319 ], [ 16.38997878, 48.21962606 ], [ 16.38893599, 48.21952636 ], [ 16.3885972, 48.21924484 ], [ 16.38858877, 48.21923783 ], [ 16.38936228, 48.21883674 ], [ 16.38937094, 48.21884364 ], [ 16.38946962, 48.21892231 ], [ 16.38983176, 48.2190547 ], [ 16.39009519, 48.21912319 ] ] ] } },
{ "type": "Feature", "properties": { "LEV1": "Baulandnutzung", "LEV2": "Wohn- u. Mischnutzung (Schwerpunkt Wohnen)", "LEV3": "dichtes Wohn(misch)gebiet", "FLAECHE": 3448.4608500600002 }, "geometry": { "type": "Polygon", "coordinates": [ [ [ 16.38819559, 48.21902272 ], [ 16.38816559, 48.21903145 ], [ 16.38710903, 48.21926647 ], [ 16.38688868, 48.21894623 ], [ 16.38793741, 48.21867794 ], [ 16.38819559, 48.21902272 ] ] ] } },
{ "type": "Feature", "properties": { "LEV1": "Baulandnutzung", "LEV2": "Wohn- u. Mischnutzung (Schwerpunkt Wohnen)", "LEV3": "dichtes Wohn(misch)gebiet", "FLAECHE": 13023.209216380001 }, "geometry": { "type": "Polygon", "coordinates": [ [ [ 16.39547391, 48.23314629 ], [ 16.39426852, 48.23416983 ], [ 16.39419478, 48.23419297 ], [ 16.39283279, 48.23348229 ], [ 16.39339036, 48.23300864 ], [ 16.39382514, 48.23310549 ], [ 16.39420243, 48.23317063 ], [ 16.39430557, 48.23318844 ], [ 16.3947019, 48.23320173 ], [ 16.39509776, 48.23317511 ], [ 16.39547391, 48.23314629 ] ] ] } },
{ "type": "Feature", "properties": { "LEV1": "Baulandnutzung", "LEV2": "Wohn- u. Mischnutzung (Schwerpunkt Wohnen)", "LEV3": "dichtes Wohn(misch)gebiet", "FLAECHE": 2326.05000002 }, "geometry": { "type": "Polygon", "coordinates": [ [ [ 16.3876696, 48.22228928 ], [ 16.38707809, 48.22239908 ], [ 16.3868739, 48.2219657 ], [ 16.38746917, 48.2218505 ], [ 16.3876696, 48.22228928 ] ] ] } },
{ "type": "Feature", "properties": { "LEV1": "Baulandnutzung", "LEV2": "Wohn- u. Mischnutzung (Schwerpunkt Wohnen)", "LEV3": "dichtes Wohn(misch)gebiet", "FLAECHE": 11321.506150020001 }, "geometry": { "type": "Polygon", "coordinates": [ [ [ 16.38692174, 48.21930657 ], [ 16.38509647, 48.21968022 ], [ 16.38473032, 48.21899518 ], [ 16.3864467, 48.21862159 ], [ 16.38692174, 48.21930657 ] ] ] } },
{ "type": "Feature", "properties": { "LEV1": "Baulandnutzung", "LEV2": "Wohn- u. Mischnutzung (Schwerpunkt Wohnen)", "LEV3": "dichtes Wohn(misch)gebiet", "FLAECHE": 13370.198793469999 }, "geometry": { "type": "Polygon", "coordinates": [ [ [ 16.40942246, 48.21810966 ], [ 16.40812312, 48.21911638 ], [ 16.40811294, 48.21911049 ], [ 16.4073914, 48.21869316 ], [ 16.40642789, 48.21812323 ], [ 16.40643276, 48.218092 ], [ 16.40643766, 48.21808392 ], [ 16.40650077, 48.21808199 ], [ 16.40942214, 48.21807378 ], [ 16.40942246, 48.21810966 ] ] ] } },
{ "type": "Feature", "properties": { "LEV1": "Baulandnutzung", "LEV2": "Wohn- u. Mischnutzung (Schwerpunkt Wohnen)", "LEV3": "dichtes Wohn(misch)gebiet", "FLAECHE": 7402.0956999600003 }, "geometry": { "type": "Polygon", "coordinates": [ [ [ 16.38956655, 48.21546491 ], [ 16.38950736, 48.21548014 ], [ 16.38792151, 48.21479477 ], [ 16.38796358, 48.21474097 ], [ 16.3898182, 48.21457411 ], [ 16.38956655, 48.21546491 ] ] ] } },
{ "type": "Feature", "properties": { "LEV1": "Baulandnutzung", "LEV2": "Wohn- u. Mischnutzung (Schwerpunkt Wohnen)", "LEV3": "dichtes Wohn(misch)gebiet", "FLAECHE": 3626.3244893699998 }, "geometry": { "type": "Polygon", "coordinates": [ [ [ 16.39198148, 48.21559794 ], [ 16.3918959, 48.21588766 ], [ 16.39187411, 48.21602374 ], [ 16.3918686, 48.21627276 ], [ 16.39119442, 48.21627075 ], [ 16.39136146, 48.21554725 ], [ 16.39197387, 48.21560508 ], [ 16.39198148, 48.21559794 ] ] ] } },
{ "type": "Feature", "properties": { "LEV1": "Baulandnutzung", "LEV2": "Wohn- u. Mischnutzung (Schwerpunkt Wohnen)", "LEV3": "dichtes Wohn(misch)gebiet", "FLAECHE": 5200.1719864899997 }, "geometry": { "type": "Polygon", "coordinates": [ [ [ 16.42900679, 48.20624363 ], [ 16.42961441, 48.20661572 ], [ 16.42881882, 48.20717497 ], [ 16.42822683, 48.20679622 ], [ 16.42900679, 48.20624363 ] ] ] } },
{ "type": "Feature", "properties": { "LEV1": "Baulandnutzung", "LEV2": "Wohn- u. Mischnutzung (Schwerpunkt Wohnen)", "LEV3": "dichtes Wohn(misch)gebiet", "FLAECHE": 8693.2394070600003 }, "geometry": { "type": "Polygon", "coordinates": [ [ [ 16.40096647, 48.22258356 ], [ 16.40096273, 48.22259179 ], [ 16.40040006, 48.22304905 ], [ 16.40039158, 48.22305602 ], [ 16.39902965, 48.22232293 ], [ 16.39942343, 48.22200282 ], [ 16.39959445, 48.22186379 ], [ 16.40096647, 48.22258356 ] ] ] } },
{ "type": "Feature", "properties": { "LEV1": "Baulandnutzung", "LEV2": "Wohn- u. Mischnutzung (Schwerpunkt Wohnen)", "LEV3": "dichtes Wohn(misch)gebiet", "FLAECHE": 8667.4302274199999 }, "geometry": { "type": "Polygon", "coordinates": [ [ [ 16.40252116, 48.22342191 ], [ 16.40251529, 48.22342979 ], [ 16.40195742, 48.22386524 ], [ 16.40191073, 48.22385986 ], [ 16.40189833, 48.22385682 ], [ 16.40058255, 48.22315682 ], [ 16.40059113, 48.22314989 ], [ 16.4011473, 48.22269613 ], [ 16.40115825, 48.22269155 ], [ 16.40252116, 48.22342191 ] ] ] } },
{ "type": "Feature", "properties": { "LEV1": "Baulandnutzung", "LEV2": "Wohn- u. Mischnutzung (Schwerpunkt Wohnen)", "LEV3": "dichtes Wohn(misch)gebiet", "FLAECHE": 7870.85672221 }, "geometry": { "type": "Polygon", "coordinates": [ [ [ 16.39050166, 48.22240534 ], [ 16.39045623, 48.2226186 ], [ 16.3906699, 48.22263991 ], [ 16.39041562, 48.22361706 ], [ 16.38960695, 48.22350113 ], [ 16.38987787, 48.22234466 ], [ 16.38990829, 48.2223486 ], [ 16.39009083, 48.22236537 ], [ 16.39038129, 48.222393 ], [ 16.39039573, 48.22239437 ], [ 16.39050166, 48.22240534 ] ] ] } },
{ "type": "Feature", "properties": { "LEV1": "Baulandnutzung", "LEV2": "Wohn- u. Mischnutzung (Schwerpunkt Wohnen)", "LEV3": "dichtes Wohn(misch)gebiet", "FLAECHE": 6039.0699000499999 }, "geometry": { "type": "Polygon", "coordinates": [ [ [ 16.39901131, 48.21944161 ], [ 16.39881757, 48.21981008 ], [ 16.39804681, 48.21965545 ], [ 16.39820146, 48.21889265 ], [ 16.39901091, 48.21889167 ], [ 16.39901131, 48.21944161 ] ] ] } },
{ "type": "Feature", "properties": { "LEV1": "Baulandnutzung", "LEV2": "Wohn- u. Mischnutzung (Schwerpunkt Wohnen)", "LEV3": "dichtes Wohn(misch)gebiet", "FLAECHE": 8387.8465000199994 }, "geometry": { "type": "Polygon", "coordinates": [ [ [ 16.373831, 48.22172215 ], [ 16.37319295, 48.22208433 ], [ 16.37202076, 48.22113124 ], [ 16.37264428, 48.22078364 ], [ 16.373831, 48.22172215 ] ] ] } },
{ "type": "Feature", "properties": { "LEV1": "Baulandnutzung", "LEV2": "Wohn- u. Mischnutzung (Schwerpunkt Wohnen)", "LEV3": "dichtes Wohn(misch)gebiet", "FLAECHE": 13992.922167520001 }, "geometry": { "type": "Polygon", "coordinates": [ [ [ 16.40520266, 48.22174967 ], [ 16.40598154, 48.22221495 ], [ 16.4059914, 48.22222106 ], [ 16.40584648, 48.22233393 ], [ 16.4044823, 48.2232999 ], [ 16.4044718, 48.22329425 ], [ 16.40371894, 48.22288954 ], [ 16.40365722, 48.222834 ], [ 16.40508876, 48.22171376 ], [ 16.40520266, 48.22174967 ] ] ] } },
{ "type": "Feature", "properties": { "LEV1": "Baulandnutzung", "LEV2": "Wohn- u. Mischnutzung (Schwerpunkt Wohnen)", "LEV3": "dichtes Wohn(misch)gebiet", "FLAECHE": 10083.082400159999 }, "geometry": { "type": "Polygon", "coordinates": [ [ [ 16.41539676, 48.2153491 ], [ 16.41545191, 48.21550807 ], [ 16.41458692, 48.21611903 ], [ 16.41342952, 48.2153982 ], [ 16.4136853, 48.21520521 ], [ 16.41405879, 48.21498696 ], [ 16.41539676, 48.2153491 ] ] ] } },
{ "type": "Feature", "properties": { "LEV1": "Baulandnutzung", "LEV2": "Wohn- u. Mischnutzung (Schwerpunkt Wohnen)", "LEV3": "dichtes Wohn(misch)gebiet", "FLAECHE": 5660.9435999500001 }, "geometry": { "type": "Polygon", "coordinates": [ [ [ 16.38876185, 48.22517021 ], [ 16.38865032, 48.22560265 ], [ 16.38753005, 48.22593303 ], [ 16.38723459, 48.22549267 ], [ 16.38861871, 48.22509896 ], [ 16.38876185, 48.22517021 ] ] ] } },
{ "type": "Feature", "properties": { "LEV1": "Baulandnutzung", "LEV2": "Wohn- u. Mischnutzung (Schwerpunkt Wohnen)", "LEV3": "dichtes Wohn(misch)gebiet", "FLAECHE": 3387.6149000700002 }, "geometry": { "type": "Polygon", "coordinates": [ [ [ 16.3887603, 48.22208069 ], [ 16.38786322, 48.22225115 ], [ 16.38765768, 48.22181382 ], [ 16.38847536, 48.22165562 ], [ 16.3887603, 48.22208069 ] ] ] } },
{ "type": "Feature", "properties": { "LEV1": "Baulandnutzung", "LEV2": "Wohn- u. Mischnutzung (Schwerpunkt Wohnen)", "LEV3": "dichtes Wohn(misch)gebiet", "FLAECHE": 3812.5332000399999 }, "geometry": { "type": "Polygon", "coordinates": [ [ [ 16.38590631, 48.22395191 ], [ 16.38504889, 48.22412081 ], [ 16.38484357, 48.22361629 ], [ 16.38568915, 48.22345459 ], [ 16.38590631, 48.22395191 ] ] ] } },
{ "type": "Feature", "properties": { "LEV1": "Baulandnutzung", "LEV2": "Wohn- u. Mischnutzung (Schwerpunkt Wohnen)", "LEV3": "dichtes Wohn(misch)gebiet", "FLAECHE": 2189.73935007 }, "geometry": { "type": "Polygon", "coordinates": [ [ [ 16.39115812, 48.21441582 ], [ 16.39113606, 48.21442402 ], [ 16.39080892, 48.21440115 ], [ 16.39049636, 48.21442127 ], [ 16.39043532, 48.21408621 ], [ 16.39124233, 48.21401658 ], [ 16.39115812, 48.21441582 ] ] ] } },
{ "type": "Feature", "properties": { "LEV1": "Baulandnutzung", "LEV2": "Wohn- u. Mischnutzung (Schwerpunkt Wohnen)", "LEV3": "dichtes Wohn(misch)gebiet", "FLAECHE": 13810.874859969999 }, "geometry": { "type": "Polygon", "coordinates": [ [ [ 16.39126426, 48.22140557 ], [ 16.39062522, 48.22134125 ], [ 16.39039573, 48.22239437 ], [ 16.39038129, 48.222393 ], [ 16.39009083, 48.22236537 ], [ 16.38990829, 48.2223486 ], [ 16.38987787, 48.22234466 ], [ 16.38989955, 48.22222981 ], [ 16.39008907, 48.22136403 ], [ 16.3902806, 48.22100161 ], [ 16.39041199, 48.22040871 ], [ 16.39080903, 48.2204445 ], [ 16.39083751, 48.22030643 ], [ 16.39045141, 48.22026795 ], [ 16.39045337, 48.22025839 ], [ 16.39047704, 48.22014279 ], [ 16.39134052, 48.22022341 ], [ 16.3913703, 48.22022686 ], [ 16.39126426, 48.22140557 ] ] ] } },
{ "type": "Feature", "properties": { "LEV1": "Baulandnutzung", "LEV2": "Wohn- u. Mischnutzung (Schwerpunkt Wohnen)", "LEV3": "dichtes Wohn(misch)gebiet", "FLAECHE": 6925.1597501200004 }, "geometry": { "type": "Polygon", "coordinates": [ [ [ 16.38587188, 48.21785769 ], [ 16.38601739, 48.21804477 ], [ 16.38397608, 48.21845987 ], [ 16.38377378, 48.21812216 ], [ 16.38567952, 48.21765704 ], [ 16.38587188, 48.21785769 ] ] ] } },
{ "type": "Feature", "properties": { "LEV1": "Baulandnutzung", "LEV2": "Wohn- u. Mischnutzung (Schwerpunkt Wohnen)", "LEV3": "dichtes Wohn(misch)gebiet", "FLAECHE": 6091.41805 }, "geometry": { "type": "Polygon", "coordinates": [ [ [ 16.38904236, 48.22388648 ], [ 16.38882199, 48.22488645 ], [ 16.3883243, 48.225032 ], [ 16.38797388, 48.22428528 ], [ 16.38895148, 48.22385361 ], [ 16.38904236, 48.22388648 ] ] ] } },
{ "type": "Feature", "properties": { "LEV1": "Baulandnutzung", "LEV2": "Wohn- u. Mischnutzung (Schwerpunkt Wohnen)", "LEV3": "dichtes Wohn(misch)gebiet", "FLAECHE": 4610.6596995399996 }, "geometry": { "type": "Polygon", "coordinates": [ [ [ 16.37265986, 48.21955869 ], [ 16.37208758, 48.2200774 ], [ 16.37118126, 48.21936047 ], [ 16.37125873, 48.21929821 ], [ 16.37151753, 48.21911863 ], [ 16.3719408, 48.21956783 ], [ 16.37231598, 48.219362 ], [ 16.37249799, 48.21949094 ], [ 16.37265986, 48.21955869 ] ] ] } },
{ "type": "Feature", "properties": { "LEV1": "Baulandnutzung", "LEV2": "Wohn- u. Mischnutzung (Schwerpunkt Wohnen)", "LEV3": "dichtes Wohn(misch)gebiet", "FLAECHE": 14465.938080800001 }, "geometry": { "type": "Polygon", "coordinates": [ [ [ 16.37376614, 48.22350993 ], [ 16.37377471, 48.22351694 ], [ 16.37359648, 48.22363633 ], [ 16.37178253, 48.2221431 ], [ 16.37157521, 48.22197243 ], [ 16.37100232, 48.22174955 ], [ 16.37068865, 48.22162751 ], [ 16.37046658, 48.22154112 ], [ 16.3703808, 48.22150774 ], [ 16.36973893, 48.22125802 ], [ 16.36965015, 48.22070001 ], [ 16.36970251, 48.22051303 ], [ 16.36989309, 48.22034453 ], [ 16.37376614, 48.22350993 ] ] ] } },
{ "type": "Feature", "properties": { "LEV1": "Baulandnutzung", "LEV2": "Wohn- u. Mischnutzung (Schwerpunkt Wohnen)", "LEV3": "dichtes Wohn(misch)gebiet", "FLAECHE": 17203.070111059998 }, "geometry": { "type": "Polygon", "coordinates": [ [ [ 16.41276908, 48.21530421 ], [ 16.41297751, 48.21548295 ], [ 16.41069875, 48.2172172 ], [ 16.41003825, 48.21771984 ], [ 16.41002237, 48.21773193 ], [ 16.40788609, 48.21773894 ], [ 16.40898904, 48.21746729 ], [ 16.40943963, 48.21731456 ], [ 16.40977465, 48.2171799 ], [ 16.41002168, 48.21706271 ], [ 16.41005086, 48.21704887 ], [ 16.41058156, 48.21674735 ], [ 16.41103444, 48.21642069 ], [ 16.411549, 48.2160385 ], [ 16.41201519, 48.21571552 ], [ 16.41243184, 48.21547243 ], [ 16.41276908, 48.21530421 ] ] ] } },
{ "type": "Feature", "properties": { "LEV1": "Baulandnutzung", "LEV2": "Wohn- u. Mischnutzung (Schwerpunkt Wohnen)", "LEV3": "dichtes Wohn(misch)gebiet", "FLAECHE": 3727.12625007 }, "geometry": { "type": "Polygon", "coordinates": [ [ [ 16.3799536, 48.21939496 ], [ 16.37970278, 48.21957474 ], [ 16.37949416, 48.21970963 ], [ 16.3788967, 48.2200846 ], [ 16.37860639, 48.21956724 ], [ 16.37986229, 48.21930588 ], [ 16.3799536, 48.21939496 ] ] ] } },
{ "type": "Feature", "properties": { "LEV1": "Baulandnutzung", "LEV2": "Wohn- u. Mischnutzung (Schwerpunkt Wohnen)", "LEV3": "dichtes Wohn(misch)gebiet", "FLAECHE": 4557.6375499799997 }, "geometry": { "type": "Polygon", "coordinates": [ [ [ 16.38837907, 48.2238393 ], [ 16.38786599, 48.22406625 ], [ 16.38741931, 48.22312666 ], [ 16.38799938, 48.22301578 ], [ 16.38837907, 48.2238393 ] ] ] } },
{ "type": "Feature", "properties": { "LEV1": "Baulandnutzung", "LEV2": "Wohn- u. Mischnutzung (Schwerpunkt Wohnen)", "LEV3": "dichtes Wohn(misch)gebiet", "FLAECHE": 7998.2153740499998 }, "geometry": { "type": "Polygon", "coordinates": [ [ [ 16.39333331, 48.2254292 ], [ 16.39365895, 48.22560124 ], [ 16.39361713, 48.22563652 ], [ 16.39430461, 48.22599248 ], [ 16.39361455, 48.22658018 ], [ 16.3928278, 48.22616382 ], [ 16.39310826, 48.2253591 ], [ 16.39312202, 48.2253176 ], [ 16.39315192, 48.22533339 ], [ 16.39333331, 48.2254292 ] ] ] } },
{ "type": "Feature", "properties": { "LEV1": "Baulandnutzung", "LEV2": "Wohn- u. Mischnutzung (Schwerpunkt Wohnen)", "LEV3": "dichtes Wohn(misch)gebiet", "FLAECHE": 10176.93285005 }, "geometry": { "type": "Polygon", "coordinates": [ [ [ 16.43943791, 48.20082044 ], [ 16.43809719, 48.20174902 ], [ 16.43741241, 48.20132002 ], [ 16.43873386, 48.20037627 ], [ 16.43943791, 48.20082044 ] ] ] } },
{ "type": "Feature", "properties": { "LEV1": "Baulandnutzung", "LEV2": "Wohn- u. Mischnutzung (Schwerpunkt Wohnen)", "LEV3": "dichtes Wohn(misch)gebiet", "FLAECHE": 5952.3533570600002 }, "geometry": { "type": "Polygon", "coordinates": [ [ [ 16.40489631, 48.21870044 ], [ 16.40372069, 48.21870347 ], [ 16.4037206, 48.21869448 ], [ 16.40371104, 48.21810135 ], [ 16.40371437, 48.21809284 ], [ 16.40489213, 48.21808845 ], [ 16.40489631, 48.21870044 ] ] ] } },
{ "type": "Feature", "properties": { "LEV1": "Baulandnutzung", "LEV2": "Wohn- u. Mischnutzung (Schwerpunkt Wohnen)", "LEV3": "dichtes Wohn(misch)gebiet", "FLAECHE": 11757.360815960001 }, "geometry": { "type": "Polygon", "coordinates": [ [ [ 16.37936054, 48.22867905 ], [ 16.37899943, 48.22885437 ], [ 16.3789514, 48.22887768 ], [ 16.37753225, 48.22956993 ], [ 16.37751997, 48.22957238 ], [ 16.37736536, 48.2295215 ], [ 16.37671754, 48.22930827 ], [ 16.37685832, 48.22911837 ], [ 16.37830482, 48.22852 ], [ 16.37891445, 48.2282678 ], [ 16.37936054, 48.22867905 ] ] ] } },
{ "type": "Feature", "properties": { "LEV1": "Baulandnutzung", "LEV2": "Wohn- u. Mischnutzung (Schwerpunkt Wohnen)", "LEV3": "dichtes Wohn(misch)gebiet", "FLAECHE": 6740.8774999300003 }, "geometry": { "type": "Polygon", "coordinates": [ [ [ 16.40082303, 48.2040158 ], [ 16.40003647, 48.2044981 ], [ 16.3992538, 48.20410301 ], [ 16.39969535, 48.20378333 ], [ 16.3999306, 48.203642 ], [ 16.40026136, 48.20348282 ], [ 16.40082303, 48.2040158 ] ] ] } },
{ "type": "Feature", "properties": { "LEV1": "Baulandnutzung", "LEV2": "Wohn- u. Mischnutzung (Schwerpunkt Wohnen)", "LEV3": "dichtes Wohn(misch)gebiet", "FLAECHE": 12952.272226339999 }, "geometry": { "type": "Polygon", "coordinates": [ [ [ 16.41138766, 48.21025741 ], [ 16.4114259, 48.21027942 ], [ 16.41182158, 48.21062009 ], [ 16.41187208, 48.21065306 ], [ 16.41195084, 48.21068422 ], [ 16.41199109, 48.21069588 ], [ 16.41200711, 48.21070181 ], [ 16.41202745, 48.21071654 ], [ 16.41203419, 48.21072553 ], [ 16.41203878, 48.21073767 ], [ 16.41203881, 48.21075476 ], [ 16.41201965, 48.21081224 ], [ 16.41199715, 48.21087862 ], [ 16.41198328, 48.21096245 ], [ 16.41197898, 48.21105877 ], [ 16.41198353, 48.21113611 ], [ 16.41199265, 48.21120832 ], [ 16.41200265, 48.21123682 ], [ 16.41200095, 48.21126533 ], [ 16.41199116, 48.21129267 ], [ 16.41194052, 48.21134981 ], [ 16.41187746, 48.21137908 ], [ 16.41183026, 48.21139458 ], [ 16.41177987, 48.21140319 ], [ 16.41176136, 48.21141245 ], [ 16.41164375, 48.21147313 ], [ 16.41163045, 48.21147596 ], [ 16.41160824, 48.2114807 ], [ 16.41150791, 48.21151791 ], [ 16.41120904, 48.21168044 ], [ 16.4108911, 48.21141022 ], [ 16.41075109, 48.21135977 ], [ 16.41049594, 48.2111458 ], [ 16.4104262, 48.21111572 ], [ 16.41012914, 48.21086041 ], [ 16.41065726, 48.21058605 ], [ 16.4107651, 48.21053966 ], [ 16.4112877, 48.21026539 ], [ 16.41132078, 48.21025413 ], [ 16.41135429, 48.21025366 ], [ 16.41138766, 48.21025741 ] ] ] } },
{ "type": "Feature", "properties": { "LEV1": "Baulandnutzung", "LEV2": "Wohn- u. Mischnutzung (Schwerpunkt Wohnen)", "LEV3": "dichtes Wohn(misch)gebiet", "FLAECHE": 5864.4103135599998 }, "geometry": { "type": "Polygon", "coordinates": [ [ [ 16.41748829, 48.212645 ], [ 16.4172703, 48.21280631 ], [ 16.41702162, 48.21296774 ], [ 16.41698332, 48.21299048 ], [ 16.41568584, 48.21223573 ], [ 16.41595472, 48.21209731 ], [ 16.41600534, 48.21211472 ], [ 16.41605594, 48.21212566 ], [ 16.41611314, 48.21213434 ], [ 16.41617356, 48.21213646 ], [ 16.41623721, 48.21213534 ], [ 16.41654234, 48.21211219 ], [ 16.41741162, 48.21265819 ], [ 16.41746014, 48.2126256 ], [ 16.41748829, 48.212645 ] ] ] } },
{ "type": "Feature", "properties": { "LEV1": "Baulandnutzung", "LEV2": "Wohn- u. Mischnutzung (Schwerpunkt Wohnen)", "LEV3": "locker bebautes Wohn(misch)gebiet", "FLAECHE": 5746.8055915499999 }, "geometry": { "type": "Polygon", "coordinates": [ [ [ 16.44996021, 48.19371659 ], [ 16.44933997, 48.19413562 ], [ 16.4493187, 48.19412709 ], [ 16.44910324, 48.19426337 ], [ 16.44857398, 48.19390452 ], [ 16.44826244, 48.19395087 ], [ 16.44837551, 48.19375079 ], [ 16.44879249, 48.1934491 ], [ 16.44899275, 48.19356189 ], [ 16.44921244, 48.19370556 ], [ 16.44958999, 48.19345703 ], [ 16.44996021, 48.19371659 ] ] ] } },
{ "type": "Feature", "properties": { "LEV1": "Baulandnutzung", "LEV2": "Wohn- u. Mischnutzung (Schwerpunkt Wohnen)", "LEV3": "locker bebautes Wohn(misch)gebiet", "FLAECHE": 14572.014799250001 }, "geometry": { "type": "Polygon", "coordinates": [ [ [ 16.43499862, 48.18863325 ], [ 16.435003, 48.18864461 ], [ 16.43505289, 48.18876202 ], [ 16.43507745, 48.18881983 ], [ 16.43509672, 48.18889869 ], [ 16.43509926, 48.18890773 ], [ 16.43512056, 48.18899624 ], [ 16.43511964, 48.18901135 ], [ 16.43514362, 48.18916808 ], [ 16.43516924, 48.18927016 ], [ 16.43535511, 48.18930373 ], [ 16.43573802, 48.18937288 ], [ 16.43578453, 48.1894069 ], [ 16.43595357, 48.18953026 ], [ 16.43611747, 48.18971088 ], [ 16.43612124, 48.18971168 ], [ 16.43613111, 48.18973964 ], [ 16.43614434, 48.18977729 ], [ 16.4361552, 48.18981769 ], [ 16.43618825, 48.19000382 ], [ 16.43608667, 48.19005813 ], [ 16.43602844, 48.19006475 ], [ 16.43589694, 48.1900797 ], [ 16.43581837, 48.19008091 ], [ 16.43556663, 48.19008476 ], [ 16.43552747, 48.19007508 ], [ 16.43550477, 48.19004165 ], [ 16.43546796, 48.19004482 ], [ 16.43517288, 48.1900693 ], [ 16.43516015, 48.19007036 ], [ 16.43512097, 48.19001813 ], [ 16.43506455, 48.18994292 ], [ 16.43494159, 48.18978861 ], [ 16.43490782, 48.18978405 ], [ 16.43476077, 48.18962221 ], [ 16.43472579, 48.18962854 ], [ 16.43471587, 48.18963034 ], [ 16.43471239, 48.18961533 ], [ 16.43469392, 48.18953572 ], [ 16.43467478, 48.18945321 ], [ 16.434673, 48.1894408 ], [ 16.43466461, 48.18941363 ], [ 16.4346523, 48.18937382 ], [ 16.43463917, 48.18933138 ], [ 16.43461978, 48.18931818 ], [ 16.43459679, 48.18932431 ], [ 16.43449092, 48.18935265 ], [ 16.43444133, 48.1893659 ], [ 16.43441188, 48.18937402 ], [ 16.43428331, 48.18940957 ], [ 16.43426916, 48.18937414 ], [ 16.4341925, 48.1891822 ], [ 16.43410073, 48.18917674 ], [ 16.43407976, 48.18914945 ], [ 16.43402592, 48.18914601 ], [ 16.43368037, 48.18912463 ], [ 16.43364821, 48.18911684 ], [ 16.43359895, 48.18909691 ], [ 16.43356418, 48.18908052 ], [ 16.43350697, 48.18905354 ], [ 16.43342933, 48.18901693 ], [ 16.43340204, 48.18901316 ], [ 16.43339893, 48.18901144 ], [ 16.43339535, 48.1890094 ], [ 16.43339182, 48.18900731 ], [ 16.43338835, 48.18900519 ], [ 16.43338542, 48.18900333 ], [ 16.43338111, 48.18900049 ], [ 16.43337828, 48.18899857 ], [ 16.4333755, 48.18899661 ], [ 16.43337231, 48.1889943 ], [ 16.43336962, 48.18899228 ], [ 16.43336655, 48.1889899 ], [ 16.43336354, 48.18898748 ], [ 16.43335997, 48.1889845 ], [ 16.4333565, 48.18898146 ], [ 16.4333541, 48.18897929 ], [ 16.43335175, 48.1889771 ], [ 16.43334852, 48.18897395 ], [ 16.43334502, 48.18897037 ], [ 16.43334217, 48.18896732 ], [ 16.43333967, 48.18896453 ], [ 16.43333773, 48.18896228 ], [ 16.43333545, 48.18895953 ], [ 16.43333355, 48.18895715 ], [ 16.4333317, 48.18895475 ], [ 16.43332918, 48.18895132 ], [ 16.43332608, 48.18894683 ], [ 16.43332407, 48.18894374 ], [ 16.43332252, 48.18894125 ], [ 16.43332105, 48.18893878 ], [ 16.43435108, 48.18867114 ], [ 16.43435704, 48.18866961 ], [ 16.43436144, 48.18866849 ], [ 16.43436617, 48.18866731 ], [ 16.4343709, 48.18866613 ], [ 16.43437468, 48.18866521 ], [ 16.43437848, 48.18866428 ], [ 16.43438227, 48.18866337 ], [ 16.43438607, 48.18866246 ], [ 16.43438988, 48.18866157 ], [ 16.43439369, 48.18866068 ], [ 16.4343975, 48.18865979 ], [ 16.43440259, 48.18865863 ], [ 16.43440705, 48.18865762 ], [ 16.43441087, 48.18865676 ], [ 16.4344163, 48.18865556 ], [ 16.43442173, 48.18865438 ], [ 16.43442557, 48.18865355 ], [ 16.43442942, 48.18865273 ], [ 16.43443455, 48.18865165 ], [ 16.43443904, 48.18865072 ], [ 16.43444355, 48.18864979 ], [ 16.43444741, 48.18864901 ], [ 16.43445127, 48.18864824 ], [ 16.43445675, 48.18864715 ], [ 16.43446289, 48.18864596 ], [ 16.43446741, 48.18864509 ], [ 16.43447129, 48.18864435 ], [ 16.43447583, 48.18864351 ], [ 16.43448101, 48.18864255 ], [ 16.43448718, 48.18864143 ], [ 16.43449205, 48.18864056 ], [ 16.43449758, 48.1886396 ], [ 16.43450312, 48.18863864 ], [ 16.43450768, 48.18863787 ], [ 16.43451159, 48.18863721 ], [ 16.43451616, 48.18863646 ], [ 16.43452139, 48.18863561 ], [ 16.43452597, 48.18863488 ], [ 16.4345299, 48.18863426 ], [ 16.43453481, 48.1886335 ], [ 16.43454203, 48.18863241 ], [ 16.43454695, 48.18863168 ], [ 16.43455155, 48.18863101 ], [ 16.43455615, 48.18863035 ], [ 16.43456076, 48.1886297 ], [ 16.43456603, 48.18862897 ], [ 16.43456998, 48.18862843 ], [ 16.43457394, 48.1886279 ], [ 16.43457922, 48.18862721 ], [ 16.43458483, 48.18862649 ], [ 16.43459144, 48.18862566 ], [ 16.43459772, 48.1886249 ], [ 16.43460236, 48.18862434 ], [ 16.43460733, 48.18862376 ], [ 16.43461296, 48.18862312 ], [ 16.43461694, 48.18862268 ], [ 16.43462192, 48.18862214 ], [ 16.43462823, 48.18862147 ], [ 16.43463288, 48.18862099 ], [ 16.43463753, 48.18862052 ], [ 16.43464385, 48.1886199 ], [ 16.43464951, 48.18861936 ], [ 16.43465484, 48.18861887 ], [ 16.43466024, 48.18861839 ], [ 16.43495879, 48.1885924 ], [ 16.43499719, 48.18862951 ], [ 16.43499862, 48.18863325 ] ] ] } },
{ "type": "Feature", "properties": { "LEV1": "Baulandnutzung", "LEV2": "Wohn- u. Mischnutzung (Schwerpunkt Wohnen)", "LEV3": "dichtes Wohn(misch)gebiet", "FLAECHE": 309.0966 }, "geometry": { "type": "Polygon", "coordinates": [ [ [ 16.37792072, 48.21705848 ], [ 16.37776825, 48.21705889 ], [ 16.37772436, 48.21687149 ], [ 16.37790286, 48.21680606 ], [ 16.37792072, 48.21705848 ] ] ] } },
{ "type": "Feature", "properties": { "LEV1": "Baulandnutzung", "LEV2": "Wohn- u. Mischnutzung (Schwerpunkt Wohnen)", "LEV3": "dichtes Wohn(misch)gebiet", "FLAECHE": 8001.8691489000003 }, "geometry": { "type": "Polygon", "coordinates": [ [ [ 16.38124402, 48.22266866 ], [ 16.38090199, 48.22284547 ], [ 16.38088026, 48.22278894 ], [ 16.38066164, 48.22222035 ], [ 16.38062386, 48.22212207 ], [ 16.38065843, 48.22211109 ], [ 16.38061879, 48.22204165 ], [ 16.38054791, 48.22191751 ], [ 16.38016689, 48.22093867 ], [ 16.38008299, 48.22072312 ], [ 16.38007501, 48.22020161 ], [ 16.38025746, 48.22016808 ], [ 16.38124029, 48.22265776 ], [ 16.38124402, 48.22266866 ] ] ] } },
{ "type": "Feature", "properties": { "LEV1": "Baulandnutzung", "LEV2": "Wohn- u. Mischnutzung (Schwerpunkt Wohnen)", "LEV3": "dichtes Wohn(misch)gebiet", "FLAECHE": 6045.1651757700001 }, "geometry": { "type": "Polygon", "coordinates": [ [ [ 16.40971221, 48.22028116 ], [ 16.40961348, 48.22055731 ], [ 16.40842789, 48.22138093 ], [ 16.40829618, 48.22132014 ], [ 16.40802127, 48.22115403 ], [ 16.40946639, 48.22012807 ], [ 16.40971221, 48.22028116 ] ] ] } },
{ "type": "Feature", "properties": { "LEV1": "Baulandnutzung", "LEV2": "Wohn- u. Mischnutzung (Schwerpunkt Wohnen)", "LEV3": "dichtes Wohn(misch)gebiet", "FLAECHE": 13427.827575859999 }, "geometry": { "type": "Polygon", "coordinates": [ [ [ 16.38486518, 48.21447865 ], [ 16.38472826, 48.2144011 ], [ 16.38494409, 48.21410899 ], [ 16.38499001, 48.2139739 ], [ 16.38509826, 48.2136554 ], [ 16.38513539, 48.21350079 ], [ 16.38551477, 48.21356088 ], [ 16.38552483, 48.21353471 ], [ 16.3859458, 48.2136062 ], [ 16.38594381, 48.21363642 ], [ 16.38732691, 48.21387791 ], [ 16.38733946, 48.21431776 ], [ 16.38599642, 48.21431979 ], [ 16.38547187, 48.21442497 ], [ 16.38545852, 48.21439683 ], [ 16.38486518, 48.21447865 ] ] ] } },
{ "type": "Feature", "properties": { "LEV1": "Baulandnutzung", "LEV2": "Wohn- u. Mischnutzung (Schwerpunkt Wohnen)", "LEV3": "dichtes Wohn(misch)gebiet", "FLAECHE": 4898.2426282899996 }, "geometry": { "type": "Polygon", "coordinates": [ [ [ 16.39576421, 48.23290096 ], [ 16.39535205, 48.23299371 ], [ 16.39477368, 48.23301058 ], [ 16.39450927, 48.23300251 ], [ 16.3944159, 48.23299826 ], [ 16.39526902, 48.23230938 ], [ 16.39596707, 48.23267752 ], [ 16.3959756, 48.23272231 ], [ 16.39576421, 48.23290096 ] ] ] } },
{ "type": "Feature", "properties": { "LEV1": "Baulandnutzung", "LEV2": "Wohn- u. Mischnutzung (Schwerpunkt Wohnen)", "LEV3": "dichtes Wohn(misch)gebiet", "FLAECHE": 5140.7335268200004 }, "geometry": { "type": "Polygon", "coordinates": [ [ [ 16.39591926, 48.22802875 ], [ 16.39564895, 48.22825643 ], [ 16.39582635, 48.22834784 ], [ 16.39570342, 48.22845721 ], [ 16.39565422, 48.22849799 ], [ 16.39548053, 48.22840664 ], [ 16.39528002, 48.22830025 ], [ 16.39516922, 48.22824197 ], [ 16.39489384, 48.22846954 ], [ 16.39481439, 48.22842686 ], [ 16.39479089, 48.22841424 ], [ 16.3946807, 48.22835504 ], [ 16.39449696, 48.22825633 ], [ 16.39521044, 48.22765648 ], [ 16.39575352, 48.22794115 ], [ 16.39591926, 48.22802875 ] ] ] } },
{ "type": "Feature", "properties": { "LEV1": "Baulandnutzung", "LEV2": "Wohn- u. Mischnutzung (Schwerpunkt Wohnen)", "LEV3": "dichtes Wohn(misch)gebiet", "FLAECHE": 10013.70347749 }, "geometry": { "type": "Polygon", "coordinates": [ [ [ 16.385654, 48.21659297 ], [ 16.38508392, 48.2168185 ], [ 16.38456221, 48.21638551 ], [ 16.38385532, 48.21579883 ], [ 16.38374516, 48.21570777 ], [ 16.3836251, 48.21552957 ], [ 16.38443189, 48.21533382 ], [ 16.385654, 48.21659297 ] ] ] } },
{ "type": "Feature", "properties": { "LEV1": "Baulandnutzung", "LEV2": "Wohn- u. Mischnutzung (Schwerpunkt Wohnen)", "LEV3": "dichtes Wohn(misch)gebiet", "FLAECHE": 12181.62803236 }, "geometry": { "type": "Polygon", "coordinates": [ [ [ 16.38495052, 48.22437693 ], [ 16.3851268, 48.22481065 ], [ 16.3835414, 48.22500539 ], [ 16.38347891, 48.22481395 ], [ 16.38352413, 48.22480754 ], [ 16.38317178, 48.22393094 ], [ 16.38465276, 48.22364434 ], [ 16.38479737, 48.22400013 ], [ 16.38398139, 48.22415701 ], [ 16.38414444, 48.22451667 ], [ 16.38495052, 48.22437693 ] ] ] } },
{ "type": "Feature", "properties": { "LEV1": "Baulandnutzung", "LEV2": "Wohn- u. Mischnutzung (Schwerpunkt Wohnen)", "LEV3": "dichtes Wohn(misch)gebiet", "FLAECHE": 14044.150537760001 }, "geometry": { "type": "Polygon", "coordinates": [ [ [ 16.38638295, 48.21852809 ], [ 16.38564808, 48.21869109 ], [ 16.38527513, 48.21877382 ], [ 16.38439897, 48.21896816 ], [ 16.3843227, 48.21898507 ], [ 16.38414763, 48.2190239 ], [ 16.38368518, 48.21912647 ], [ 16.38259849, 48.21936748 ], [ 16.38238263, 48.21891674 ], [ 16.386121, 48.21817549 ], [ 16.38638295, 48.21852809 ] ] ] } },
{ "type": "Feature", "properties": { "LEV1": "Baulandnutzung", "LEV2": "Wohn- u. Mischnutzung (Schwerpunkt Wohnen)", "LEV3": "dichtes Wohn(misch)gebiet", "FLAECHE": 1899.0581999799999 }, "geometry": { "type": "Polygon", "coordinates": [ [ [ 16.38297955, 48.21252602 ], [ 16.38286322, 48.21303238 ], [ 16.38240647, 48.21296026 ], [ 16.38253776, 48.212477 ], [ 16.38297955, 48.21252602 ] ] ] } },
{ "type": "Feature", "properties": { "LEV1": "Baulandnutzung", "LEV2": "Wohn- u. Mischnutzung (Schwerpunkt Wohnen)", "LEV3": "dichtes Wohn(misch)gebiet", "FLAECHE": 9952.6436394600005 }, "geometry": { "type": "Polygon", "coordinates": [ [ [ 16.40302458, 48.22330046 ], [ 16.40344155, 48.22298197 ], [ 16.40351023, 48.2230188 ], [ 16.40355195, 48.22301707 ], [ 16.40431139, 48.22341601 ], [ 16.40432177, 48.22342167 ], [ 16.40306835, 48.2244219 ], [ 16.40305645, 48.22441814 ], [ 16.40228249, 48.22400157 ], [ 16.40227814, 48.22396803 ], [ 16.40220043, 48.22392994 ], [ 16.40262576, 48.22360508 ], [ 16.40308904, 48.22387486 ], [ 16.40348054, 48.22357055 ], [ 16.40302458, 48.22330046 ] ] ] } },
{ "type": "Feature", "properties": { "LEV1": "Baulandnutzung", "LEV2": "Wohn- u. Mischnutzung (Schwerpunkt Wohnen)", "LEV3": "dichtes Wohn(misch)gebiet", "FLAECHE": 2131.24565072 }, "geometry": { "type": "Polygon", "coordinates": [ [ [ 16.38478155, 48.22542522 ], [ 16.38455198, 48.22552819 ], [ 16.38452649, 48.22550288 ], [ 16.38447459, 48.2255293 ], [ 16.3843413, 48.22562136 ], [ 16.3839008, 48.22534707 ], [ 16.38382068, 48.22529593 ], [ 16.38395504, 48.22520172 ], [ 16.38415658, 48.22517613 ], [ 16.38444839, 48.2251391 ], [ 16.38450949, 48.22512481 ], [ 16.38462324, 48.22530006 ], [ 16.38478155, 48.22542522 ] ] ] } },
{ "type": "Feature", "properties": { "LEV1": "Baulandnutzung", "LEV2": "Wohn- u. Mischnutzung (Schwerpunkt Wohnen)", "LEV3": "dichtes Wohn(misch)gebiet", "FLAECHE": 12276.39148765 }, "geometry": { "type": "Polygon", "coordinates": [ [ [ 16.41493724, 48.21763801 ], [ 16.41529782, 48.21785585 ], [ 16.41415176, 48.21869992 ], [ 16.41411243, 48.21867873 ], [ 16.41397208, 48.21877559 ], [ 16.41261897, 48.21797008 ], [ 16.41325595, 48.21750507 ], [ 16.41425802, 48.21811389 ], [ 16.41493724, 48.21763801 ] ] ] } },
{ "type": "Feature", "properties": { "LEV1": "Baulandnutzung", "LEV2": "Wohn- u. Mischnutzung (Schwerpunkt Wohnen)", "LEV3": "dichtes Wohn(misch)gebiet", "FLAECHE": 3824.4586734099998 }, "geometry": { "type": "Polygon", "coordinates": [ [ [ 16.38728649, 48.21992797 ], [ 16.3873308, 48.21993232 ], [ 16.38773379, 48.22054484 ], [ 16.3877061, 48.22057534 ], [ 16.38636344, 48.22045066 ], [ 16.38636882, 48.22041349 ], [ 16.38637066, 48.22040084 ], [ 16.38726781, 48.21992614 ], [ 16.38728649, 48.21992797 ] ] ] } },
{ "type": "Feature", "properties": { "LEV1": "Baulandnutzung", "LEV2": "Wohn- u. Mischnutzung (Schwerpunkt Wohnen)", "LEV3": "dichtes Wohn(misch)gebiet", "FLAECHE": 6074.9684 }, "geometry": { "type": "Polygon", "coordinates": [ [ [ 16.41375146, 48.21900138 ], [ 16.41289248, 48.21963004 ], [ 16.41225429, 48.21923935 ], [ 16.41310843, 48.21861357 ], [ 16.41375146, 48.21900138 ] ] ] } },
{ "type": "Feature", "properties": { "LEV1": "Baulandnutzung", "LEV2": "Wohn- u. Mischnutzung (Schwerpunkt Wohnen)", "LEV3": "dichtes Wohn(misch)gebiet", "FLAECHE": 6102.23311724 }, "geometry": { "type": "Polygon", "coordinates": [ [ [ 16.37966032, 48.21854944 ], [ 16.37846892, 48.2186659 ], [ 16.37842839, 48.21830133 ], [ 16.37839744, 48.21830215 ], [ 16.37837955, 48.21815647 ], [ 16.37841683, 48.21815349 ], [ 16.37839828, 48.21801878 ], [ 16.379008, 48.21802858 ], [ 16.37900452, 48.2179861 ], [ 16.37963859, 48.21799502 ], [ 16.37966032, 48.21854944 ] ] ] } },
{ "type": "Feature", "properties": { "LEV1": "Baulandnutzung", "LEV2": "Wohn- u. Mischnutzung (Schwerpunkt Wohnen)", "LEV3": "dichtes Wohn(misch)gebiet", "FLAECHE": 6680.3688999799997 }, "geometry": { "type": "Polygon", "coordinates": [ [ [ 16.38196554, 48.22669665 ], [ 16.38108065, 48.22784292 ], [ 16.38052137, 48.22811122 ], [ 16.38036691, 48.22802611 ], [ 16.38153603, 48.22651498 ], [ 16.38157572, 48.22650678 ], [ 16.38196554, 48.22669665 ] ] ] } },
{ "type": "Feature", "properties": { "LEV1": "Baulandnutzung", "LEV2": "Wohn- u. Mischnutzung (Schwerpunkt Wohnen)", "LEV3": "locker bebautes Wohn(misch)gebiet", "FLAECHE": 33844.221431730002 }, "geometry": { "type": "Polygon", "coordinates": [ [ [ 16.43468346, 48.18830247 ], [ 16.43444704, 48.18830829 ], [ 16.43361075, 48.18815781 ], [ 16.43300432, 48.18793967 ], [ 16.43202128, 48.18734186 ], [ 16.43193728, 48.18722762 ], [ 16.43195599, 48.18722233 ], [ 16.43200046, 48.18720976 ], [ 16.43188218, 48.18703009 ], [ 16.43191395, 48.18701927 ], [ 16.43209023, 48.18695923 ], [ 16.43245274, 48.18684894 ], [ 16.43290986, 48.18677076 ], [ 16.43310993, 48.18674514 ], [ 16.43346901, 48.18664583 ], [ 16.43352124, 48.18663139 ], [ 16.4345586, 48.18700642 ], [ 16.43508695, 48.18725949 ], [ 16.43534068, 48.18744022 ], [ 16.43548683, 48.18758486 ], [ 16.43553765, 48.18763516 ], [ 16.43581796, 48.18791258 ], [ 16.43602242, 48.18813921 ], [ 16.43600468, 48.18814291 ], [ 16.43518711, 48.18829023 ], [ 16.43468346, 48.18830247 ] ] ] } },
{ "type": "Feature", "properties": { "LEV1": "Baulandnutzung", "LEV2": "Wohn- u. Mischnutzung (Schwerpunkt Wohnen)", "LEV3": "locker bebautes Wohn(misch)gebiet", "FLAECHE": 14797.24222767 }, "geometry": { "type": "Polygon", "coordinates": [ [ [ 16.42545988, 48.19435522 ], [ 16.42544776, 48.19435713 ], [ 16.42479179, 48.1944605 ], [ 16.42343876, 48.1946737 ], [ 16.42323924, 48.19488384 ], [ 16.42300783, 48.19492071 ], [ 16.42290238, 48.19493752 ], [ 16.42285887, 48.19497721 ], [ 16.42269717, 48.19512473 ], [ 16.42244031, 48.1952395 ], [ 16.42135551, 48.19541981 ], [ 16.42120989, 48.19542878 ], [ 16.42110427, 48.19543529 ], [ 16.42081869, 48.19542398 ], [ 16.42081519, 48.19540933 ], [ 16.42072672, 48.19503842 ], [ 16.42111398, 48.19489682 ], [ 16.42166839, 48.19469409 ], [ 16.42198035, 48.19464385 ], [ 16.4222165, 48.19460582 ], [ 16.42277038, 48.19459012 ], [ 16.42305698, 48.19454923 ], [ 16.4232465, 48.1945222 ], [ 16.4234156, 48.19449808 ], [ 16.42430133, 48.19435869 ], [ 16.42537669, 48.19418944 ], [ 16.42539099, 48.19418719 ], [ 16.42545988, 48.19435522 ] ] ] } },
{ "type": "Feature", "properties": { "LEV1": "Baulandnutzung", "LEV2": "Wohn- u. Mischnutzung (Schwerpunkt Wohnen)", "LEV3": "dichtes Wohn(misch)gebiet", "FLAECHE": 11659.12050003 }, "geometry": { "type": "Polygon", "coordinates": [ [ [ 16.38495439, 48.21971203 ], [ 16.3830392, 48.22008901 ], [ 16.38266451, 48.2194582 ], [ 16.3841281, 48.21912494 ], [ 16.38414898, 48.21915794 ], [ 16.38426981, 48.2191318 ], [ 16.38425147, 48.21909665 ], [ 16.38457882, 48.2190252 ], [ 16.38495439, 48.21971203 ] ] ] } },
{ "type": "Feature", "properties": { "LEV1": "Baulandnutzung", "LEV2": "Wohn- u. Mischnutzung (Schwerpunkt Wohnen)", "LEV3": "dichtes Wohn(misch)gebiet", "FLAECHE": 2463.1845465199999 }, "geometry": { "type": "Polygon", "coordinates": [ [ [ 16.38215805, 48.22218016 ], [ 16.38215948, 48.22218901 ], [ 16.38153222, 48.22251571 ], [ 16.38140089, 48.22253555 ], [ 16.38139411, 48.22252812 ], [ 16.38125263, 48.22214242 ], [ 16.38206708, 48.22194812 ], [ 16.38215805, 48.22218016 ] ] ] } },
{ "type": "Feature", "properties": { "LEV1": "Baulandnutzung", "LEV2": "Wohn- u. Mischnutzung (Schwerpunkt Wohnen)", "LEV3": "locker bebautes Wohn(misch)gebiet", "FLAECHE": 12011.627629500001 }, "geometry": { "type": "Polygon", "coordinates": [ [ [ 16.43544953, 48.19915922 ], [ 16.43563921, 48.19923199 ], [ 16.43591861, 48.19930145 ], [ 16.43712154, 48.19952999 ], [ 16.43770415, 48.19966393 ], [ 16.43801544, 48.19980206 ], [ 16.4383837, 48.20003906 ], [ 16.43859081, 48.2002147 ], [ 16.43836164, 48.20037687 ], [ 16.43814474, 48.20021716 ], [ 16.43771385, 48.20014713 ], [ 16.43748754, 48.20012466 ], [ 16.43714705, 48.20004951 ], [ 16.43709762, 48.20004341 ], [ 16.43689503, 48.20001843 ], [ 16.4362221, 48.19986002 ], [ 16.43575439, 48.19966249 ], [ 16.43552343, 48.19960234 ], [ 16.43515343, 48.19942693 ], [ 16.43544953, 48.19915922 ] ] ] } },
{ "type": "Feature", "properties": { "LEV1": "Baulandnutzung", "LEV2": "Wohn- u. Mischnutzung (Schwerpunkt Wohnen)", "LEV3": "dichtes Wohn(misch)gebiet", "FLAECHE": 1076.9282729900001 }, "geometry": { "type": "Polygon", "coordinates": [ [ [ 16.38872114, 48.21721745 ], [ 16.38871263, 48.2172245 ], [ 16.3886164, 48.21730428 ], [ 16.38760289, 48.21670546 ], [ 16.3875928, 48.2166995 ], [ 16.38766729, 48.2166376 ], [ 16.38872114, 48.21721745 ] ] ] } },
{ "type": "Feature", "properties": { "LEV1": "Baulandnutzung", "LEV2": "Wohn- u. Mischnutzung (Schwerpunkt Wohnen)", "LEV3": "dichtes Wohn(misch)gebiet", "FLAECHE": 7402.8854015400002 }, "geometry": { "type": "Polygon", "coordinates": [ [ [ 16.38457515, 48.22091592 ], [ 16.38457927, 48.2209251 ], [ 16.38386218, 48.22130185 ], [ 16.3838565, 48.22129331 ], [ 16.38338042, 48.22015785 ], [ 16.38416566, 48.22000338 ], [ 16.38457515, 48.22091592 ] ] ] } },
{ "type": "Feature", "properties": { "LEV1": "Baulandnutzung", "LEV2": "Wohn- u. Mischnutzung (Schwerpunkt Wohnen)", "LEV3": "dichtes Wohn(misch)gebiet", "FLAECHE": 1558.28525 }, "geometry": { "type": "Polygon", "coordinates": [ [ [ 16.38579817, 48.21317217 ], [ 16.38568691, 48.21346251 ], [ 16.38513419, 48.21337147 ], [ 16.38520369, 48.21315794 ], [ 16.38524056, 48.21316557 ], [ 16.38529424, 48.21301806 ], [ 16.38579817, 48.21317217 ] ] ] } },
{ "type": "Feature", "properties": { "LEV1": "Baulandnutzung", "LEV2": "Wohn- u. Mischnutzung (Schwerpunkt Wohnen)", "LEV3": "dichtes Wohn(misch)gebiet", "FLAECHE": 12924.33844999 }, "geometry": { "type": "Polygon", "coordinates": [ [ [ 16.3742814, 48.21895767 ], [ 16.37406546, 48.21957153 ], [ 16.37377425, 48.2199541 ], [ 16.37310381, 48.22034058 ], [ 16.3731438, 48.22036359 ], [ 16.37273902, 48.22059331 ], [ 16.37223502, 48.2201913 ], [ 16.37366851, 48.21889204 ], [ 16.3742814, 48.21895767 ] ] ] } },
{ "type": "Feature", "properties": { "LEV1": "Baulandnutzung", "LEV2": "Wohn- u. Mischnutzung (Schwerpunkt Wohnen)", "LEV3": "dichtes Wohn(misch)gebiet", "FLAECHE": 5064.1708499799997 }, "geometry": { "type": "Polygon", "coordinates": [ [ [ 16.39883101, 48.22596735 ], [ 16.39910751, 48.22611918 ], [ 16.39770542, 48.22730956 ], [ 16.39767175, 48.22729168 ], [ 16.39748163, 48.22745214 ], [ 16.39723153, 48.22731764 ], [ 16.39883101, 48.22596735 ] ] ] } },
{ "type": "Feature", "properties": { "LEV1": "Baulandnutzung", "LEV2": "Wohn- u. Mischnutzung (Schwerpunkt Wohnen)", "LEV3": "dichtes Wohn(misch)gebiet", "FLAECHE": 11324.187436329999 }, "geometry": { "type": "Polygon", "coordinates": [ [ [ 16.39386491, 48.23020133 ], [ 16.39361473, 48.23040338 ], [ 16.3928409, 48.23102959 ], [ 16.39198703, 48.23057862 ], [ 16.39186906, 48.23051631 ], [ 16.39185697, 48.23050993 ], [ 16.39189208, 48.23047869 ], [ 16.39194641, 48.23043231 ], [ 16.39257904, 48.22989186 ], [ 16.39279141, 48.22971081 ], [ 16.39284634, 48.22966396 ], [ 16.39386491, 48.23020133 ] ] ] } },
{ "type": "Feature", "properties": { "LEV1": "Baulandnutzung", "LEV2": "Wohn- u. Mischnutzung (Schwerpunkt Wohnen)", "LEV3": "dichtes Wohn(misch)gebiet", "FLAECHE": 13473.842149939999 }, "geometry": { "type": "Polygon", "coordinates": [ [ [ 16.38768425, 48.22414367 ], [ 16.38645287, 48.22464217 ], [ 16.38641087, 48.22463383 ], [ 16.38588736, 48.22341979 ], [ 16.38722756, 48.22316506 ], [ 16.38768425, 48.22414367 ] ] ] } },
{ "type": "Feature", "properties": { "LEV1": "Baulandnutzung", "LEV2": "Wohn- u. Mischnutzung (Schwerpunkt Wohnen)", "LEV3": "dichtes Wohn(misch)gebiet", "FLAECHE": 24241.453620370001 }, "geometry": { "type": "Polygon", "coordinates": [ [ [ 16.38226799, 48.21593653 ], [ 16.38230958, 48.21594722 ], [ 16.38259576, 48.21634631 ], [ 16.38262795, 48.21638632 ], [ 16.38318272, 48.21750808 ], [ 16.3825969, 48.21761381 ], [ 16.38174791, 48.21776704 ], [ 16.38131803, 48.21708651 ], [ 16.38106121, 48.21669747 ], [ 16.38088831, 48.216387 ], [ 16.38058235, 48.21583755 ], [ 16.38226799, 48.21593653 ] ] ] } },
{ "type": "Feature", "properties": { "LEV1": "Baulandnutzung", "LEV2": "Wohn- u. Mischnutzung (Schwerpunkt Wohnen)", "LEV3": "dichtes, durchgrüntes Wohn(misch)gebiet", "FLAECHE": 4485.0882189399999 }, "geometry": { "type": "Polygon", "coordinates": [ [ [ 16.40632663, 48.22330498 ], [ 16.40595972, 48.22357153 ], [ 16.40524623, 48.22312803 ], [ 16.405241, 48.22312381 ], [ 16.40627775, 48.22238987 ], [ 16.40627783, 48.22238982 ], [ 16.40649082, 48.22251542 ], [ 16.40582719, 48.22300051 ], [ 16.40595, 48.22307538 ], [ 16.40632663, 48.22330498 ] ] ] } },
{ "type": "Feature", "properties": { "LEV1": "Baulandnutzung", "LEV2": "Wohn- u. Mischnutzung (Schwerpunkt Wohnen)", "LEV3": "dichtes Wohn(misch)gebiet", "FLAECHE": 2355.6918448000001 }, "geometry": { "type": "Polygon", "coordinates": [ [ [ 16.39725429, 48.21297717 ], [ 16.39692029, 48.21329255 ], [ 16.39690892, 48.21328765 ], [ 16.3963049, 48.21302734 ], [ 16.39661187, 48.21270833 ], [ 16.39725429, 48.21297717 ] ] ] } },
{ "type": "Feature", "properties": { "LEV1": "Baulandnutzung", "LEV2": "Wohn- u. Mischnutzung (Schwerpunkt Wohnen)", "LEV3": "dichtes, durchgrüntes Wohn(misch)gebiet", "FLAECHE": 21831.202519639999 }, "geometry": { "type": "Polygon", "coordinates": [ [ [ 16.4192304, 48.21499387 ], [ 16.41822426, 48.21572429 ], [ 16.4180347, 48.2157488 ], [ 16.41789962, 48.21576266 ], [ 16.4176675, 48.2157648 ], [ 16.41748622, 48.21574982 ], [ 16.41731771, 48.21572836 ], [ 16.41718647, 48.21570363 ], [ 16.41710125, 48.21567941 ], [ 16.41684153, 48.21558606 ], [ 16.41670633, 48.21552194 ], [ 16.41644854, 48.21537355 ], [ 16.4162997, 48.21527536 ], [ 16.41636448, 48.21522792 ], [ 16.41789145, 48.21414151 ], [ 16.4192304, 48.21499387 ] ] ] } },
{ "type": "Feature", "properties": { "LEV1": "Baulandnutzung", "LEV2": "Wohn- u. Mischnutzung (Schwerpunkt Wohnen)", "LEV3": "dichtes, durchgrüntes Wohn(misch)gebiet", "FLAECHE": 7667.4784318499997 }, "geometry": { "type": "Polygon", "coordinates": [ [ [ 16.41493724, 48.21763801 ], [ 16.41425802, 48.21811389 ], [ 16.41325595, 48.21750507 ], [ 16.41332268, 48.21745636 ], [ 16.41330849, 48.21741878 ], [ 16.41370232, 48.21711985 ], [ 16.41386953, 48.21699294 ], [ 16.41493724, 48.21763801 ] ] ] } },
{ "type": "Feature", "properties": { "LEV1": "Baulandnutzung", "LEV2": "Wohn- u. Mischnutzung (Schwerpunkt Wohnen)", "LEV3": "dichtes Wohn(misch)gebiet", "FLAECHE": 3493.6137027899999 }, "geometry": { "type": "Polygon", "coordinates": [ [ [ 16.40595972, 48.22357153 ], [ 16.40555529, 48.22386618 ], [ 16.40478158, 48.22346212 ], [ 16.4047712, 48.22345638 ], [ 16.405241, 48.22312381 ], [ 16.40524623, 48.22312803 ], [ 16.40595972, 48.22357153 ] ] ] } },
{ "type": "Feature", "properties": { "LEV1": "Baulandnutzung", "LEV2": "Wohn- u. Mischnutzung (Schwerpunkt Wohnen)", "LEV3": "dichtes Wohn(misch)gebiet", "FLAECHE": 5111.8510455799997 }, "geometry": { "type": "Polygon", "coordinates": [ [ [ 16.4088654, 48.21880573 ], [ 16.4092821, 48.21848387 ], [ 16.40952026, 48.21862653 ], [ 16.40954318, 48.21864025 ], [ 16.41034459, 48.21912032 ], [ 16.40990086, 48.21943734 ], [ 16.40989438, 48.21944197 ], [ 16.40988611, 48.21944788 ], [ 16.40886741, 48.21880834 ], [ 16.4088654, 48.21880573 ] ] ] } },
{ "type": "Feature", "properties": { "LEV1": "Baulandnutzung", "LEV2": "Wohn- u. Mischnutzung (Schwerpunkt Wohnen)", "LEV3": "locker bebautes Wohn(misch)gebiet", "FLAECHE": 3747.5181185299998 }, "geometry": { "type": "Polygon", "coordinates": [ [ [ 16.43763447, 48.20090129 ], [ 16.43716042, 48.20123824 ], [ 16.43646044, 48.20080527 ], [ 16.43641316, 48.20077465 ], [ 16.43676703, 48.2005335 ], [ 16.43687263, 48.20055208 ], [ 16.43688908, 48.20055497 ], [ 16.43706398, 48.2005604 ], [ 16.43717235, 48.20060392 ], [ 16.43763447, 48.20090129 ] ] ] } },
{ "type": "Feature", "properties": { "LEV1": "Baulandnutzung", "LEV2": "Wohn- u. Mischnutzung (Schwerpunkt Wohnen)", "LEV3": "locker bebautes Wohn(misch)gebiet", "FLAECHE": 27422.363024509999 }, "geometry": { "type": "Polygon", "coordinates": [ [ [ 16.43043546, 48.20522463 ], [ 16.42989234, 48.20565014 ], [ 16.42973487, 48.20560847 ], [ 16.42948544, 48.20553763 ], [ 16.42927268, 48.20550839 ], [ 16.42882888, 48.20544994 ], [ 16.42861628, 48.20543788 ], [ 16.42818362, 48.20544308 ], [ 16.42783039, 48.20547889 ], [ 16.42769911, 48.20541604 ], [ 16.42739521, 48.20520332 ], [ 16.42733422, 48.20517369 ], [ 16.42813599, 48.20463621 ], [ 16.43006303, 48.20334432 ], [ 16.43006808, 48.20334093 ], [ 16.43008789, 48.20332786 ], [ 16.43011062, 48.20339385 ], [ 16.43009758, 48.20353088 ], [ 16.4300928, 48.2035812 ], [ 16.43001653, 48.20388343 ], [ 16.43000097, 48.20405243 ], [ 16.42992724, 48.20449396 ], [ 16.42994571, 48.20466311 ], [ 16.43000926, 48.20483834 ], [ 16.43010449, 48.20497424 ], [ 16.43022135, 48.2050915 ], [ 16.43043546, 48.20522463 ] ] ] } },
{ "type": "Feature", "properties": { "LEV1": "Baulandnutzung", "LEV2": "Wohn- u. Mischnutzung (Schwerpunkt Wohnen)", "LEV3": "dichtes Wohn(misch)gebiet", "FLAECHE": 3158.7114686499999 }, "geometry": { "type": "Polygon", "coordinates": [ [ [ 16.43043546, 48.20522463 ], [ 16.43050522, 48.205268 ], [ 16.43078544, 48.20544223 ], [ 16.43100142, 48.20561508 ], [ 16.43080741, 48.20576048 ], [ 16.43066142, 48.20586037 ], [ 16.43059713, 48.20590436 ], [ 16.43046504, 48.2058506 ], [ 16.43028153, 48.20577719 ], [ 16.42996598, 48.20566962 ], [ 16.42989234, 48.20565014 ], [ 16.43043546, 48.20522463 ] ] ] } },
{ "type": "Feature", "properties": { "LEV1": "Baulandnutzung", "LEV2": "Wohn- u. Mischnutzung (Schwerpunkt Wohnen)", "LEV3": "dichtes Wohn(misch)gebiet", "FLAECHE": 1167.3246500099999 }, "geometry": { "type": "Polygon", "coordinates": [ [ [ 16.38846229, 48.22651932 ], [ 16.38835338, 48.22702749 ], [ 16.38826133, 48.22703383 ], [ 16.38799146, 48.22662431 ], [ 16.38841758, 48.22649668 ], [ 16.38846229, 48.22651932 ] ] ] } },
{ "type": "Feature", "properties": { "LEV1": "Baulandnutzung", "LEV2": "Wohn- u. Mischnutzung (Schwerpunkt Wohnen)", "LEV3": "locker bebautes Wohn(misch)gebiet", "FLAECHE": 1570.0084225400001 }, "geometry": { "type": "Polygon", "coordinates": [ [ [ 16.42661454, 48.20935116 ], [ 16.42662196, 48.20934552 ], [ 16.42671101, 48.20927779 ], [ 16.42687013, 48.20917128 ], [ 16.42690598, 48.20913186 ], [ 16.42713134, 48.20897367 ], [ 16.42740438, 48.20914891 ], [ 16.42688769, 48.2095157 ], [ 16.42686978, 48.20950537 ], [ 16.42685889, 48.20949835 ], [ 16.42661454, 48.20935116 ] ] ] } },
{ "type": "Feature", "properties": { "LEV1": "Baulandnutzung", "LEV2": "Wohn- u. Mischnutzung (Schwerpunkt Wohnen)", "LEV3": "locker bebautes Wohn(misch)gebiet", "FLAECHE": 18398.144060539998 }, "geometry": { "type": "Polygon", "coordinates": [ [ [ 16.43158068, 48.18817894 ], [ 16.43076098, 48.1883631 ], [ 16.43016722, 48.18822363 ], [ 16.4295157, 48.18842988 ], [ 16.42934331, 48.1884243 ], [ 16.42880231, 48.18848273 ], [ 16.42869517, 48.18843673 ], [ 16.42749326, 48.18830829 ], [ 16.42744694, 48.18830353 ], [ 16.42783586, 48.18819001 ], [ 16.42785687, 48.18820618 ], [ 16.42836458, 48.18806017 ], [ 16.42882778, 48.18791429 ], [ 16.4288249, 48.18788443 ], [ 16.42889626, 48.18785551 ], [ 16.43014331, 48.18751293 ], [ 16.43041738, 48.18750398 ], [ 16.43053962, 48.1874939 ], [ 16.43063644, 48.18748825 ], [ 16.43067148, 48.18752995 ], [ 16.43084678, 48.18748843 ], [ 16.43100744, 48.18752841 ], [ 16.43106587, 48.18756442 ], [ 16.43115299, 48.18762173 ], [ 16.43116136, 48.18763854 ], [ 16.43125416, 48.1877096 ], [ 16.43140189, 48.18788566 ], [ 16.43140935, 48.18791901 ], [ 16.43158068, 48.18817894 ] ] ] } },
{ "type": "Feature", "properties": { "LEV1": "Baulandnutzung", "LEV2": "Wohn- u. Mischnutzung (Schwerpunkt Wohnen)", "LEV3": "Wohn(misch)gebiet mittlerer Dichte", "FLAECHE": 20672.915052169999 }, "geometry": { "type": "Polygon", "coordinates": [ [ [ 16.41659266, 48.21193931 ], [ 16.41657049, 48.2119574 ], [ 16.4164874, 48.21199918 ], [ 16.41638641, 48.21204197 ], [ 16.41630571, 48.21206002 ], [ 16.41628319, 48.21206197 ], [ 16.41620131, 48.21206908 ], [ 16.41611078, 48.21206482 ], [ 16.41602073, 48.21198903 ], [ 16.41599871, 48.21197063 ], [ 16.41543686, 48.21151578 ], [ 16.4154515, 48.21150679 ], [ 16.41730447, 48.2105043 ], [ 16.4180257, 48.2100901 ], [ 16.41865497, 48.21064309 ], [ 16.41769959, 48.21110455 ], [ 16.41784478, 48.21123884 ], [ 16.41728014, 48.21154222 ], [ 16.41659266, 48.21193931 ] ] ] } },
{ "type": "Feature", "properties": { "LEV1": "Baulandnutzung", "LEV2": "Wohn- u. Mischnutzung (Schwerpunkt Wohnen)", "LEV3": "locker bebautes Wohn(misch)gebiet", "FLAECHE": 22485.62911052 }, "geometry": { "type": "Polygon", "coordinates": [ [ [ 16.43938636, 48.19966693 ], [ 16.43910578, 48.19986088 ], [ 16.43869513, 48.20014474 ], [ 16.43867892, 48.20015595 ], [ 16.43867236, 48.20016048 ], [ 16.4383944, 48.19994184 ], [ 16.43813486, 48.19978028 ], [ 16.43782745, 48.19963558 ], [ 16.43777719, 48.19957677 ], [ 16.4380419, 48.19808622 ], [ 16.43811289, 48.19800144 ], [ 16.43813994, 48.19798282 ], [ 16.43822374, 48.19792513 ], [ 16.43832756, 48.19785367 ], [ 16.43842274, 48.19782435 ], [ 16.43842003, 48.19783916 ], [ 16.43841862, 48.19784693 ], [ 16.43842297, 48.19787076 ], [ 16.43843296, 48.1978926 ], [ 16.43927312, 48.19867714 ], [ 16.43963112, 48.19903277 ], [ 16.43966969, 48.1990813 ], [ 16.43983548, 48.19937523 ], [ 16.43980792, 48.19936124 ], [ 16.43938636, 48.19966693 ] ] ] } },
{ "type": "Feature", "properties": { "LEV1": "Baulandnutzung", "LEV2": "Wohn- u. Mischnutzung (Schwerpunkt Wohnen)", "LEV3": "locker bebautes Wohn(misch)gebiet", "FLAECHE": 174318.31370269001 }, "geometry": { "type": "Polygon", "coordinates": [ [ [ 16.41930716, 48.19698767 ], [ 16.41936469, 48.19712468 ], [ 16.41937225, 48.19714437 ], [ 16.4194102, 48.19723158 ], [ 16.41942154, 48.197259 ], [ 16.4194823, 48.19739799 ], [ 16.41935778, 48.19750869 ], [ 16.41919861, 48.19765225 ], [ 16.41904683, 48.1977896 ], [ 16.41881055, 48.19800237 ], [ 16.41863657, 48.19813982 ], [ 16.41859828, 48.19816701 ], [ 16.41840045, 48.19827805 ], [ 16.41836361, 48.19830273 ], [ 16.41833931, 48.198319 ], [ 16.41806435, 48.19827846 ], [ 16.41802818, 48.19827313 ], [ 16.41801808, 48.19827204 ], [ 16.41799689, 48.19827814 ], [ 16.41783665, 48.19834031 ], [ 16.41774267, 48.19837599 ], [ 16.41773146, 48.19838032 ], [ 16.41766349, 48.19840653 ], [ 16.41754021, 48.19845231 ], [ 16.41743402, 48.19849364 ], [ 16.41742379, 48.19849763 ], [ 16.41730468, 48.19854537 ], [ 16.41709254, 48.19863051 ], [ 16.41696308, 48.19868186 ], [ 16.41693915, 48.19869186 ], [ 16.41671452, 48.19878807 ], [ 16.41648572, 48.19888365 ], [ 16.41646461, 48.19889032 ], [ 16.41625799, 48.19897643 ], [ 16.41622293, 48.19902369 ], [ 16.4162102, 48.19904086 ], [ 16.41619852, 48.19905661 ], [ 16.41615139, 48.19911617 ], [ 16.41611676, 48.1991591 ], [ 16.41610251, 48.19916783 ], [ 16.4160217, 48.19936745 ], [ 16.41601812, 48.19936532 ], [ 16.41598269, 48.19945606 ], [ 16.41591715, 48.19960494 ], [ 16.41590816, 48.19962437 ], [ 16.41572839, 48.19976434 ], [ 16.41570729, 48.19977533 ], [ 16.41541086, 48.19990135 ], [ 16.41519126, 48.19999391 ], [ 16.41518728, 48.19999552 ], [ 16.41515865, 48.20000692 ], [ 16.41512599, 48.20002142 ], [ 16.41510012, 48.20003203 ], [ 16.41507648, 48.20004173 ], [ 16.41506708, 48.20002812 ], [ 16.41493347, 48.19983495 ], [ 16.41484377, 48.19971156 ], [ 16.41469985, 48.1995136 ], [ 16.41460953, 48.19938937 ], [ 16.41436898, 48.19911001 ], [ 16.41435165, 48.19908988 ], [ 16.414242, 48.19896254 ], [ 16.41421797, 48.19893463 ], [ 16.41403196, 48.1987186 ], [ 16.41343732, 48.198142 ], [ 16.413282, 48.19799371 ], [ 16.41307027, 48.19781669 ], [ 16.41259447, 48.19753381 ], [ 16.41386173, 48.19663067 ], [ 16.41290992, 48.19601113 ], [ 16.41307193, 48.19595616 ], [ 16.41444433, 48.19514306 ], [ 16.41445502, 48.19514314 ], [ 16.41463273, 48.19514454 ], [ 16.41478376, 48.19517056 ], [ 16.41504476, 48.19521585 ], [ 16.4151684, 48.19522269 ], [ 16.41530504, 48.19523024 ], [ 16.41562233, 48.19524779 ], [ 16.41633991, 48.19528745 ], [ 16.41693412, 48.1953203 ], [ 16.41716448, 48.1953097 ], [ 16.41727336, 48.19530469 ], [ 16.41741827, 48.19529802 ], [ 16.41744805, 48.19529665 ], [ 16.41755413, 48.19530102 ], [ 16.4177158, 48.1953077 ], [ 16.41781132, 48.19531164 ], [ 16.41798363, 48.19531875 ], [ 16.41799218, 48.1953191 ], [ 16.41800523, 48.19531998 ], [ 16.41823643, 48.19533548 ], [ 16.41840712, 48.19534692 ], [ 16.41862097, 48.19536125 ], [ 16.41891072, 48.19538068 ], [ 16.41898836, 48.19539138 ], [ 16.41907091, 48.19540275 ], [ 16.41959957, 48.1954756 ], [ 16.41997419, 48.19573001 ], [ 16.41945215, 48.1959813 ], [ 16.41968013, 48.19624574 ], [ 16.41972196, 48.19629425 ], [ 16.41971796, 48.1962961 ], [ 16.41961093, 48.1963456 ], [ 16.4195585, 48.19636369 ], [ 16.41953709, 48.19637107 ], [ 16.41947421, 48.19639398 ], [ 16.41947789, 48.19639739 ], [ 16.41947009, 48.19642304 ], [ 16.4192156, 48.19651028 ], [ 16.41920874, 48.19651262 ], [ 16.41917995, 48.19651057 ], [ 16.41888754, 48.19660881 ], [ 16.41885191, 48.19661954 ], [ 16.41868304, 48.19666714 ], [ 16.41862021, 48.19657942 ], [ 16.41849676, 48.19660028 ], [ 16.41827447, 48.19671924 ], [ 16.4181687, 48.19677885 ], [ 16.41819308, 48.19679997 ], [ 16.41835526, 48.1969405 ], [ 16.41851947, 48.19708671 ], [ 16.41853483, 48.19710037 ], [ 16.41857447, 48.19707713 ], [ 16.41871372, 48.19701228 ], [ 16.4188078, 48.19696685 ], [ 16.4188398, 48.1969514 ], [ 16.41897261, 48.19689249 ], [ 16.41906755, 48.19685087 ], [ 16.41910824, 48.19683303 ], [ 16.41930716, 48.19698767 ] ] ] } },
{ "type": "Feature", "properties": { "LEV1": "Baulandnutzung", "LEV2": "Wohn- u. Mischnutzung (Schwerpunkt Wohnen)", "LEV3": "dichtes Wohn(misch)gebiet", "FLAECHE": 11370.11462721 }, "geometry": { "type": "Polygon", "coordinates": [ [ [ 16.39873044, 48.21997785 ], [ 16.39853751, 48.22035009 ], [ 16.39800014, 48.22079114 ], [ 16.39657852, 48.22004456 ], [ 16.39658131, 48.22003588 ], [ 16.39685433, 48.21960889 ], [ 16.3968629, 48.2196023 ], [ 16.39873044, 48.21997785 ] ] ] } },
{ "type": "Feature", "properties": { "LEV1": "Baulandnutzung", "LEV2": "Wohn- u. Mischnutzung (Schwerpunkt Wohnen)", "LEV3": "dichtes Wohn(misch)gebiet", "FLAECHE": 2153.5548 }, "geometry": { "type": "Polygon", "coordinates": [ [ [ 16.39035924, 48.2144207 ], [ 16.38972162, 48.21447829 ], [ 16.38963788, 48.21405034 ], [ 16.38972049, 48.21404365 ], [ 16.39027043, 48.21404249 ], [ 16.39035924, 48.2144207 ] ] ] } },
{ "type": "Feature", "properties": { "LEV1": "Baulandnutzung", "LEV2": "Wohn- u. Mischnutzung (Schwerpunkt Wohnen)", "LEV3": "dichtes Wohn(misch)gebiet", "FLAECHE": 7219.9276114499999 }, "geometry": { "type": "Polygon", "coordinates": [ [ [ 16.39312202, 48.2253176 ], [ 16.39346238, 48.22433834 ], [ 16.39450309, 48.22488901 ], [ 16.39374245, 48.22553079 ], [ 16.39336591, 48.22533141 ], [ 16.39333331, 48.2254292 ], [ 16.39315192, 48.22533339 ], [ 16.39312202, 48.2253176 ] ] ] } },
{ "type": "Feature", "properties": { "LEV1": "Baulandnutzung", "LEV2": "Wohn- u. Mischnutzung (Schwerpunkt Wohnen)", "LEV3": "dichtes Wohn(misch)gebiet", "FLAECHE": 6458.2647969400005 }, "geometry": { "type": "Polygon", "coordinates": [ [ [ 16.39308724, 48.22893265 ], [ 16.393214, 48.2289999 ], [ 16.39264169, 48.22948861 ], [ 16.39227621, 48.2292947 ], [ 16.39227192, 48.22928993 ], [ 16.39182325, 48.22905436 ], [ 16.3920577, 48.22838644 ], [ 16.39308724, 48.22893265 ] ] ] } },
{ "type": "Feature", "properties": { "LEV1": "Baulandnutzung", "LEV2": "Wohn- u. Mischnutzung (Schwerpunkt Wohnen)", "LEV3": "dichtes Wohn(misch)gebiet", "FLAECHE": 4701.1172499100003 }, "geometry": { "type": "Polygon", "coordinates": [ [ [ 16.38236605, 48.21245792 ], [ 16.38225371, 48.21292057 ], [ 16.38144317, 48.21280515 ], [ 16.38144878, 48.21275911 ], [ 16.38056676, 48.21260261 ], [ 16.38058305, 48.21245826 ], [ 16.38154564, 48.21243414 ], [ 16.38236605, 48.21245792 ] ] ] } },
{ "type": "Feature", "properties": { "LEV1": "Baulandnutzung", "LEV2": "Wohn- u. Mischnutzung (Schwerpunkt Wohnen)", "LEV3": "dichtes Wohn(misch)gebiet", "FLAECHE": 860.88871028999995 }, "geometry": { "type": "Polygon", "coordinates": [ [ [ 16.3703808, 48.22150774 ], [ 16.37018483, 48.22151678 ], [ 16.3701905, 48.22155313 ], [ 16.37000223, 48.22156632 ], [ 16.36996564, 48.22158692 ], [ 16.3697909, 48.22160108 ], [ 16.36973893, 48.22125802 ], [ 16.3703808, 48.22150774 ] ] ] } },
{ "type": "Feature", "properties": { "LEV1": "Baulandnutzung", "LEV2": "Wohn- u. Mischnutzung (Schwerpunkt Wohnen)", "LEV3": "dichtes Wohn(misch)gebiet", "FLAECHE": 15983.363104550001 }, "geometry": { "type": "Polygon", "coordinates": [ [ [ 16.40225136, 48.22647679 ], [ 16.40020633, 48.22817847 ], [ 16.40019597, 48.22817266 ], [ 16.39954096, 48.22780544 ], [ 16.40091182, 48.22663484 ], [ 16.40154359, 48.22609534 ], [ 16.40225136, 48.22647679 ] ] ] } },
{ "type": "Feature", "properties": { "LEV1": "Baulandnutzung", "LEV2": "Wohn- u. Mischnutzung (Schwerpunkt Wohnen)", "LEV3": "dichtes Wohn(misch)gebiet", "FLAECHE": 9017.2514500899997 }, "geometry": { "type": "Polygon", "coordinates": [ [ [ 16.37654805, 48.21849941 ], [ 16.37665101, 48.21902287 ], [ 16.37613615, 48.21904769 ], [ 16.37592608, 48.21817371 ], [ 16.37580803, 48.21778615 ], [ 16.37568953, 48.21733689 ], [ 16.37566119, 48.21722691 ], [ 16.37566814, 48.21699443 ], [ 16.37613185, 48.21698258 ], [ 16.37654805, 48.21849941 ] ] ] } },
{ "type": "Feature", "properties": { "LEV1": "Baulandnutzung", "LEV2": "Wohn- u. Mischnutzung (Schwerpunkt Wohnen)", "LEV3": "dichtes Wohn(misch)gebiet", "FLAECHE": 5953.3279999200004 }, "geometry": { "type": "Polygon", "coordinates": [ [ [ 16.37819696, 48.21802236 ], [ 16.37827287, 48.21868792 ], [ 16.37717445, 48.21880559 ], [ 16.37714039, 48.21878329 ], [ 16.37747989, 48.21792216 ], [ 16.37819696, 48.21802236 ] ] ] } },
{ "type": "Feature", "properties": { "LEV1": "Baulandnutzung", "LEV2": "Wohn- u. Mischnutzung (Schwerpunkt Wohnen)", "LEV3": "dichtes Wohn(misch)gebiet", "FLAECHE": 7578.1409000699996 }, "geometry": { "type": "Polygon", "coordinates": [ [ [ 16.38916724, 48.21774551 ], [ 16.38915341, 48.21778113 ], [ 16.38775498, 48.21819896 ], [ 16.38738686, 48.21772275 ], [ 16.38729408, 48.21766074 ], [ 16.38835663, 48.21725907 ], [ 16.38916724, 48.21774551 ] ] ] } },
{ "type": "Feature", "properties": { "LEV1": "Baulandnutzung", "LEV2": "Wohn- u. Mischnutzung (Schwerpunkt Wohnen)", "LEV3": "dichtes Wohn(misch)gebiet", "FLAECHE": 3850.5970274699998 }, "geometry": { "type": "Polygon", "coordinates": [ [ [ 16.3951852, 48.22525432 ], [ 16.39446939, 48.22585611 ], [ 16.39399583, 48.22560809 ], [ 16.3947086, 48.22500123 ], [ 16.3951852, 48.22525432 ] ] ] } },
{ "type": "Feature", "properties": { "LEV1": "Baulandnutzung", "LEV2": "Wohn- u. Mischnutzung (Schwerpunkt Wohnen)", "LEV3": "dichtes Wohn(misch)gebiet", "FLAECHE": 4094.3001499400002 }, "geometry": { "type": "Polygon", "coordinates": [ [ [ 16.38490609, 48.2168871 ], [ 16.38448816, 48.21706777 ], [ 16.38349756, 48.21599961 ], [ 16.38381377, 48.21597943 ], [ 16.38398317, 48.2160978 ], [ 16.38427539, 48.21633258 ], [ 16.38434096, 48.21637239 ], [ 16.38440656, 48.21643612 ], [ 16.3845108, 48.21653159 ], [ 16.38453165, 48.21652564 ], [ 16.38490609, 48.2168871 ] ] ] } },
{ "type": "Feature", "properties": { "LEV1": "Baulandnutzung", "LEV2": "Wohn- u. Mischnutzung (Schwerpunkt Wohnen)", "LEV3": "dichtes Wohn(misch)gebiet", "FLAECHE": 10992.08485001 }, "geometry": { "type": "Polygon", "coordinates": [ [ [ 16.38016018, 48.21548401 ], [ 16.37884598, 48.21573811 ], [ 16.37837382, 48.21511973 ], [ 16.37826039, 48.21495907 ], [ 16.37993789, 48.21453747 ], [ 16.38002047, 48.21496713 ], [ 16.37971975, 48.2150034 ], [ 16.37970976, 48.21495529 ], [ 16.37949165, 48.2149775 ], [ 16.37955051, 48.21520896 ], [ 16.37976472, 48.21518568 ], [ 16.37975324, 48.21513298 ], [ 16.38006189, 48.21510013 ], [ 16.38016018, 48.21548401 ] ] ] } },
{ "type": "Feature", "properties": { "LEV1": "Baulandnutzung", "LEV2": "Wohn- u. Mischnutzung (Schwerpunkt Wohnen)", "LEV3": "dichtes, durchgrüntes Wohn(misch)gebiet", "FLAECHE": 28649.054635979999 }, "geometry": { "type": "MultiPolygon", "coordinates": [ [ [ [ 16.39355768, 48.2324685 ], [ 16.39345987, 48.2325517 ], [ 16.39323644, 48.23274175 ], [ 16.39317869, 48.23279087 ], [ 16.39316707, 48.2327901 ], [ 16.39312973, 48.23277481 ], [ 16.39291887, 48.23268842 ], [ 16.39267981, 48.23257235 ], [ 16.39245582, 48.23244152 ], [ 16.39223274, 48.23229207 ], [ 16.39229003, 48.23224393 ], [ 16.39229424, 48.23224722 ], [ 16.39238162, 48.2321678 ], [ 16.392832, 48.23178645 ], [ 16.39338121, 48.23132141 ], [ 16.39351679, 48.2313906 ], [ 16.39367876, 48.23125254 ], [ 16.39354621, 48.23118445 ], [ 16.39503324, 48.22993742 ], [ 16.39531609, 48.23008721 ], [ 16.39573256, 48.23030776 ], [ 16.39595516, 48.23042564 ], [ 16.39449694, 48.23167284 ], [ 16.39444216, 48.2316447 ], [ 16.39443265, 48.23163981 ], [ 16.39434038, 48.23171603 ], [ 16.39429095, 48.2317023 ], [ 16.39422837, 48.23175374 ], [ 16.39433436, 48.23180782 ], [ 16.39355768, 48.2324685 ] ], [ [ 16.39363274, 48.23144977 ], [ 16.39368243, 48.23147513 ], [ 16.39410652, 48.23169156 ], [ 16.3942683, 48.23155539 ], [ 16.39383228, 48.23133141 ], [ 16.39374706, 48.23140269 ], [ 16.39370998, 48.23138345 ], [ 16.39363274, 48.23144977 ] ] ] ] } },
{ "type": "Feature", "properties": { "LEV1": "Baulandnutzung", "LEV2": "Wohn- u. Mischnutzung (Schwerpunkt Wohnen)", "LEV3": "locker bebautes Wohn(misch)gebiet", "FLAECHE": 22791.571674120001 }, "geometry": { "type": "Polygon", "coordinates": [ [ [ 16.43835806, 48.19769896 ], [ 16.43831748, 48.19772291 ], [ 16.43807387, 48.19792422 ], [ 16.43794931, 48.19806588 ], [ 16.43785355, 48.19847858 ], [ 16.43783179, 48.1984955 ], [ 16.43764762, 48.199578 ], [ 16.43714888, 48.19947646 ], [ 16.43594261, 48.19926077 ], [ 16.43554284, 48.19913468 ], [ 16.43696833, 48.19802511 ], [ 16.43808929, 48.19728937 ], [ 16.43830187, 48.19761334 ], [ 16.43835806, 48.19769896 ] ] ] } },
{ "type": "Feature", "properties": { "LEV1": "Baulandnutzung", "LEV2": "Wohn- u. Mischnutzung (Schwerpunkt Wohnen)", "LEV3": "locker bebautes Wohn(misch)gebiet", "FLAECHE": 8890.4488506399994 }, "geometry": { "type": "Polygon", "coordinates": [ [ [ 16.44547012, 48.19581049 ], [ 16.44645867, 48.19513307 ], [ 16.44717929, 48.19559103 ], [ 16.44659885, 48.19597773 ], [ 16.44601079, 48.19636948 ], [ 16.44536008, 48.19594823 ], [ 16.44547012, 48.19581049 ] ] ] } },
{ "type": "Feature", "properties": { "LEV1": "Baulandnutzung", "LEV2": "Wohn- u. Mischnutzung (Schwerpunkt Wohnen)", "LEV3": "dichtes Wohn(misch)gebiet", "FLAECHE": 3041.113742 }, "geometry": { "type": "Polygon", "coordinates": [ [ [ 16.38813795, 48.22508686 ], [ 16.38796329, 48.22513835 ], [ 16.38774265, 48.22520341 ], [ 16.38728686, 48.22459126 ], [ 16.38779699, 48.22437007 ], [ 16.38813795, 48.22508686 ] ] ] } },
{ "type": "Feature", "properties": { "LEV1": "Baulandnutzung", "LEV2": "Wohn- u. Mischnutzung (Schwerpunkt Wohnen)", "LEV3": "dichtes Wohn(misch)gebiet", "FLAECHE": 6398.6001999199998 }, "geometry": { "type": "Polygon", "coordinates": [ [ [ 16.38970302, 48.22090187 ], [ 16.38962991, 48.22125453 ], [ 16.3895316, 48.2213178 ], [ 16.38858449, 48.22150565 ], [ 16.38810909, 48.22077229 ], [ 16.38813328, 48.22074305 ], [ 16.38970302, 48.22090187 ] ] ] } },
{ "type": "Feature", "properties": { "LEV1": "Baulandnutzung", "LEV2": "Wohn- u. Mischnutzung (Schwerpunkt Wohnen)", "LEV3": "dichtes Wohn(misch)gebiet", "FLAECHE": 12384.36249044 }, "geometry": { "type": "Polygon", "coordinates": [ [ [ 16.40325381, 48.21959892 ], [ 16.4032793, 48.21963129 ], [ 16.40218715, 48.22056468 ], [ 16.40217686, 48.22057019 ], [ 16.40089199, 48.22030157 ], [ 16.40126227, 48.21960583 ], [ 16.40324587, 48.21959183 ], [ 16.40325381, 48.21959892 ] ] ] } },
{ "type": "Feature", "properties": { "LEV1": "Baulandnutzung", "LEV2": "Wohn- u. Mischnutzung (Schwerpunkt Wohnen)", "LEV3": "locker bebautes Wohn(misch)gebiet", "FLAECHE": 13599.9024 }, "geometry": { "type": "Polygon", "coordinates": [ [ [ 16.44847255, 48.19402306 ], [ 16.44898452, 48.19434335 ], [ 16.44902154, 48.19436103 ], [ 16.44727666, 48.19552241 ], [ 16.44654193, 48.19507184 ], [ 16.44789482, 48.19413838 ], [ 16.4480891, 48.19403711 ], [ 16.44844104, 48.1940087 ], [ 16.44847255, 48.19402306 ] ] ] } },
{ "type": "Feature", "properties": { "LEV1": "Baulandnutzung", "LEV2": "Wohn- u. Mischnutzung (Schwerpunkt Wohnen)", "LEV3": "dichtes Wohn(misch)gebiet", "FLAECHE": 7230.5181629799999 }, "geometry": { "type": "Polygon", "coordinates": [ [ [ 16.42676744, 48.20869849 ], [ 16.42668006, 48.20876035 ], [ 16.42628502, 48.20903999 ], [ 16.42622224, 48.20907025 ], [ 16.4261651, 48.20908893 ], [ 16.4261577, 48.20909135 ], [ 16.42606906, 48.20910661 ], [ 16.42600461, 48.20910828 ], [ 16.425092, 48.20904172 ], [ 16.42486271, 48.20902679 ], [ 16.42534232, 48.20868703 ], [ 16.42585119, 48.20831502 ], [ 16.42611216, 48.20828712 ], [ 16.42676744, 48.20869849 ] ] ] } },
{ "type": "Feature", "properties": { "LEV1": "Baulandnutzung", "LEV2": "Wohn- u. Mischnutzung (Schwerpunkt Wohnen)", "LEV3": "dichtes Wohn(misch)gebiet", "FLAECHE": 9687.3761511699995 }, "geometry": { "type": "Polygon", "coordinates": [ [ [ 16.39835318, 48.20805602 ], [ 16.39798363, 48.20913279 ], [ 16.39785478, 48.20950823 ], [ 16.3977194, 48.20990267 ], [ 16.39694682, 48.20978698 ], [ 16.39717887, 48.20941463 ], [ 16.39719486, 48.20938899 ], [ 16.39738983, 48.20901222 ], [ 16.39740024, 48.2089921 ], [ 16.39763618, 48.20849591 ], [ 16.39782462, 48.20799533 ], [ 16.39835318, 48.20805602 ] ] ] } },
{ "type": "Feature", "properties": { "LEV1": "Baulandnutzung", "LEV2": "Wohn- u. Mischnutzung (Schwerpunkt Wohnen)", "LEV3": "dichtes Wohn(misch)gebiet", "FLAECHE": 12979.373149950001 }, "geometry": { "type": "Polygon", "coordinates": [ [ [ 16.41623613, 48.21567102 ], [ 16.41639056, 48.21590177 ], [ 16.41646482, 48.21605999 ], [ 16.41652088, 48.21619629 ], [ 16.41655421, 48.21634358 ], [ 16.41656058, 48.21654331 ], [ 16.41654239, 48.21670224 ], [ 16.41644748, 48.21701545 ], [ 16.41623846, 48.2171647 ], [ 16.41485338, 48.21630788 ], [ 16.41597871, 48.21549997 ], [ 16.41623613, 48.21567102 ] ] ] } },
{ "type": "Feature", "properties": { "LEV1": "Baulandnutzung", "LEV2": "Wohn- u. Mischnutzung (Schwerpunkt Wohnen)", "LEV3": "dichtes Wohn(misch)gebiet", "FLAECHE": 8346.7640265200007 }, "geometry": { "type": "Polygon", "coordinates": [ [ [ 16.40167486, 48.22202432 ], [ 16.40166648, 48.22203135 ], [ 16.40114336, 48.22245507 ], [ 16.40113292, 48.22246052 ], [ 16.39975417, 48.2217324 ], [ 16.40029045, 48.22128145 ], [ 16.40167486, 48.22202432 ] ] ] } },
{ "type": "Feature", "properties": { "LEV1": "Baulandnutzung", "LEV2": "Wohn- u. Mischnutzung (Schwerpunkt Wohnen)", "LEV3": "dichtes Wohn(misch)gebiet", "FLAECHE": 4106.7206000200003 }, "geometry": { "type": "Polygon", "coordinates": [ [ [ 16.41525824, 48.21679935 ], [ 16.41464705, 48.21724476 ], [ 16.41403448, 48.21688014 ], [ 16.41467096, 48.21643094 ], [ 16.41525824, 48.21679935 ] ] ] } },
{ "type": "Feature", "properties": { "LEV1": "Baulandnutzung", "LEV2": "Wohn- u. Mischnutzung (Schwerpunkt Wohnen)", "LEV3": "dichtes Wohn(misch)gebiet", "FLAECHE": 12732.668850030001 }, "geometry": { "type": "Polygon", "coordinates": [ [ [ 16.38372015, 48.21325866 ], [ 16.3837269, 48.21328699 ], [ 16.3849782, 48.21347172 ], [ 16.38480952, 48.21410357 ], [ 16.38460754, 48.21438226 ], [ 16.38449949, 48.21452368 ], [ 16.38386162, 48.21418023 ], [ 16.38333914, 48.21390669 ], [ 16.38303575, 48.21365644 ], [ 16.38313771, 48.21317373 ], [ 16.38372015, 48.21325866 ] ] ] } },
{ "type": "Feature", "properties": { "LEV1": "Baulandnutzung", "LEV2": "Wohn- u. Mischnutzung (Schwerpunkt Wohnen)", "LEV3": "dichtes Wohn(misch)gebiet", "FLAECHE": 3780.1807224200002 }, "geometry": { "type": "Polygon", "coordinates": [ [ [ 16.38710557, 48.21958622 ], [ 16.3871072, 48.2195949 ], [ 16.38604529, 48.22016005 ], [ 16.38596444, 48.22019741 ], [ 16.38595811, 48.22018945 ], [ 16.38573653, 48.2196982 ], [ 16.38701865, 48.21945618 ], [ 16.38710557, 48.21958622 ] ] ] } },
{ "type": "Feature", "properties": { "LEV1": "Baulandnutzung", "LEV2": "Wohn- u. Mischnutzung (Schwerpunkt Wohnen)", "LEV3": "dichtes Wohn(misch)gebiet", "FLAECHE": 3055.5884499899998 }, "geometry": { "type": "Polygon", "coordinates": [ [ [ 16.38067079, 48.21804939 ], [ 16.3806827, 48.21844221 ], [ 16.38034887, 48.21848668 ], [ 16.37994209, 48.21852065 ], [ 16.37985731, 48.21851448 ], [ 16.37983053, 48.21804234 ], [ 16.38067079, 48.21804939 ] ] ] } },
{ "type": "Feature", "properties": { "LEV1": "Baulandnutzung", "LEV2": "Wohn- u. Mischnutzung (Schwerpunkt Wohnen)", "LEV3": "dichtes Wohn(misch)gebiet", "FLAECHE": 11258.39395007 }, "geometry": { "type": "Polygon", "coordinates": [ [ [ 16.40789488, 48.22334809 ], [ 16.40652234, 48.2243953 ], [ 16.4057611, 48.22398252 ], [ 16.40701993, 48.22304232 ], [ 16.40718274, 48.22292315 ], [ 16.40789488, 48.22334809 ] ] ] } },
{ "type": "Feature", "properties": { "LEV1": "Baulandnutzung", "LEV2": "Wohn- u. Mischnutzung (Schwerpunkt Wohnen)", "LEV3": "dichtes Wohn(misch)gebiet", "FLAECHE": 5433.31030001 }, "geometry": { "type": "Polygon", "coordinates": [ [ [ 16.36959507, 48.22559701 ], [ 16.36932188, 48.22564547 ], [ 16.36870088, 48.22543188 ], [ 16.36911479, 48.22445618 ], [ 16.36936404, 48.22445269 ], [ 16.36959507, 48.22559701 ] ] ] } },
{ "type": "Feature", "properties": { "LEV1": "Baulandnutzung", "LEV2": "Wohn- u. Mischnutzung (Schwerpunkt Wohnen)", "LEV3": "dichtes Wohn(misch)gebiet", "FLAECHE": 4353.8230499700003 }, "geometry": { "type": "Polygon", "coordinates": [ [ [ 16.40565887, 48.20275393 ], [ 16.40433788, 48.20313135 ], [ 16.40411231, 48.2027499 ], [ 16.40490419, 48.20257919 ], [ 16.40544253, 48.20244244 ], [ 16.40565887, 48.20275393 ] ] ] } },
{ "type": "Feature", "properties": { "LEV1": "Baulandnutzung", "LEV2": "Wohn- u. Mischnutzung (Schwerpunkt Wohnen)", "LEV3": "dichtes Wohn(misch)gebiet", "FLAECHE": 23292.027097630002 }, "geometry": { "type": "Polygon", "coordinates": [ [ [ 16.39765196, 48.23132901 ], [ 16.39692921, 48.23193112 ], [ 16.39667718, 48.23214107 ], [ 16.3961671, 48.23256599 ], [ 16.39549978, 48.23221251 ], [ 16.3947868, 48.23183484 ], [ 16.39540059, 48.23131277 ], [ 16.39581464, 48.23096057 ], [ 16.39596217, 48.23083508 ], [ 16.39601411, 48.2307909 ], [ 16.39626048, 48.23058133 ], [ 16.39765196, 48.23132901 ] ] ] } },
{ "type": "Feature", "properties": { "LEV1": "Baulandnutzung", "LEV2": "Wohn- u. Mischnutzung (Schwerpunkt Wohnen)", "LEV3": "dichtes Wohn(misch)gebiet", "FLAECHE": 5777.4142094 }, "geometry": { "type": "Polygon", "coordinates": [ [ [ 16.3976148, 48.22776205 ], [ 16.3981684, 48.22729574 ], [ 16.39907496, 48.22778186 ], [ 16.39875435, 48.22805153 ], [ 16.39851427, 48.22825517 ], [ 16.39768144, 48.22780429 ], [ 16.3976148, 48.22776205 ] ] ] } },
{ "type": "Feature", "properties": { "LEV1": "Baulandnutzung", "LEV2": "Wohn- u. Mischnutzung (Schwerpunkt Wohnen)", "LEV3": "dichtes Wohn(misch)gebiet", "FLAECHE": 6509.2580499899996 }, "geometry": { "type": "Polygon", "coordinates": [ [ [ 16.38332711, 48.22496995 ], [ 16.38324861, 48.22507943 ], [ 16.38306344, 48.22510747 ], [ 16.38218618, 48.22450079 ], [ 16.38204522, 48.22414561 ], [ 16.38291665, 48.2239743 ], [ 16.38332711, 48.22496995 ] ] ] } },
{ "type": "Feature", "properties": { "LEV1": "Baulandnutzung", "LEV2": "Wohn- u. Mischnutzung (Schwerpunkt Wohnen)", "LEV3": "dichtes Wohn(misch)gebiet", "FLAECHE": 5357.4211909799997 }, "geometry": { "type": "Polygon", "coordinates": [ [ [ 16.39145964, 48.21512443 ], [ 16.39167499, 48.21418913 ], [ 16.39234867, 48.21425589 ], [ 16.39219878, 48.21475553 ], [ 16.39233658, 48.2147686 ], [ 16.39234406, 48.21483604 ], [ 16.39221881, 48.21498404 ], [ 16.39215476, 48.21498237 ], [ 16.39209775, 48.21518298 ], [ 16.39145964, 48.21512443 ] ] ] } },
{ "type": "Feature", "properties": { "LEV1": "Baulandnutzung", "LEV2": "Wohn- u. Mischnutzung (Schwerpunkt Wohnen)", "LEV3": "dichtes Wohn(misch)gebiet", "FLAECHE": 8180.4338363200004 }, "geometry": { "type": "Polygon", "coordinates": [ [ [ 16.40323844, 48.222865 ], [ 16.40323248, 48.22287287 ], [ 16.40270182, 48.22328571 ], [ 16.4026903, 48.22328935 ], [ 16.40133709, 48.22256968 ], [ 16.40134204, 48.22256155 ], [ 16.40185963, 48.22213069 ], [ 16.40186798, 48.22212367 ], [ 16.40323844, 48.222865 ] ] ] } },
{ "type": "Feature", "properties": { "LEV1": "Baulandnutzung", "LEV2": "Wohn- u. Mischnutzung (Schwerpunkt Wohnen)", "LEV3": "dichtes Wohn(misch)gebiet", "FLAECHE": 15347.855927430001 }, "geometry": { "type": "Polygon", "coordinates": [ [ [ 16.40315337, 48.22697188 ], [ 16.40314726, 48.22697968 ], [ 16.40100466, 48.22863173 ], [ 16.40041029, 48.22830282 ], [ 16.4003999, 48.22829707 ], [ 16.40245325, 48.22658756 ], [ 16.40315337, 48.22697188 ] ] ] } },
{ "type": "Feature", "properties": { "LEV1": "Baulandnutzung", "LEV2": "Wohn- u. Mischnutzung (Schwerpunkt Wohnen)", "LEV3": "dichtes Wohn(misch)gebiet", "FLAECHE": 2656.06912336 }, "geometry": { "type": "Polygon", "coordinates": [ [ [ 16.37803616, 48.21720188 ], [ 16.37809887, 48.21720365 ], [ 16.37817182, 48.21788189 ], [ 16.37752959, 48.21779912 ], [ 16.37775706, 48.21719415 ], [ 16.37781977, 48.21719593 ], [ 16.37782421, 48.217187 ], [ 16.37803615, 48.21719043 ], [ 16.37803616, 48.21720188 ] ] ] } },
{ "type": "Feature", "properties": { "LEV1": "Baulandnutzung", "LEV2": "Wohn- u. Mischnutzung (Schwerpunkt Wohnen)", "LEV3": "dichtes Wohn(misch)gebiet", "FLAECHE": 10710.6329845 }, "geometry": { "type": "Polygon", "coordinates": [ [ [ 16.38927076, 48.22285477 ], [ 16.38916665, 48.22331868 ], [ 16.38912165, 48.22351916 ], [ 16.38854521, 48.22376719 ], [ 16.38791544, 48.22238729 ], [ 16.38884401, 48.22221258 ], [ 16.38927076, 48.22285477 ] ] ] } },
{ "type": "Feature", "properties": { "LEV1": "Baulandnutzung", "LEV2": "Wohn- u. Mischnutzung (Schwerpunkt Wohnen)", "LEV3": "locker bebautes Wohn(misch)gebiet", "FLAECHE": 5698.1089775199998 }, "geometry": { "type": "Polygon", "coordinates": [ [ [ 16.42130977, 48.19920592 ], [ 16.42120471, 48.19930977 ], [ 16.42087225, 48.19951767 ], [ 16.42058382, 48.19966845 ], [ 16.42012086, 48.1993004 ], [ 16.42000398, 48.19920774 ], [ 16.41964401, 48.19892478 ], [ 16.4200305, 48.19876255 ], [ 16.42027708, 48.19902813 ], [ 16.42053485, 48.19885859 ], [ 16.42130977, 48.19920592 ] ] ] } },
{ "type": "Feature", "properties": { "LEV1": "Baulandnutzung", "LEV2": "Wohn- u. Mischnutzung (Schwerpunkt Wohnen)", "LEV3": "dichtes, durchgrüntes Wohn(misch)gebiet", "FLAECHE": 11350.68345155 }, "geometry": { "type": "Polygon", "coordinates": [ [ [ 16.39405779, 48.21527327 ], [ 16.39383424, 48.21535826 ], [ 16.39281142, 48.21522668 ], [ 16.3925534, 48.21554354 ], [ 16.39246215, 48.21552802 ], [ 16.39265776, 48.21486961 ], [ 16.39282185, 48.2144312 ], [ 16.39284809, 48.21431725 ], [ 16.39430346, 48.21451824 ], [ 16.39413395, 48.21503042 ], [ 16.39405779, 48.21527327 ] ] ] } },
{ "type": "Feature", "properties": { "LEV1": "Baulandnutzung", "LEV2": "Wohn- u. Mischnutzung (Schwerpunkt Wohnen)", "LEV3": "dichtes Wohn(misch)gebiet", "FLAECHE": 12524.19099992 }, "geometry": { "type": "Polygon", "coordinates": [ [ [ 16.39861913, 48.22449933 ], [ 16.39780234, 48.22518532 ], [ 16.39645495, 48.22448115 ], [ 16.39729084, 48.22378014 ], [ 16.39861913, 48.22449933 ] ] ] } },
{ "type": "Feature", "properties": { "LEV1": "Baulandnutzung", "LEV2": "Wohn- u. Mischnutzung (Schwerpunkt Wohnen)", "LEV3": "locker bebautes Wohn(misch)gebiet", "FLAECHE": 2538.6889609899999 }, "geometry": { "type": "Polygon", "coordinates": [ [ [ 16.43201328, 48.18807129 ], [ 16.43175877, 48.1881432 ], [ 16.43157733, 48.18792013 ], [ 16.4313544, 48.18765871 ], [ 16.43125954, 48.18756202 ], [ 16.431261, 48.18755392 ], [ 16.4312864, 48.18754239 ], [ 16.43124989, 48.18750959 ], [ 16.43120905, 48.18746322 ], [ 16.43122464, 48.18745521 ], [ 16.43113785, 48.18735968 ], [ 16.4314423, 48.18719332 ], [ 16.43155359, 48.18737543 ], [ 16.43201328, 48.18807129 ] ] ] } },
{ "type": "Feature", "properties": { "LEV1": "Baulandnutzung", "LEV2": "Wohn- u. Mischnutzung (Schwerpunkt Wohnen)", "LEV3": "locker bebautes Wohn(misch)gebiet", "FLAECHE": 3451.9086857500001 }, "geometry": { "type": "Polygon", "coordinates": [ [ [ 16.41805275, 48.21584385 ], [ 16.4174128, 48.21631061 ], [ 16.41737172, 48.21630399 ], [ 16.41703479, 48.21625669 ], [ 16.41696207, 48.21601046 ], [ 16.41683085, 48.21578728 ], [ 16.41676182, 48.21569296 ], [ 16.41684256, 48.21565136 ], [ 16.41685523, 48.21565754 ], [ 16.41712304, 48.21576033 ], [ 16.41737366, 48.21579909 ], [ 16.41740219, 48.21580167 ], [ 16.41767432, 48.21582631 ], [ 16.41803889, 48.2158432 ], [ 16.41805275, 48.21584385 ] ] ] } },
{ "type": "Feature", "properties": { "LEV1": "Baulandnutzung", "LEV2": "Wohn- u. Mischnutzung (Schwerpunkt Wohnen)", "LEV3": "dichtes Wohn(misch)gebiet", "FLAECHE": 6705.5222972499996 }, "geometry": { "type": "Polygon", "coordinates": [ [ [ 16.39445716, 48.22965656 ], [ 16.39389882, 48.23017272 ], [ 16.39288493, 48.22963247 ], [ 16.39295098, 48.22957459 ], [ 16.3934668, 48.22913404 ], [ 16.39445716, 48.22965656 ] ] ] } },
{ "type": "Feature", "properties": { "LEV1": "Baulandnutzung", "LEV2": "Wohn- u. Mischnutzung (Schwerpunkt Wohnen)", "LEV3": "dichtes Wohn(misch)gebiet", "FLAECHE": 20364.65750415 }, "geometry": { "type": "Polygon", "coordinates": [ [ [ 16.37567812, 48.21685252 ], [ 16.37567071, 48.21666546 ], [ 16.37565386, 48.21654748 ], [ 16.37564522, 48.21648705 ], [ 16.37563121, 48.21638893 ], [ 16.37559721, 48.21631862 ], [ 16.37553386, 48.21618761 ], [ 16.37543025, 48.21597333 ], [ 16.37515118, 48.21564671 ], [ 16.37574951, 48.21484017 ], [ 16.37589527, 48.21488698 ], [ 16.37705274, 48.21620039 ], [ 16.37717935, 48.2163392 ], [ 16.37721319, 48.21638837 ], [ 16.37750133, 48.21680709 ], [ 16.37747255, 48.21682311 ], [ 16.37708595, 48.21684177 ], [ 16.37708809, 48.21682603 ], [ 16.37567812, 48.21685252 ] ] ] } },
{ "type": "Feature", "properties": { "LEV1": "Baulandnutzung", "LEV2": "Wohn- u. Mischnutzung (Schwerpunkt Wohnen)", "LEV3": "dichtes, durchgrüntes Wohn(misch)gebiet", "FLAECHE": 54765.00486357 }, "geometry": { "type": "Polygon", "coordinates": [ [ [ 16.40815749, 48.22219816 ], [ 16.40826608, 48.22211615 ], [ 16.40810714, 48.22202164 ], [ 16.40745266, 48.22248556 ], [ 16.40717151, 48.22268484 ], [ 16.40711432, 48.2227277 ], [ 16.40661706, 48.22242314 ], [ 16.40649082, 48.22251542 ], [ 16.40627783, 48.22238982 ], [ 16.40641154, 48.22229621 ], [ 16.40779811, 48.22132549 ], [ 16.40806211, 48.2214836 ], [ 16.40829618, 48.22132014 ], [ 16.40842789, 48.22138093 ], [ 16.40961348, 48.22055731 ], [ 16.40971221, 48.22028116 ], [ 16.40987378, 48.22015363 ], [ 16.41025522, 48.22006794 ], [ 16.41132488, 48.21932786 ], [ 16.41157492, 48.21946484 ], [ 16.41182227, 48.21929118 ], [ 16.41260117, 48.21974715 ], [ 16.41218448, 48.22008107 ], [ 16.41090848, 48.22103402 ], [ 16.41051618, 48.22131288 ], [ 16.40923179, 48.22227643 ], [ 16.40879862, 48.22258687 ], [ 16.40816998, 48.22220665 ], [ 16.40815749, 48.22219816 ] ] ] } },
{ "type": "Feature", "properties": { "LEV1": "Baulandnutzung", "LEV2": "Wohn- u. Mischnutzung (Schwerpunkt Wohnen)", "LEV3": "locker bebautes Wohn(misch)gebiet", "FLAECHE": 4546.2657730299998 }, "geometry": { "type": "Polygon", "coordinates": [ [ [ 16.44526213, 48.19686823 ], [ 16.44462662, 48.19729157 ], [ 16.44401362, 48.19677081 ], [ 16.44472312, 48.19642219 ], [ 16.44488318, 48.19654516 ], [ 16.44526213, 48.19686823 ] ] ] } },
{ "type": "Feature", "properties": { "LEV1": "Baulandnutzung", "LEV2": "Wohn- u. Mischnutzung (Schwerpunkt Wohnen)", "LEV3": "dichtes Wohn(misch)gebiet", "FLAECHE": 11990.72611895 }, "geometry": { "type": "Polygon", "coordinates": [ [ [ 16.40137709, 48.22577303 ], [ 16.40136606, 48.225768 ], [ 16.40053317, 48.22531404 ], [ 16.40175693, 48.22431816 ], [ 16.4026192, 48.22477656 ], [ 16.40262737, 48.22478351 ], [ 16.40149399, 48.22572719 ], [ 16.40145588, 48.22570778 ], [ 16.40137709, 48.22577303 ] ] ] } },
{ "type": "Feature", "properties": { "LEV1": "Baulandnutzung", "LEV2": "Wohn- u. Mischnutzung (Schwerpunkt Wohnen)", "LEV3": "locker bebautes Wohn(misch)gebiet", "FLAECHE": 33262.356762650001 }, "geometry": { "type": "MultiPolygon", "coordinates": [ [ [ [ 16.43008789, 48.20332786 ], [ 16.43006808, 48.20334093 ], [ 16.43006303, 48.20334432 ], [ 16.42813599, 48.20463621 ], [ 16.42733422, 48.20517369 ], [ 16.42732963, 48.20517146 ], [ 16.42725956, 48.20513742 ], [ 16.42685484, 48.20494079 ], [ 16.42696773, 48.20483432 ], [ 16.42718027, 48.20428589 ], [ 16.42741661, 48.20365582 ], [ 16.42750118, 48.20343035 ], [ 16.42750797, 48.20341226 ], [ 16.42760604, 48.2034842 ], [ 16.42760862, 48.2034861 ], [ 16.4278104, 48.20334833 ], [ 16.42782719, 48.20333686 ], [ 16.4278742, 48.20330476 ], [ 16.42788218, 48.20329931 ], [ 16.4278935, 48.20329158 ], [ 16.42796017, 48.20324606 ], [ 16.42782343, 48.20315378 ], [ 16.42777117, 48.20311851 ], [ 16.42771892, 48.20308325 ], [ 16.42762219, 48.20301797 ], [ 16.42794422, 48.20276382 ], [ 16.42794177, 48.20276103 ], [ 16.428752, 48.20200536 ], [ 16.42878653, 48.20197316 ], [ 16.42875431, 48.20194812 ], [ 16.4288466, 48.20200111 ], [ 16.42923165, 48.20224182 ], [ 16.42952238, 48.2024683 ], [ 16.42967507, 48.2026198 ], [ 16.42979868, 48.20275073 ], [ 16.42985201, 48.20285573 ], [ 16.42989831, 48.20301577 ], [ 16.42991436, 48.20304288 ], [ 16.43000262, 48.20319195 ], [ 16.43006982, 48.20329906 ], [ 16.43008789, 48.20332786 ] ], [ [ 16.42877381, 48.20360631 ], [ 16.42886419, 48.20354613 ], [ 16.42888023, 48.20355774 ], [ 16.42892925, 48.2035932 ], [ 16.4289533, 48.20357745 ], [ 16.4291386, 48.20345643 ], [ 16.42915807, 48.20346885 ], [ 16.42924191, 48.20352235 ], [ 16.42933193, 48.2034645 ], [ 16.4294424, 48.2033935 ], [ 16.42945919, 48.20338125 ], [ 16.42965697, 48.20324242 ], [ 16.42965039, 48.20323395 ], [ 16.42963553, 48.20321483 ], [ 16.42962297, 48.20319867 ], [ 16.42948045, 48.2030153 ], [ 16.42939631, 48.20289793 ], [ 16.42939373, 48.20289432 ], [ 16.42934686, 48.20289933 ], [ 16.42911208, 48.20292441 ], [ 16.42909571, 48.20290647 ], [ 16.42909051, 48.20290077 ], [ 16.42906563, 48.20290187 ], [ 16.42876686, 48.20291471 ], [ 16.42852378, 48.20300016 ], [ 16.42849783, 48.2030071 ], [ 16.42823528, 48.20309459 ], [ 16.42820097, 48.20311031 ], [ 16.4280919, 48.20316036 ], [ 16.42808375, 48.2031641 ], [ 16.42831987, 48.20332201 ], [ 16.42853902, 48.20347157 ], [ 16.42870731, 48.20358442 ], [ 16.42874796, 48.20361811 ], [ 16.42875367, 48.20361551 ], [ 16.42877381, 48.20360631 ] ] ] ] } },
{ "type": "Feature", "properties": { "LEV1": "Baulandnutzung", "LEV2": "Wohn- u. Mischnutzung (Schwerpunkt Wohnen)", "LEV3": "dichtes Wohn(misch)gebiet", "FLAECHE": 3652.3337499200002 }, "geometry": { "type": "Polygon", "coordinates": [ [ [ 16.39859011, 48.20706151 ], [ 16.39839025, 48.20789394 ], [ 16.3978894, 48.20783081 ], [ 16.39805255, 48.20700335 ], [ 16.39859011, 48.20706151 ] ] ] } },
{ "type": "Feature", "properties": { "LEV1": "Baulandnutzung", "LEV2": "Wohn- u. Mischnutzung (Schwerpunkt Wohnen)", "LEV3": "dichtes Wohn(misch)gebiet", "FLAECHE": 4946.1141499599998 }, "geometry": { "type": "Polygon", "coordinates": [ [ [ 16.38763084, 48.22657995 ], [ 16.38668103, 48.22686276 ], [ 16.38610561, 48.22655823 ], [ 16.38611174, 48.22649411 ], [ 16.38733604, 48.22613708 ], [ 16.38763084, 48.22657995 ] ] ] } },
{ "type": "Feature", "properties": { "LEV1": "Baulandnutzung", "LEV2": "Wohn- u. Mischnutzung (Schwerpunkt Wohnen)", "LEV3": "locker bebautes Wohn(misch)gebiet", "FLAECHE": 29265.81586477 }, "geometry": { "type": "Polygon", "coordinates": [ [ [ 16.42557189, 48.18892384 ], [ 16.42557924, 48.18892896 ], [ 16.4258921, 48.18914645 ], [ 16.42493435, 48.18969176 ], [ 16.42473323, 48.18980626 ], [ 16.42462802, 48.18986617 ], [ 16.42431715, 48.19008948 ], [ 16.42349393, 48.19068084 ], [ 16.42348125, 48.19068649 ], [ 16.42259592, 48.19106858 ], [ 16.42276624, 48.19117763 ], [ 16.42272289, 48.19124869 ], [ 16.42264405, 48.19137791 ], [ 16.42247661, 48.19150614 ], [ 16.42232704, 48.19162069 ], [ 16.4221259, 48.19177472 ], [ 16.42212084, 48.1917786 ], [ 16.42220258, 48.19183312 ], [ 16.42204056, 48.19194782 ], [ 16.4208661, 48.19122177 ], [ 16.42134137, 48.19094235 ], [ 16.42167755, 48.19074102 ], [ 16.42192211, 48.19060845 ], [ 16.42236383, 48.19037942 ], [ 16.42277505, 48.19017821 ], [ 16.42438911, 48.18945239 ], [ 16.42489805, 48.18922497 ], [ 16.42502546, 48.1891723 ], [ 16.42538716, 48.18903901 ], [ 16.42557574, 48.18897186 ], [ 16.42557189, 48.18892384 ] ] ] } },
{ "type": "Feature", "properties": { "LEV1": "Baulandnutzung", "LEV2": "Wohn- u. Mischnutzung (Schwerpunkt Wohnen)", "LEV3": "dichtes Wohn(misch)gebiet", "FLAECHE": 6073.5928500099999 }, "geometry": { "type": "Polygon", "coordinates": [ [ [ 16.37580312, 48.21857485 ], [ 16.37590801, 48.21900082 ], [ 16.3744618, 48.21887235 ], [ 16.37433866, 48.21886115 ], [ 16.37434926, 48.21882616 ], [ 16.37383193, 48.21877399 ], [ 16.37381212, 48.21873695 ], [ 16.374154, 48.2184656 ], [ 16.37580312, 48.21857485 ] ] ] } },
{ "type": "Feature", "properties": { "LEV1": "Baulandnutzung", "LEV2": "Wohn- u. Mischnutzung (Schwerpunkt Wohnen)", "LEV3": "dichtes Wohn(misch)gebiet", "FLAECHE": 8241.6494499599994 }, "geometry": { "type": "Polygon", "coordinates": [ [ [ 16.39850244, 48.22128234 ], [ 16.39853547, 48.22132909 ], [ 16.39885167, 48.22150042 ], [ 16.39893094, 48.22150523 ], [ 16.39939218, 48.2217576 ], [ 16.39882939, 48.22221395 ], [ 16.39750048, 48.22149368 ], [ 16.39804391, 48.22104139 ], [ 16.39850244, 48.22128234 ] ] ] } },
{ "type": "Feature", "properties": { "LEV1": "Baulandnutzung", "LEV2": "Wohn- u. Mischnutzung (Schwerpunkt Wohnen)", "LEV3": "dichtes Wohn(misch)gebiet", "FLAECHE": 3556.80520002 }, "geometry": { "type": "Polygon", "coordinates": [ [ [ 16.39879275, 48.20619859 ], [ 16.39862049, 48.20692974 ], [ 16.39807674, 48.20686897 ], [ 16.39818093, 48.20613921 ], [ 16.39879275, 48.20619859 ] ] ] } },
{ "type": "Feature", "properties": { "LEV1": "Baulandnutzung", "LEV2": "Wohn- u. Mischnutzung (Schwerpunkt Wohnen)", "LEV3": "dichtes Wohn(misch)gebiet", "FLAECHE": 1033.7564630300001 }, "geometry": { "type": "Polygon", "coordinates": [ [ [ 16.38954461, 48.21765468 ], [ 16.38953352, 48.21766033 ], [ 16.38932373, 48.21773284 ], [ 16.3886611, 48.21733295 ], [ 16.3887645, 48.21725639 ], [ 16.38877352, 48.21724971 ], [ 16.38954461, 48.21765468 ] ] ] } },
{ "type": "Feature", "properties": { "LEV1": "Baulandnutzung", "LEV2": "Wohn- u. Mischnutzung (Schwerpunkt Wohnen)", "LEV3": "dichtes Wohn(misch)gebiet", "FLAECHE": 9486.9134000600006 }, "geometry": { "type": "Polygon", "coordinates": [ [ [ 16.38561041, 48.21758045 ], [ 16.38372391, 48.21804412 ], [ 16.38342904, 48.21757894 ], [ 16.38501667, 48.21699237 ], [ 16.38561041, 48.21758045 ] ] ] } },
{ "type": "Feature", "properties": { "LEV1": "Baulandnutzung", "LEV2": "Wohn- u. Mischnutzung (Schwerpunkt Wohnen)", "LEV3": "dichtes Wohn(misch)gebiet", "FLAECHE": 7456.37011102 }, "geometry": { "type": "Polygon", "coordinates": [ [ [ 16.40691903, 48.22155898 ], [ 16.40692906, 48.22156498 ], [ 16.40616149, 48.22210594 ], [ 16.40615143, 48.22209994 ], [ 16.40527039, 48.22157462 ], [ 16.40598277, 48.22101895 ], [ 16.40691903, 48.22155898 ] ] ] } },
{ "type": "Feature", "properties": { "LEV1": "Baulandnutzung", "LEV2": "Wohn- u. Mischnutzung (Schwerpunkt Wohnen)", "LEV3": "dichtes Wohn(misch)gebiet", "FLAECHE": 12375.407076040001 }, "geometry": { "type": "Polygon", "coordinates": [ [ [ 16.39046573, 48.21599302 ], [ 16.3904262, 48.21602847 ], [ 16.3907473, 48.21618292 ], [ 16.39073322, 48.21622726 ], [ 16.39069998, 48.21638276 ], [ 16.39045778, 48.21751594 ], [ 16.39040476, 48.21753488 ], [ 16.39039187, 48.2175362 ], [ 16.38910111, 48.21691483 ], [ 16.38910869, 48.21690739 ], [ 16.39017425, 48.21585997 ], [ 16.39046573, 48.21599302 ] ] ] } },
{ "type": "Feature", "properties": { "LEV1": "Baulandnutzung", "LEV2": "Wohn- u. Mischnutzung (Schwerpunkt Wohnen)", "LEV3": "dichtes Wohn(misch)gebiet", "FLAECHE": 5672.4666999900001 }, "geometry": { "type": "Polygon", "coordinates": [ [ [ 16.38864495, 48.21403515 ], [ 16.38873214, 48.21456319 ], [ 16.38768455, 48.21466151 ], [ 16.38763024, 48.21431314 ], [ 16.38755988, 48.21392709 ], [ 16.38760426, 48.2139027 ], [ 16.38864495, 48.21403515 ] ] ] } },
{ "type": "Feature", "properties": { "LEV1": "Baulandnutzung", "LEV2": "Wohn- u. Mischnutzung (Schwerpunkt Wohnen)", "LEV3": "dichtes Wohn(misch)gebiet", "FLAECHE": 629.88784998999995 }, "geometry": { "type": "Polygon", "coordinates": [ [ [ 16.41348602, 48.21242296 ], [ 16.41340058, 48.21235222 ], [ 16.41331695, 48.21239607 ], [ 16.41314262, 48.21224744 ], [ 16.41333219, 48.21214605 ], [ 16.41342502, 48.21223106 ], [ 16.41350825, 48.21218757 ], [ 16.41367517, 48.21232388 ], [ 16.41348602, 48.21242296 ] ] ] } },
{ "type": "Feature", "properties": { "LEV1": "Baulandnutzung", "LEV2": "Wohn- u. Mischnutzung (Schwerpunkt Wohnen)", "LEV3": "dichtes Wohn(misch)gebiet", "FLAECHE": 10246.894607959999 }, "geometry": { "type": "Polygon", "coordinates": [ [ [ 16.3900047, 48.21789754 ], [ 16.39017105, 48.21798502 ], [ 16.39017744, 48.21799244 ], [ 16.38906851, 48.21857526 ], [ 16.38833508, 48.21895331 ], [ 16.38832655, 48.21894655 ], [ 16.38783017, 48.21829299 ], [ 16.38967998, 48.21773173 ], [ 16.38969406, 48.21772746 ], [ 16.3900047, 48.21789754 ] ] ] } },
{ "type": "Feature", "properties": { "LEV1": "Baulandnutzung", "LEV2": "Wohn- u. Mischnutzung (Schwerpunkt Wohnen)", "LEV3": "dichtes Wohn(misch)gebiet", "FLAECHE": 8958.2618999599999 }, "geometry": { "type": "Polygon", "coordinates": [ [ [ 16.37471585, 48.22117444 ], [ 16.37403481, 48.22161623 ], [ 16.37283772, 48.22066694 ], [ 16.37345045, 48.22030377 ], [ 16.37471585, 48.22117444 ] ] ] } },
{ "type": "Feature", "properties": { "LEV1": "Baulandnutzung", "LEV2": "Wohn- u. Mischnutzung (Schwerpunkt Wohnen)", "LEV3": "locker bebautes Wohn(misch)gebiet", "FLAECHE": 6053.770318 }, "geometry": { "type": "Polygon", "coordinates": [ [ [ 16.39697636, 48.22955827 ], [ 16.39639621, 48.23004922 ], [ 16.39547861, 48.22956137 ], [ 16.39606032, 48.22907139 ], [ 16.39697636, 48.22955827 ] ] ] } },
{ "type": "Feature", "properties": { "LEV1": "Baulandnutzung", "LEV2": "Wohn- u. Mischnutzung (Schwerpunkt Wohnen)", "LEV3": "dichtes Wohn(misch)gebiet", "FLAECHE": 3553.6524820099999 }, "geometry": { "type": "Polygon", "coordinates": [ [ [ 16.43110308, 48.20646225 ], [ 16.43045531, 48.20692161 ], [ 16.42995707, 48.20660771 ], [ 16.43060897, 48.20615173 ], [ 16.43110308, 48.20646225 ] ] ] } },
{ "type": "Feature", "properties": { "LEV1": "Baulandnutzung", "LEV2": "Wohn- u. Mischnutzung (Schwerpunkt Wohnen)", "LEV3": "dichtes Wohn(misch)gebiet", "FLAECHE": 9463.5011529500007 }, "geometry": { "type": "Polygon", "coordinates": [ [ [ 16.40794019, 48.21923398 ], [ 16.4079602, 48.21924544 ], [ 16.40658184, 48.22030133 ], [ 16.40657515, 48.22029699 ], [ 16.40596502, 48.2199449 ], [ 16.40688924, 48.21923207 ], [ 16.40733919, 48.21888979 ], [ 16.40794019, 48.21923398 ] ] ] } },
{ "type": "Feature", "properties": { "LEV1": "Baulandnutzung", "LEV2": "Wohn- u. Mischnutzung (Schwerpunkt Wohnen)", "LEV3": "dichtes Wohn(misch)gebiet", "FLAECHE": 7389.73424995 }, "geometry": { "type": "Polygon", "coordinates": [ [ [ 16.37523449, 48.2160127 ], [ 16.37547464, 48.21648395 ], [ 16.37548755, 48.21681778 ], [ 16.37533053, 48.21719501 ], [ 16.37500932, 48.2175606 ], [ 16.37490477, 48.2175645 ], [ 16.37471154, 48.21615146 ], [ 16.37500087, 48.21581322 ], [ 16.37506815, 48.21580951 ], [ 16.37523449, 48.2160127 ] ] ] } },
{ "type": "Feature", "properties": { "LEV1": "Baulandnutzung", "LEV2": "Wohn- u. Mischnutzung (Schwerpunkt Wohnen)", "LEV3": "dichtes Wohn(misch)gebiet", "FLAECHE": 6129.9176999299998 }, "geometry": { "type": "Polygon", "coordinates": [ [ [ 16.3963938, 48.22329938 ], [ 16.39555454, 48.22400066 ], [ 16.39491083, 48.22365412 ], [ 16.39575682, 48.22295168 ], [ 16.3963938, 48.22329938 ] ] ] } },
{ "type": "Feature", "properties": { "LEV1": "Baulandnutzung", "LEV2": "Wohn- u. Mischnutzung (Schwerpunkt Wohnen)", "LEV3": "dichtes Wohn(misch)gebiet", "FLAECHE": 9287.7277130700004 }, "geometry": { "type": "Polygon", "coordinates": [ [ [ 16.39900295, 48.21810702 ], [ 16.39900141, 48.21871829 ], [ 16.39717555, 48.2187244 ], [ 16.39717263, 48.21871582 ], [ 16.39717014, 48.21813958 ], [ 16.39721734, 48.21810996 ], [ 16.39899087, 48.21810395 ], [ 16.39900295, 48.21810702 ] ] ] } },
{ "type": "Feature", "properties": { "LEV1": "Baulandnutzung", "LEV2": "Wohn- u. Mischnutzung (Schwerpunkt Wohnen)", "LEV3": "dichtes Wohn(misch)gebiet", "FLAECHE": 14685.43310735 }, "geometry": { "type": "Polygon", "coordinates": [ [ [ 16.37502039, 48.22266838 ], [ 16.37502908, 48.2226753 ], [ 16.37391676, 48.22341797 ], [ 16.3739078, 48.22341124 ], [ 16.37278559, 48.22248727 ], [ 16.3732738, 48.22222406 ], [ 16.37397589, 48.22183685 ], [ 16.37502039, 48.22266838 ] ] ] } },
{ "type": "Feature", "properties": { "LEV1": "Baulandnutzung", "LEV2": "Wohn- u. Mischnutzung (Schwerpunkt Wohnen)", "LEV3": "dichtes Wohn(misch)gebiet", "FLAECHE": 4423.0509460200001 }, "geometry": { "type": "Polygon", "coordinates": [ [ [ 16.39986618, 48.20463147 ], [ 16.39943065, 48.20503272 ], [ 16.39940254, 48.2050248 ], [ 16.39861225, 48.20480204 ], [ 16.39875422, 48.20460474 ], [ 16.39910746, 48.20423709 ], [ 16.39986618, 48.20463147 ] ] ] } },
{ "type": "Feature", "properties": { "LEV1": "Baulandnutzung", "LEV2": "Wohn- u. Mischnutzung (Schwerpunkt Wohnen)", "LEV3": "dichtes Wohn(misch)gebiet", "FLAECHE": 2373.2168 }, "geometry": { "type": "Polygon", "coordinates": [ [ [ 16.37548758, 48.21737904 ], [ 16.37565478, 48.2179988 ], [ 16.37478784, 48.21794333 ], [ 16.37503154, 48.21775233 ], [ 16.37537574, 48.21736038 ], [ 16.37548758, 48.21737904 ] ] ] } },
{ "type": "Feature", "properties": { "LEV1": "Baulandnutzung", "LEV2": "Wohn- u. Mischnutzung (Schwerpunkt Wohnen)", "LEV3": "dichtes Wohn(misch)gebiet", "FLAECHE": 19067.031879459999 }, "geometry": { "type": "Polygon", "coordinates": [ [ [ 16.40124549, 48.22591861 ], [ 16.40125615, 48.22592436 ], [ 16.40059622, 48.22648948 ], [ 16.40058526, 48.22649851 ], [ 16.39943019, 48.22747833 ], [ 16.39924572, 48.22763914 ], [ 16.39841123, 48.22719353 ], [ 16.40029746, 48.2255989 ], [ 16.40031012, 48.22560537 ], [ 16.40044686, 48.22549369 ], [ 16.40124549, 48.22591861 ] ] ] } },
{ "type": "Feature", "properties": { "LEV1": "Baulandnutzung", "LEV2": "Wohn- u. Mischnutzung (Schwerpunkt Wohnen)", "LEV3": "dichtes Wohn(misch)gebiet", "FLAECHE": 3428.8262000300001 }, "geometry": { "type": "Polygon", "coordinates": [ [ [ 16.38563263, 48.22332278 ], [ 16.38479284, 48.2234816 ], [ 16.38461233, 48.22301403 ], [ 16.38542129, 48.22285828 ], [ 16.38563263, 48.22332278 ] ] ] } },
{ "type": "Feature", "properties": { "LEV1": "Baulandnutzung", "LEV2": "Wohn- u. Mischnutzung (Schwerpunkt Wohnen)", "LEV3": "dichtes Wohn(misch)gebiet", "FLAECHE": 2026.4873999900001 }, "geometry": { "type": "Polygon", "coordinates": [ [ [ 16.37545404, 48.21997548 ], [ 16.37605178, 48.22026369 ], [ 16.3757634, 48.22046047 ], [ 16.37486265, 48.21989645 ], [ 16.37489519, 48.21985444 ], [ 16.37545404, 48.21997548 ] ] ] } },
{ "type": "Feature", "properties": { "LEV1": "Baulandnutzung", "LEV2": "Wohn- u. Mischnutzung (Schwerpunkt Wohnen)", "LEV3": "dichtes Wohn(misch)gebiet", "FLAECHE": 11069.36331698 }, "geometry": { "type": "Polygon", "coordinates": [ [ [ 16.38813796, 48.21712455 ], [ 16.3882096, 48.21717919 ], [ 16.38718136, 48.21757517 ], [ 16.38713126, 48.21753014 ], [ 16.38615022, 48.21680338 ], [ 16.38610462, 48.2168284 ], [ 16.38591202, 48.21665069 ], [ 16.38679276, 48.21632362 ], [ 16.38680521, 48.21632052 ], [ 16.38753024, 48.21675792 ], [ 16.38813796, 48.21712455 ] ] ] } },
{ "type": "Feature", "properties": { "LEV1": "Baulandnutzung", "LEV2": "Wohn- u. Mischnutzung (Schwerpunkt Wohnen)", "LEV3": "dichtes Wohn(misch)gebiet", "FLAECHE": 4612.3268000400003 }, "geometry": { "type": "Polygon", "coordinates": [ [ [ 16.40641906, 48.22042468 ], [ 16.40587447, 48.22084688 ], [ 16.4050115, 48.22070118 ], [ 16.40579105, 48.2200701 ], [ 16.40641906, 48.22042468 ] ] ] } },
{ "type": "Feature", "properties": { "LEV1": "Baulandnutzung", "LEV2": "Wohn- u. Mischnutzung (Schwerpunkt Wohnen)", "LEV3": "dichtes Wohn(misch)gebiet", "FLAECHE": 4142.0729598999997 }, "geometry": { "type": "Polygon", "coordinates": [ [ [ 16.38958868, 48.22146976 ], [ 16.38943315, 48.22214729 ], [ 16.38934753, 48.22252027 ], [ 16.38928481, 48.2225212 ], [ 16.38867491, 48.22161838 ], [ 16.38951115, 48.221459 ], [ 16.38958868, 48.22146976 ] ] ] } },
{ "type": "Feature", "properties": { "LEV1": "Baulandnutzung", "LEV2": "Wohn- u. Mischnutzung (Schwerpunkt Wohnen)", "LEV3": "dichtes Wohn(misch)gebiet", "FLAECHE": 1818.55140001 }, "geometry": { "type": "Polygon", "coordinates": [ [ [ 16.37229423, 48.22152479 ], [ 16.37188082, 48.22175236 ], [ 16.37149261, 48.22143457 ], [ 16.37189767, 48.22120512 ], [ 16.37229423, 48.22152479 ] ] ] } },
{ "type": "Feature", "properties": { "LEV1": "Baulandnutzung", "LEV2": "Wohn- u. Mischnutzung (Schwerpunkt Wohnen)", "LEV3": "dichtes Wohn(misch)gebiet", "FLAECHE": 44346.405203889997 }, "geometry": { "type": "Polygon", "coordinates": [ [ [ 16.39007948, 48.21582233 ], [ 16.38899577, 48.21685195 ], [ 16.38898802, 48.21685931 ], [ 16.38816656, 48.2164555 ], [ 16.38802109, 48.216384 ], [ 16.3872111, 48.21598582 ], [ 16.38688735, 48.21582667 ], [ 16.38649288, 48.21562485 ], [ 16.38640641, 48.21557732 ], [ 16.3855958, 48.21513178 ], [ 16.38507883, 48.21484659 ], [ 16.38477939, 48.21468139 ], [ 16.38489636, 48.21458089 ], [ 16.38602504, 48.21441943 ], [ 16.38654484, 48.21441605 ], [ 16.38663178, 48.21442537 ], [ 16.38686692, 48.21449046 ], [ 16.3889779, 48.21539009 ], [ 16.38963231, 48.21567946 ], [ 16.38975173, 48.21573597 ], [ 16.38979609, 48.21569548 ], [ 16.39007948, 48.21582233 ] ] ] } },
{ "type": "Feature", "properties": { "LEV1": "Baulandnutzung", "LEV2": "Wohn- u. Mischnutzung (Schwerpunkt Wohnen)", "LEV3": "dichtes Wohn(misch)gebiet", "FLAECHE": 9109.8560832000003 }, "geometry": { "type": "Polygon", "coordinates": [ [ [ 16.37810802, 48.21368668 ], [ 16.37846691, 48.21377549 ], [ 16.37857765, 48.21409659 ], [ 16.37878753, 48.21405551 ], [ 16.37873223, 48.21390003 ], [ 16.37889032, 48.2138792 ], [ 16.37972449, 48.21408384 ], [ 16.37984807, 48.21446169 ], [ 16.3795186, 48.21454446 ], [ 16.37951091, 48.21452009 ], [ 16.37855626, 48.21476147 ], [ 16.37856678, 48.21478683 ], [ 16.37820825, 48.21488058 ], [ 16.37810696, 48.21471934 ], [ 16.37841412, 48.21461853 ], [ 16.37831063, 48.21449 ], [ 16.37827861, 48.21438201 ], [ 16.37843182, 48.21434597 ], [ 16.37833837, 48.21403183 ], [ 16.37808162, 48.21407067 ], [ 16.37799448, 48.21386864 ], [ 16.37810802, 48.21368668 ] ] ] } },
{ "type": "Feature", "properties": { "LEV1": "Baulandnutzung", "LEV2": "Wohn- u. Mischnutzung (Schwerpunkt Wohnen)", "LEV3": "Wohn(misch)gebiet mittlerer Dichte", "FLAECHE": 9514.0070463699994 }, "geometry": { "type": "Polygon", "coordinates": [ [ [ 16.39864834, 48.21167941 ], [ 16.39861796, 48.21170362 ], [ 16.39815879, 48.21213156 ], [ 16.39774689, 48.21251545 ], [ 16.3977356, 48.21251057 ], [ 16.39677881, 48.21209644 ], [ 16.39750032, 48.21133694 ], [ 16.39864834, 48.21167941 ] ] ] } },
{ "type": "Feature", "properties": { "LEV1": "Baulandnutzung", "LEV2": "Wohn- u. Mischnutzung (Schwerpunkt Wohnen)", "LEV3": "dichtes Wohn(misch)gebiet", "FLAECHE": 5580.82914996 }, "geometry": { "type": "Polygon", "coordinates": [ [ [ 16.37540154, 48.21908068 ], [ 16.37514855, 48.21979743 ], [ 16.37440988, 48.21963445 ], [ 16.37420866, 48.21959009 ], [ 16.37442689, 48.21897318 ], [ 16.37540154, 48.21908068 ] ] ] } },
{ "type": "Feature", "properties": { "LEV1": "Baulandnutzung", "LEV2": "Wohn- u. Mischnutzung (Schwerpunkt Wohnen)", "LEV3": "dichtes Wohn(misch)gebiet", "FLAECHE": 7204.8620478299999 }, "geometry": { "type": "Polygon", "coordinates": [ [ [ 16.39347296, 48.22673381 ], [ 16.3929465, 48.22711969 ], [ 16.39259704, 48.22817877 ], [ 16.39215387, 48.22811005 ], [ 16.39216762, 48.22807035 ], [ 16.39241054, 48.22736902 ], [ 16.39260575, 48.22683093 ], [ 16.39276045, 48.22635766 ], [ 16.39285963, 48.22641185 ], [ 16.39329915, 48.22664215 ], [ 16.3934361, 48.2267139 ], [ 16.39347296, 48.22673381 ] ] ] } },
{ "type": "Feature", "properties": { "LEV1": "Baulandnutzung", "LEV2": "Wohn- u. Mischnutzung (Schwerpunkt Wohnen)", "LEV3": "dichtes Wohn(misch)gebiet", "FLAECHE": 4755.5825500700003 }, "geometry": { "type": "Polygon", "coordinates": [ [ [ 16.38300743, 48.22537936 ], [ 16.38290834, 48.22549667 ], [ 16.38223173, 48.22636407 ], [ 16.38182065, 48.22616324 ], [ 16.38243704, 48.22537959 ], [ 16.38260373, 48.22516288 ], [ 16.38267733, 48.22513596 ], [ 16.38300743, 48.22537936 ] ] ] } },
{ "type": "Feature", "properties": { "LEV1": "Baulandnutzung", "LEV2": "Wohn- u. Mischnutzung (Schwerpunkt Wohnen)", "LEV3": "dichtes Wohn(misch)gebiet", "FLAECHE": 8691.4877501299998 }, "geometry": { "type": "Polygon", "coordinates": [ [ [ 16.4009897, 48.21871179 ], [ 16.39926679, 48.21871734 ], [ 16.39926186, 48.21810526 ], [ 16.40098274, 48.21810214 ], [ 16.4009897, 48.21871179 ] ] ] } },
{ "type": "Feature", "properties": { "LEV1": "Baulandnutzung", "LEV2": "Wohn- u. Mischnutzung (Schwerpunkt Wohnen)", "LEV3": "dichtes Wohn(misch)gebiet", "FLAECHE": 6175.60895 }, "geometry": { "type": "Polygon", "coordinates": [ [ [ 16.38361181, 48.21585325 ], [ 16.38326909, 48.2158711 ], [ 16.38244578, 48.21582072 ], [ 16.38234104, 48.21561949 ], [ 16.3823179, 48.21532695 ], [ 16.38310841, 48.21497985 ], [ 16.38361181, 48.21585325 ] ] ] } },
{ "type": "Feature", "properties": { "LEV1": "Baulandnutzung", "LEV2": "Wohn- u. Mischnutzung (Schwerpunkt Wohnen)", "LEV3": "dichtes Wohn(misch)gebiet", "FLAECHE": 5535.3515880200002 }, "geometry": { "type": "Polygon", "coordinates": [ [ [ 16.38473768, 48.22126904 ], [ 16.38511768, 48.2221555 ], [ 16.3847148, 48.22223164 ], [ 16.38433025, 48.22230431 ], [ 16.38404575, 48.22162955 ], [ 16.38404174, 48.22162005 ], [ 16.38473193, 48.22126066 ], [ 16.38473768, 48.22126904 ] ] ] } },
{ "type": "Feature", "properties": { "LEV1": "Baulandnutzung", "LEV2": "Wohn- u. Mischnutzung (Schwerpunkt Wohnen)", "LEV3": "dichtes Wohn(misch)gebiet", "FLAECHE": 3316.0356092799998 }, "geometry": { "type": "Polygon", "coordinates": [ [ [ 16.37696542, 48.21870235 ], [ 16.37695182, 48.21873732 ], [ 16.37692588, 48.2187822 ], [ 16.37674311, 48.21875048 ], [ 16.37673543, 48.21874773 ], [ 16.37671703, 48.2186647 ], [ 16.37655122, 48.21791647 ], [ 16.37728205, 48.21788842 ], [ 16.37696542, 48.21870235 ] ] ] } },
{ "type": "Feature", "properties": { "LEV1": "Baulandnutzung", "LEV2": "Wohn- u. Mischnutzung (Schwerpunkt Wohnen)", "LEV3": "Wohn(misch)gebiet mittlerer Dichte", "FLAECHE": 3841.88638459 }, "geometry": { "type": "Polygon", "coordinates": [ [ [ 16.39386491, 48.23020133 ], [ 16.39418803, 48.23037204 ], [ 16.39321789, 48.23119977 ], [ 16.39319499, 48.2312166 ], [ 16.3928409, 48.23102959 ], [ 16.39361473, 48.23040338 ], [ 16.39386491, 48.23020133 ] ] ] } },
{ "type": "Feature", "properties": { "LEV1": "Baulandnutzung", "LEV2": "Wohn- u. Mischnutzung (Schwerpunkt Wohnen)", "LEV3": "dichtes Wohn(misch)gebiet", "FLAECHE": 8683.1870879300004 }, "geometry": { "type": "Polygon", "coordinates": [ [ [ 16.40579923, 48.2198494 ], [ 16.40541726, 48.21961662 ], [ 16.40544393, 48.21952982 ], [ 16.40549787, 48.21951297 ], [ 16.40531922, 48.21926118 ], [ 16.40527146, 48.21927344 ], [ 16.40514477, 48.21923349 ], [ 16.40513989, 48.21888078 ], [ 16.40513998, 48.21887179 ], [ 16.40705858, 48.21887215 ], [ 16.40704697, 48.21888116 ], [ 16.40579923, 48.2198494 ] ] ] } },
{ "type": "Feature", "properties": { "LEV1": "Baulandnutzung", "LEV2": "Wohn- u. Mischnutzung (Schwerpunkt Wohnen)", "LEV3": "dichtes Wohn(misch)gebiet", "FLAECHE": 38842.24576759 }, "geometry": { "type": "Polygon", "coordinates": [ [ [ 16.37359648, 48.22363633 ], [ 16.37330649, 48.22388554 ], [ 16.37327013, 48.22385659 ], [ 16.3728237, 48.22414932 ], [ 16.3725725, 48.22431403 ], [ 16.37118552, 48.22520713 ], [ 16.37117619, 48.22520065 ], [ 16.36959328, 48.22410072 ], [ 16.36954991, 48.22383634 ], [ 16.36955688, 48.22378975 ], [ 16.37025312, 48.22383882 ], [ 16.3702756, 48.22375652 ], [ 16.37027702, 48.22375131 ], [ 16.37037176, 48.22370396 ], [ 16.37044842, 48.22366565 ], [ 16.37053781, 48.22370222 ], [ 16.3708338, 48.22355114 ], [ 16.37076015, 48.22350736 ], [ 16.3709257, 48.22340119 ], [ 16.37170493, 48.2238222 ], [ 16.37162544, 48.22387466 ], [ 16.37194041, 48.22408778 ], [ 16.37212422, 48.22397416 ], [ 16.37227943, 48.22401402 ], [ 16.37237908, 48.22409493 ], [ 16.37261652, 48.22394647 ], [ 16.3716048, 48.22306194 ], [ 16.37122515, 48.22273001 ], [ 16.37163412, 48.22249662 ], [ 16.37143297, 48.22232834 ], [ 16.37142383, 48.22232144 ], [ 16.37178253, 48.2221431 ], [ 16.37359648, 48.22363633 ] ] ] } },
{ "type": "Feature", "properties": { "LEV1": "Baulandnutzung", "LEV2": "Wohn- u. Mischnutzung (Schwerpunkt Wohnen)", "LEV3": "dichtes Wohn(misch)gebiet", "FLAECHE": 3840.99766869 }, "geometry": { "type": "Polygon", "coordinates": [ [ [ 16.3960647, 48.22449588 ], [ 16.39607453, 48.22450142 ], [ 16.39535838, 48.22510728 ], [ 16.39488031, 48.2248586 ], [ 16.39560894, 48.22425388 ], [ 16.3960647, 48.22449588 ] ] ] } },
{ "type": "Feature", "properties": { "LEV1": "Baulandnutzung", "LEV2": "Wohn- u. Mischnutzung (Schwerpunkt Wohnen)", "LEV3": "dichtes Wohn(misch)gebiet", "FLAECHE": 6059.3454000299998 }, "geometry": { "type": "Polygon", "coordinates": [ [ [ 16.39934092, 48.20514779 ], [ 16.39913822, 48.20540241 ], [ 16.39899525, 48.20565781 ], [ 16.39885709, 48.20599702 ], [ 16.3982119, 48.20593837 ], [ 16.39826868, 48.20560541 ], [ 16.39845038, 48.20511087 ], [ 16.39854782, 48.20491953 ], [ 16.39934092, 48.20514779 ] ] ] } },
{ "type": "Feature", "properties": { "LEV1": "Baulandnutzung", "LEV2": "Wohn- u. Mischnutzung (Schwerpunkt Wohnen)", "LEV3": "locker bebautes Wohn(misch)gebiet", "FLAECHE": 55075.675966390001 }, "geometry": { "type": "Polygon", "coordinates": [ [ [ 16.41037462, 48.20112743 ], [ 16.40996616, 48.20119271 ], [ 16.4098138, 48.20128591 ], [ 16.40982294, 48.20083631 ], [ 16.41023909, 48.19949886 ], [ 16.40969949, 48.19938247 ], [ 16.41036562, 48.19843621 ], [ 16.41108445, 48.19748345 ], [ 16.4111284, 48.19746184 ], [ 16.41120143, 48.19736062 ], [ 16.41123593, 48.19730816 ], [ 16.4112584, 48.19731453 ], [ 16.41135976, 48.19717696 ], [ 16.41166122, 48.19728045 ], [ 16.41176354, 48.19733399 ], [ 16.41196308, 48.19747629 ], [ 16.41202787, 48.19752249 ], [ 16.41286627, 48.19812646 ], [ 16.41343372, 48.19860785 ], [ 16.41342428, 48.19861437 ], [ 16.41006857, 48.20093526 ], [ 16.41012593, 48.20097264 ], [ 16.41037462, 48.20112743 ] ] ] } },
{ "type": "Feature", "properties": { "LEV1": "Baulandnutzung", "LEV2": "Wohn- u. Mischnutzung (Schwerpunkt Wohnen)", "LEV3": "dichtes Wohn(misch)gebiet", "FLAECHE": 6901.80258555 }, "geometry": { "type": "Polygon", "coordinates": [ [ [ 16.38237812, 48.21401411 ], [ 16.38245082, 48.21409582 ], [ 16.38242938, 48.21419655 ], [ 16.38275699, 48.21459383 ], [ 16.38303839, 48.21492196 ], [ 16.38229036, 48.21521976 ], [ 16.38205924, 48.21483558 ], [ 16.38176135, 48.21441715 ], [ 16.38162887, 48.21425615 ], [ 16.38219253, 48.21403242 ], [ 16.38224032, 48.21408462 ], [ 16.38237812, 48.21401411 ] ] ] } },
{ "type": "Feature", "properties": { "LEV1": "Baulandnutzung", "LEV2": "Wohn- u. Mischnutzung (Schwerpunkt Wohnen)", "LEV3": "dichtes Wohn(misch)gebiet", "FLAECHE": 5938.4103689399999 }, "geometry": { "type": "Polygon", "coordinates": [ [ [ 16.41230476, 48.21812424 ], [ 16.41291406, 48.21849023 ], [ 16.41205104, 48.21912212 ], [ 16.41143008, 48.21875134 ], [ 16.41142015, 48.21874527 ], [ 16.41229367, 48.21811931 ], [ 16.41230476, 48.21812424 ] ] ] } },
{ "type": "Feature", "properties": { "LEV1": "Baulandnutzung", "LEV2": "Wohn- u. Mischnutzung (Schwerpunkt Wohnen)", "LEV3": "dichtes Wohn(misch)gebiet", "FLAECHE": 5642.8764000800002 }, "geometry": { "type": "Polygon", "coordinates": [ [ [ 16.38279946, 48.22120444 ], [ 16.38207393, 48.22133325 ], [ 16.38169071, 48.22049074 ], [ 16.38243882, 48.22033621 ], [ 16.38279946, 48.22120444 ] ] ] } },
{ "type": "Feature", "properties": { "LEV1": "Baulandnutzung", "LEV2": "Wohn- u. Mischnutzung (Schwerpunkt Wohnen)", "LEV3": "dichtes Wohn(misch)gebiet", "FLAECHE": 7425.0946715299997 }, "geometry": { "type": "Polygon", "coordinates": [ [ [ 16.37664968, 48.21921847 ], [ 16.37632548, 48.22006547 ], [ 16.37578534, 48.21994424 ], [ 16.37528732, 48.21983246 ], [ 16.37554124, 48.21909969 ], [ 16.37664968, 48.21921847 ] ] ] } },
{ "type": "Feature", "properties": { "LEV1": "Baulandnutzung", "LEV2": "Wohn- u. Mischnutzung (Schwerpunkt Wohnen)", "LEV3": "dichtes Wohn(misch)gebiet", "FLAECHE": 3511.07580478 }, "geometry": { "type": "Polygon", "coordinates": [ [ [ 16.40445611, 48.21514947 ], [ 16.40490139, 48.21550841 ], [ 16.40490711, 48.21551638 ], [ 16.40418807, 48.21588871 ], [ 16.40375958, 48.21551638 ], [ 16.40445611, 48.21514947 ] ] ] } },
{ "type": "Feature", "properties": { "LEV1": "Baulandnutzung", "LEV2": "Wohn- u. Mischnutzung (Schwerpunkt Wohnen)", "LEV3": "dichtes Wohn(misch)gebiet", "FLAECHE": 11333.91535001 }, "geometry": { "type": "Polygon", "coordinates": [ [ [ 16.37949902, 48.21335197 ], [ 16.37956954, 48.21351823 ], [ 16.37970133, 48.21390983 ], [ 16.378642, 48.21365284 ], [ 16.37848833, 48.21332168 ], [ 16.37814341, 48.21342433 ], [ 16.37809868, 48.21351374 ], [ 16.37794512, 48.21347656 ], [ 16.37773541, 48.21339156 ], [ 16.3774402, 48.21307772 ], [ 16.37780514, 48.21293846 ], [ 16.37784003, 48.21298359 ], [ 16.37825436, 48.21285295 ], [ 16.37901408, 48.21271121 ], [ 16.37911704, 48.21274309 ], [ 16.37949902, 48.21335197 ] ] ] } },
{ "type": "Feature", "properties": { "LEV1": "Baulandnutzung", "LEV2": "Wohn- u. Mischnutzung (Schwerpunkt Wohnen)", "LEV3": "dichtes Wohn(misch)gebiet", "FLAECHE": 13639.9203125 }, "geometry": { "type": "Polygon", "coordinates": [ [ [ 16.37873551, 48.22017708 ], [ 16.37873623, 48.22018583 ], [ 16.37756072, 48.22085841 ], [ 16.37754946, 48.22085351 ], [ 16.37650592, 48.22036722 ], [ 16.37664424, 48.21999638 ], [ 16.37668848, 48.21995617 ], [ 16.37842327, 48.21960499 ], [ 16.37873551, 48.22017708 ] ] ] } },
{ "type": "Feature", "properties": { "LEV1": "Baulandnutzung", "LEV2": "Wohn- u. Mischnutzung (Schwerpunkt Wohnen)", "LEV3": "dichtes, durchgrüntes Wohn(misch)gebiet", "FLAECHE": 18672.52071167 }, "geometry": { "type": "Polygon", "coordinates": [ [ [ 16.40461569, 48.22078919 ], [ 16.40566496, 48.22096572 ], [ 16.40566297, 48.22097163 ], [ 16.4056533, 48.22100044 ], [ 16.40545117, 48.22101181 ], [ 16.40540961, 48.22102739 ], [ 16.40341891, 48.22255346 ], [ 16.40342558, 48.2227085 ], [ 16.40341972, 48.22272389 ], [ 16.40341215, 48.22273126 ], [ 16.40235535, 48.22216062 ], [ 16.40236368, 48.22215356 ], [ 16.4027577, 48.22181955 ], [ 16.40291473, 48.2219004 ], [ 16.4034954, 48.22145546 ], [ 16.40373902, 48.22127433 ], [ 16.40435449, 48.22080126 ], [ 16.40456818, 48.22078091 ], [ 16.40461569, 48.22078919 ] ] ] } },
{ "type": "Feature", "properties": { "LEV1": "Baulandnutzung", "LEV2": "Wohn- u. Mischnutzung (Schwerpunkt Wohnen)", "LEV3": "dichtes Wohn(misch)gebiet", "FLAECHE": 11725.173986940001 }, "geometry": { "type": "Polygon", "coordinates": [ [ [ 16.38380547, 48.2184853 ], [ 16.38230245, 48.21879537 ], [ 16.38185567, 48.21788984 ], [ 16.38259703, 48.21775581 ], [ 16.38326761, 48.21763458 ], [ 16.38380547, 48.2184853 ] ] ] } },
{ "type": "Feature", "properties": { "LEV1": "Baulandnutzung", "LEV2": "Wohn- u. Mischnutzung (Schwerpunkt Wohnen)", "LEV3": "dichtes Wohn(misch)gebiet", "FLAECHE": 4517.4959999900002 }, "geometry": { "type": "Polygon", "coordinates": [ [ [ 16.39707914, 48.22366675 ], [ 16.39624633, 48.22436129 ], [ 16.3957684, 48.22411521 ], [ 16.39660119, 48.22340557 ], [ 16.39707914, 48.22366675 ] ] ] } },
{ "type": "Feature", "properties": { "LEV1": "Baulandnutzung", "LEV2": "Wohn- u. Mischnutzung (Schwerpunkt Wohnen)", "LEV3": "dichtes Wohn(misch)gebiet", "FLAECHE": 4744.5147500900002 }, "geometry": { "type": "Polygon", "coordinates": [ [ [ 16.37564974, 48.22053209 ], [ 16.37529315, 48.22076991 ], [ 16.37401595, 48.2199506 ], [ 16.37437457, 48.21974005 ], [ 16.37564974, 48.22053209 ] ] ] } },
{ "type": "Feature", "properties": { "LEV1": "Baulandnutzung", "LEV2": "Wohn- u. Mischnutzung (Schwerpunkt Wohnen)", "LEV3": "dichtes Wohn(misch)gebiet", "FLAECHE": 2269.1336749900001 }, "geometry": { "type": "Polygon", "coordinates": [ [ [ 16.38755454, 48.22525655 ], [ 16.38713851, 48.22537598 ], [ 16.38692992, 48.22506858 ], [ 16.38676314, 48.2248228 ], [ 16.38711439, 48.22466868 ], [ 16.38755454, 48.22525655 ] ] ] } },
{ "type": "Feature", "properties": { "LEV1": "Baulandnutzung", "LEV2": "Wohn- u. Mischnutzung (Schwerpunkt Wohnen)", "LEV3": "dichtes Wohn(misch)gebiet", "FLAECHE": 12258.197169470001 }, "geometry": { "type": "Polygon", "coordinates": [ [ [ 16.40387569, 48.21741515 ], [ 16.40315761, 48.21775124 ], [ 16.40260435, 48.21775209 ], [ 16.40216118, 48.21775277 ], [ 16.40198742, 48.21775304 ], [ 16.40193424, 48.21775312 ], [ 16.40145128, 48.21775789 ], [ 16.40133926, 48.21758123 ], [ 16.4019851, 48.21724963 ], [ 16.40304362, 48.21670613 ], [ 16.40319902, 48.2168386 ], [ 16.40387569, 48.21741515 ] ] ] } },
{ "type": "Feature", "properties": { "LEV1": "Baulandnutzung", "LEV2": "Wohn- u. Mischnutzung (Schwerpunkt Wohnen)", "LEV3": "dichtes Wohn(misch)gebiet", "FLAECHE": 4375.7228000699997 }, "geometry": { "type": "Polygon", "coordinates": [ [ [ 16.38621468, 48.22467942 ], [ 16.38532247, 48.22478529 ], [ 16.38510822, 48.22423959 ], [ 16.38595367, 48.22407888 ], [ 16.38621468, 48.22467942 ] ] ] } },
{ "type": "Feature", "properties": { "LEV1": "Baulandnutzung", "LEV2": "Wohn- u. Mischnutzung (Schwerpunkt Wohnen)", "LEV3": "dichtes Wohn(misch)gebiet", "FLAECHE": 12823.321319500001 }, "geometry": { "type": "Polygon", "coordinates": [ [ [ 16.38601815, 48.2206066 ], [ 16.38661703, 48.2218695 ], [ 16.38531224, 48.22211774 ], [ 16.38490173, 48.22118027 ], [ 16.38489764, 48.22117093 ], [ 16.3860122, 48.2205983 ], [ 16.38601815, 48.2206066 ] ] ] } },
{ "type": "Feature", "properties": { "LEV1": "Baulandnutzung", "LEV2": "Wohn- u. Mischnutzung (Schwerpunkt Wohnen)", "LEV3": "dichtes Wohn(misch)gebiet", "FLAECHE": 6474.9052 }, "geometry": { "type": "Polygon", "coordinates": [ [ [ 16.37837569, 48.21951471 ], [ 16.37748253, 48.21969688 ], [ 16.3773411, 48.21919142 ], [ 16.37700138, 48.21913084 ], [ 16.37702798, 48.21906311 ], [ 16.37707364, 48.21895095 ], [ 16.37831039, 48.21882433 ], [ 16.37837569, 48.21951471 ] ] ] } },
{ "type": "Feature", "properties": { "LEV1": "Baulandnutzung", "LEV2": "Wohn- u. Mischnutzung (Schwerpunkt Wohnen)", "LEV3": "dichtes Wohn(misch)gebiet", "FLAECHE": 9389.8100755600008 }, "geometry": { "type": "Polygon", "coordinates": [ [ [ 16.3884342, 48.21933066 ], [ 16.38881918, 48.21965169 ], [ 16.38860233, 48.22065525 ], [ 16.3879851, 48.22059986 ], [ 16.38748048, 48.21982848 ], [ 16.38747495, 48.21982002 ], [ 16.38842575, 48.21932361 ], [ 16.3884342, 48.21933066 ] ] ] } },
{ "type": "Feature", "properties": { "LEV1": "Baulandnutzung", "LEV2": "Wohn- u. Mischnutzung (Schwerpunkt Wohnen)", "LEV3": "dichtes Wohn(misch)gebiet", "FLAECHE": 8254.2667603900009 }, "geometry": { "type": "Polygon", "coordinates": [ [ [ 16.38995671, 48.21975737 ], [ 16.38987741, 48.2201327 ], [ 16.38977265, 48.22062853 ], [ 16.38974821, 48.2207442 ], [ 16.38969292, 48.22076608 ], [ 16.38876828, 48.22067082 ], [ 16.38898702, 48.21968389 ], [ 16.38902092, 48.21966886 ], [ 16.38995671, 48.21975737 ] ] ] } },
{ "type": "Feature", "properties": { "LEV1": "Baulandnutzung", "LEV2": "Wohn- u. Mischnutzung (Schwerpunkt Wohnen)", "LEV3": "locker bebautes Wohn(misch)gebiet", "FLAECHE": 10987.37669992 }, "geometry": { "type": "Polygon", "coordinates": [ [ [ 16.4438193, 48.19785583 ], [ 16.44369847, 48.19778894 ], [ 16.44368072, 48.19777741 ], [ 16.44362637, 48.19774213 ], [ 16.44357208, 48.19770688 ], [ 16.44356194, 48.19771336 ], [ 16.44349481, 48.19775621 ], [ 16.44344836, 48.19778587 ], [ 16.44332718, 48.19786323 ], [ 16.44310426, 48.19771856 ], [ 16.44306638, 48.19774414 ], [ 16.44265365, 48.19747094 ], [ 16.44268268, 48.1973916 ], [ 16.44271935, 48.19730433 ], [ 16.4427625, 48.19722659 ], [ 16.44277689, 48.19720881 ], [ 16.44278331, 48.19720087 ], [ 16.44278974, 48.19719293 ], [ 16.44279913, 48.19718141 ], [ 16.44292706, 48.19708434 ], [ 16.44312431, 48.19694841 ], [ 16.44334166, 48.19680651 ], [ 16.44362505, 48.1966215 ], [ 16.44411146, 48.19702177 ], [ 16.44448344, 48.19732786 ], [ 16.4444952, 48.19735231 ], [ 16.44450008, 48.19737353 ], [ 16.4444957, 48.19739952 ], [ 16.4444706, 48.19742473 ], [ 16.44432902, 48.19751843 ], [ 16.44431871, 48.19752526 ], [ 16.44408173, 48.19768212 ], [ 16.4438193, 48.19785583 ] ] ] } },
{ "type": "Feature", "properties": { "LEV1": "Baulandnutzung", "LEV2": "Wohn- u. Mischnutzung (Schwerpunkt Wohnen)", "LEV3": "dichtes Wohn(misch)gebiet", "FLAECHE": 5527.6420499400001 }, "geometry": { "type": "Polygon", "coordinates": [ [ [ 16.39936347, 48.22488455 ], [ 16.39854992, 48.22557918 ], [ 16.39795965, 48.22527948 ], [ 16.39881798, 48.22455057 ], [ 16.39936347, 48.22488455 ] ] ] } },
{ "type": "Feature", "properties": { "LEV1": "Baulandnutzung", "LEV2": "Wohn- u. Mischnutzung (Schwerpunkt Wohnen)", "LEV3": "dichtes Wohn(misch)gebiet", "FLAECHE": 11173.90280215 }, "geometry": { "type": "Polygon", "coordinates": [ [ [ 16.40346209, 48.2180991 ], [ 16.40346517, 48.21869463 ], [ 16.40346528, 48.21870362 ], [ 16.40124686, 48.21870742 ], [ 16.40123964, 48.21810209 ], [ 16.40345801, 48.21809092 ], [ 16.40346209, 48.2180991 ] ] ] } },
{ "type": "Feature", "properties": { "LEV1": "Baulandnutzung", "LEV2": "Wohn- u. Mischnutzung (Schwerpunkt Wohnen)", "LEV3": "dichtes Wohn(misch)gebiet", "FLAECHE": 7803.0558224200004 }, "geometry": { "type": "Polygon", "coordinates": [ [ [ 16.40161702, 48.22415286 ], [ 16.40161115, 48.22416074 ], [ 16.4010319, 48.22462668 ], [ 16.39982268, 48.22379693 ], [ 16.4002614, 48.22343306 ], [ 16.400272, 48.22342427 ], [ 16.40161702, 48.22415286 ] ] ] } },
{ "type": "Feature", "properties": { "LEV1": "Baulandnutzung", "LEV2": "Wohn- u. Mischnutzung (Schwerpunkt Wohnen)", "LEV3": "dichtes Wohn(misch)gebiet", "FLAECHE": 3423.2313325800001 }, "geometry": { "type": "Polygon", "coordinates": [ [ [ 16.4045276, 48.22003766 ], [ 16.40487459, 48.21976938 ], [ 16.40525219, 48.21975099 ], [ 16.40563334, 48.2199782 ], [ 16.40505454, 48.22042601 ], [ 16.40477042, 48.2202617 ], [ 16.40483105, 48.22021585 ], [ 16.4045276, 48.22003766 ] ] ] } },
{ "type": "Feature", "properties": { "LEV1": "Baulandnutzung", "LEV2": "Wohn- u. Mischnutzung (Schwerpunkt Wohnen)", "LEV3": "dichtes Wohn(misch)gebiet", "FLAECHE": 2177.4771376600002 }, "geometry": { "type": "Polygon", "coordinates": [ [ [ 16.38800499, 48.23055978 ], [ 16.38796371, 48.23060471 ], [ 16.38774036, 48.23083116 ], [ 16.38708423, 48.23048513 ], [ 16.38737412, 48.23022967 ], [ 16.38800499, 48.23055978 ] ] ] } },
{ "type": "Feature", "properties": { "LEV1": "Baulandnutzung", "LEV2": "Wohn- u. Mischnutzung (Schwerpunkt Wohnen)", "LEV3": "dichtes Wohn(misch)gebiet", "FLAECHE": 7107.0337700099999 }, "geometry": { "type": "Polygon", "coordinates": [ [ [ 16.38321628, 48.22021304 ], [ 16.38370932, 48.2213673 ], [ 16.38371327, 48.22137656 ], [ 16.38315383, 48.22167159 ], [ 16.38314822, 48.22166309 ], [ 16.38260072, 48.22034262 ], [ 16.38260325, 48.22031258 ], [ 16.38318222, 48.22019885 ], [ 16.38321628, 48.22021304 ] ] ] } },
{ "type": "Feature", "properties": { "LEV1": "Baulandnutzung", "LEV2": "Wohn- u. Mischnutzung (Schwerpunkt Wohnen)", "LEV3": "dichtes Wohn(misch)gebiet", "FLAECHE": 27812.573951800001 }, "geometry": { "type": "Polygon", "coordinates": [ [ [ 16.39943719, 48.20539697 ], [ 16.39981105, 48.20497792 ], [ 16.40011382, 48.20470877 ], [ 16.40054785, 48.20440158 ], [ 16.40080327, 48.20424802 ], [ 16.40115542, 48.2040899 ], [ 16.40184596, 48.20386602 ], [ 16.40256697, 48.20369618 ], [ 16.40284206, 48.20437183 ], [ 16.4028458, 48.20438104 ], [ 16.40209781, 48.20481026 ], [ 16.4014143, 48.20528495 ], [ 16.40085993, 48.20575399 ], [ 16.39991309, 48.20557268 ], [ 16.39943719, 48.20539697 ] ] ] } },
{ "type": "Feature", "properties": { "LEV1": "Baulandnutzung", "LEV2": "Wohn- u. Mischnutzung (Schwerpunkt Wohnen)", "LEV3": "dichtes Wohn(misch)gebiet", "FLAECHE": 11489.55565774 }, "geometry": { "type": "Polygon", "coordinates": [ [ [ 16.37506874, 48.22112695 ], [ 16.37507641, 48.22112175 ], [ 16.37580242, 48.22062962 ], [ 16.37587378, 48.22066907 ], [ 16.37690021, 48.22131113 ], [ 16.37690986, 48.22131739 ], [ 16.37624721, 48.22179995 ], [ 16.37595329, 48.22201399 ], [ 16.37594521, 48.22201987 ], [ 16.37507102, 48.22149915 ], [ 16.37528732, 48.2212459 ], [ 16.37506874, 48.22112695 ] ] ] } },
{ "type": "Feature", "properties": { "LEV1": "Baulandnutzung", "LEV2": "Wohn- u. Mischnutzung (Schwerpunkt Wohnen)", "LEV3": "dichtes Wohn(misch)gebiet", "FLAECHE": 8618.0297190799993 }, "geometry": { "type": "Polygon", "coordinates": [ [ [ 16.39784756, 48.22093457 ], [ 16.39729768, 48.22138497 ], [ 16.39596048, 48.22067036 ], [ 16.39593929, 48.22064275 ], [ 16.39591627, 48.22061274 ], [ 16.39642112, 48.22018986 ], [ 16.39643227, 48.22018547 ], [ 16.39784756, 48.22093457 ] ] ] } },
{ "type": "Feature", "properties": { "LEV1": "Baulandnutzung", "LEV2": "Wohn- u. Mischnutzung (Schwerpunkt Wohnen)", "LEV3": "dichtes Wohn(misch)gebiet", "FLAECHE": 5679.6869999600003 }, "geometry": { "type": "Polygon", "coordinates": [ [ [ 16.38246998, 48.21937869 ], [ 16.38128597, 48.21964266 ], [ 16.38100081, 48.21903312 ], [ 16.38223677, 48.21893056 ], [ 16.38246998, 48.21937869 ] ] ] } },
{ "type": "Feature", "properties": { "LEV1": "Baulandnutzung", "LEV2": "Wohn- u. Mischnutzung (Schwerpunkt Wohnen)", "LEV3": "dichtes Wohn(misch)gebiet", "FLAECHE": 38039.659822020003 }, "geometry": { "type": "Polygon", "coordinates": [ [ [ 16.42105109, 48.21078865 ], [ 16.42107021, 48.21079251 ], [ 16.42109754, 48.21080391 ], [ 16.42112044, 48.21081864 ], [ 16.42113445, 48.21083311 ], [ 16.42133351, 48.2110778 ], [ 16.421449, 48.21121976 ], [ 16.42145373, 48.21122678 ], [ 16.4214528, 48.21123559 ], [ 16.42144245, 48.21124558 ], [ 16.42128548, 48.2113529 ], [ 16.42113192, 48.21146216 ], [ 16.41638473, 48.21483967 ], [ 16.41619361, 48.21482225 ], [ 16.41605178, 48.21480933 ], [ 16.41571599, 48.21459506 ], [ 16.41532243, 48.21434393 ], [ 16.41623332, 48.21387355 ], [ 16.41712796, 48.21340894 ], [ 16.41736444, 48.21328613 ], [ 16.41797233, 48.21292417 ], [ 16.41813685, 48.2128084 ], [ 16.41932941, 48.21196919 ], [ 16.42091995, 48.21083828 ], [ 16.42094401, 48.21082117 ], [ 16.42097563, 48.21079869 ], [ 16.42099929, 48.21079049 ], [ 16.42101557, 48.2107876 ], [ 16.42105109, 48.21078865 ] ] ] } },
{ "type": "Feature", "properties": { "LEV1": "Baulandnutzung", "LEV2": "Wohn- u. Mischnutzung (Schwerpunkt Wohnen)", "LEV3": "dichtes Wohn(misch)gebiet", "FLAECHE": 2656.4979999799998 }, "geometry": { "type": "Polygon", "coordinates": [ [ [ 16.38786694, 48.21859308 ], [ 16.38682467, 48.21885327 ], [ 16.38663317, 48.21858032 ], [ 16.38766739, 48.21834082 ], [ 16.38786694, 48.21859308 ] ] ] } },
{ "type": "Feature", "properties": { "LEV1": "Baulandnutzung", "LEV2": "Wohn- u. Mischnutzung (Schwerpunkt Wohnen)", "LEV3": "dichtes Wohn(misch)gebiet", "FLAECHE": 7201.0804190500003 }, "geometry": { "type": "Polygon", "coordinates": [ [ [ 16.40200413, 48.22072326 ], [ 16.40199845, 48.22073148 ], [ 16.4011037, 48.2214868 ], [ 16.40109536, 48.22149387 ], [ 16.40045232, 48.22115375 ], [ 16.40079973, 48.2204546 ], [ 16.40200413, 48.22072326 ] ] ] } },
{ "type": "Feature", "properties": { "LEV1": "Baulandnutzung", "LEV2": "Wohn- u. Mischnutzung (Schwerpunkt Wohnen)", "LEV3": "dichtes Wohn(misch)gebiet", "FLAECHE": 3308.5930936599998 }, "geometry": { "type": "Polygon", "coordinates": [ [ [ 16.39833502, 48.20888115 ], [ 16.39859971, 48.20809636 ], [ 16.39909727, 48.2081594 ], [ 16.39911039, 48.20816146 ], [ 16.39895313, 48.20851516 ], [ 16.39882037, 48.20895196 ], [ 16.39833502, 48.20888115 ] ] ] } },
{ "type": "Feature", "properties": { "LEV1": "Baulandnutzung", "LEV2": "Wohn- u. Mischnutzung (Schwerpunkt Wohnen)", "LEV3": "dichtes Wohn(misch)gebiet", "FLAECHE": 4041.5705034600001 }, "geometry": { "type": "Polygon", "coordinates": [ [ [ 16.38407824, 48.22362227 ], [ 16.38312119, 48.22380029 ], [ 16.38292575, 48.22332688 ], [ 16.38388466, 48.22314592 ], [ 16.38396759, 48.2233569 ], [ 16.38407824, 48.22362227 ] ] ] } },
{ "type": "Feature", "properties": { "LEV1": "Baulandnutzung", "LEV2": "Wohn- u. Mischnutzung (Schwerpunkt Wohnen)", "LEV3": "dichtes Wohn(misch)gebiet", "FLAECHE": 6484.3159919500004 }, "geometry": { "type": "Polygon", "coordinates": [ [ [ 16.38472428, 48.21508386 ], [ 16.3861456, 48.21593275 ], [ 16.38614029, 48.2159407 ], [ 16.38558837, 48.21635172 ], [ 16.38464562, 48.21538058 ], [ 16.38466875, 48.21536483 ], [ 16.38434209, 48.21499301 ], [ 16.38446287, 48.21492812 ], [ 16.38472428, 48.21508386 ] ] ] } },
{ "type": "Feature", "properties": { "LEV1": "Baulandnutzung", "LEV2": "Wohn- u. Mischnutzung (Schwerpunkt Wohnen)", "LEV3": "dichtes Wohn(misch)gebiet", "FLAECHE": 3016.1286000499999 }, "geometry": { "type": "Polygon", "coordinates": [ [ [ 16.37307914, 48.2221555 ], [ 16.37265551, 48.22238443 ], [ 16.37201831, 48.22186293 ], [ 16.37243979, 48.22163671 ], [ 16.37307914, 48.2221555 ] ] ] } },
{ "type": "Feature", "properties": { "LEV1": "Baulandnutzung", "LEV2": "Wohn- u. Mischnutzung (Schwerpunkt Wohnen)", "LEV3": "dichtes Wohn(misch)gebiet", "FLAECHE": 5209.61810006 }, "geometry": { "type": "Polygon", "coordinates": [ [ [ 16.41529919, 48.21682343 ], [ 16.41605686, 48.21729406 ], [ 16.41605243, 48.21730395 ], [ 16.41546799, 48.21773198 ], [ 16.41544431, 48.217732 ], [ 16.4146985, 48.21728015 ], [ 16.41469701, 48.21726828 ], [ 16.4149071, 48.21711175 ], [ 16.41497819, 48.21705225 ], [ 16.41513493, 48.21694126 ], [ 16.41513787, 48.21692939 ], [ 16.4152829, 48.21682344 ], [ 16.41529919, 48.21682343 ] ] ] } },
{ "type": "Feature", "properties": { "LEV1": "Baulandnutzung", "LEV2": "Wohn- u. Mischnutzung (Schwerpunkt Wohnen)", "LEV3": "dichtes Wohn(misch)gebiet", "FLAECHE": 9153.2378779699993 }, "geometry": { "type": "Polygon", "coordinates": [ [ [ 16.38234479, 48.22256163 ], [ 16.38285906, 48.22384878 ], [ 16.3819941, 48.22401523 ], [ 16.38159594, 48.22303721 ], [ 16.38159431, 48.22302839 ], [ 16.38183241, 48.22290239 ], [ 16.38173302, 48.22281978 ], [ 16.38218205, 48.22258677 ], [ 16.38233773, 48.22255424 ], [ 16.38234479, 48.22256163 ] ] ] } },
{ "type": "Feature", "properties": { "LEV1": "Baulandnutzung", "LEV2": "Wohn- u. Mischnutzung (Schwerpunkt Wohnen)", "LEV3": "dichtes Wohn(misch)gebiet", "FLAECHE": 7241.5370966500004 }, "geometry": { "type": "Polygon", "coordinates": [ [ [ 16.38237812, 48.21401411 ], [ 16.38224032, 48.21408462 ], [ 16.38219253, 48.21403242 ], [ 16.38162887, 48.21425615 ], [ 16.38049798, 48.21288178 ], [ 16.38056092, 48.21284426 ], [ 16.38091801, 48.21297407 ], [ 16.38115971, 48.21311561 ], [ 16.38116992, 48.2131216 ], [ 16.38151683, 48.21332475 ], [ 16.38189065, 48.21365079 ], [ 16.38197229, 48.21360651 ], [ 16.38212798, 48.21375231 ], [ 16.38213628, 48.21375936 ], [ 16.38223126, 48.21384904 ], [ 16.38237812, 48.21401411 ] ] ] } },
{ "type": "Feature", "properties": { "LEV1": "Baulandnutzung", "LEV2": "Wohn- u. Mischnutzung (Schwerpunkt Wohnen)", "LEV3": "dichtes Wohn(misch)gebiet", "FLAECHE": 4370.6604500100002 }, "geometry": { "type": "Polygon", "coordinates": [ [ [ 16.38065156, 48.21728516 ], [ 16.3806586, 48.217492 ], [ 16.38060666, 48.21749319 ], [ 16.38061711, 48.21775444 ], [ 16.38066448, 48.21775487 ], [ 16.38066246, 48.21791252 ], [ 16.37981574, 48.21790475 ], [ 16.37979084, 48.21726615 ], [ 16.38065156, 48.21728516 ] ] ] } },
{ "type": "Feature", "properties": { "LEV1": "Baulandnutzung", "LEV2": "Wohn- u. Mischnutzung (Schwerpunkt Wohnen)", "LEV3": "dichtes Wohn(misch)gebiet", "FLAECHE": 10321.920250040001 }, "geometry": { "type": "Polygon", "coordinates": [ [ [ 16.39582805, 48.2268037 ], [ 16.39512843, 48.22738646 ], [ 16.39381872, 48.22668916 ], [ 16.39451552, 48.22610794 ], [ 16.39582805, 48.2268037 ] ] ] } },
{ "type": "Feature", "properties": { "LEV1": "Baulandnutzung", "LEV2": "Wohn- u. Mischnutzung (Schwerpunkt Wohnen)", "LEV3": "dichtes Wohn(misch)gebiet", "FLAECHE": 5262.3767001099995 }, "geometry": { "type": "Polygon", "coordinates": [ [ [ 16.40415766, 48.20316761 ], [ 16.40273889, 48.20347844 ], [ 16.40255884, 48.20302646 ], [ 16.40393087, 48.20278724 ], [ 16.40415766, 48.20316761 ] ] ] } },
{ "type": "Feature", "properties": { "LEV1": "Baulandnutzung", "LEV2": "Wohn- u. Mischnutzung (Schwerpunkt Wohnen)", "LEV3": "dichtes Wohn(misch)gebiet", "FLAECHE": 3369.87825238 }, "geometry": { "type": "Polygon", "coordinates": [ [ [ 16.38703452, 48.21767664 ], [ 16.38615719, 48.21792568 ], [ 16.38604027, 48.21776678 ], [ 16.3858199, 48.21754384 ], [ 16.38652276, 48.21728238 ], [ 16.38657112, 48.21733002 ], [ 16.38703452, 48.21767664 ] ] ] } },
{ "type": "Feature", "properties": { "LEV1": "Baulandnutzung", "LEV2": "Wohn- u. Mischnutzung (Schwerpunkt Wohnen)", "LEV3": "dichtes Wohn(misch)gebiet", "FLAECHE": 2394.3474974699998 }, "geometry": { "type": "Polygon", "coordinates": [ [ [ 16.37809691, 48.21612429 ], [ 16.37808871, 48.2166289 ], [ 16.37768646, 48.21676179 ], [ 16.37753194, 48.21638827 ], [ 16.37746925, 48.21623675 ], [ 16.3780249, 48.21609949 ], [ 16.37809691, 48.21612429 ] ] ] } },
{ "type": "Feature", "properties": { "LEV1": "Baulandnutzung", "LEV2": "Wohn- u. Mischnutzung (Schwerpunkt Wohnen)", "LEV3": "dichtes Wohn(misch)gebiet", "FLAECHE": 5863.1573501100002 }, "geometry": { "type": "Polygon", "coordinates": [ [ [ 16.38436433, 48.222917 ], [ 16.38286978, 48.22320046 ], [ 16.38269052, 48.22275609 ], [ 16.38418358, 48.22247884 ], [ 16.38436433, 48.222917 ] ] ] } },
{ "type": "Feature", "properties": { "LEV1": "Baulandnutzung", "LEV2": "Wohn- u. Mischnutzung (Schwerpunkt Wohnen)", "LEV3": "dichtes Wohn(misch)gebiet", "FLAECHE": 7756.5844000699999 }, "geometry": { "type": "Polygon", "coordinates": [ [ [ 16.39113065, 48.21452259 ], [ 16.39095622, 48.21536731 ], [ 16.38978405, 48.21524484 ], [ 16.38995824, 48.21454158 ], [ 16.39050801, 48.21449464 ], [ 16.39113065, 48.21452259 ] ] ] } },
{ "type": "Feature", "properties": { "LEV1": "Baulandnutzung", "LEV2": "Wohn- u. Mischnutzung (Schwerpunkt Wohnen)", "LEV3": "dichtes Wohn(misch)gebiet", "FLAECHE": 29934.804211350001 }, "geometry": { "type": "Polygon", "coordinates": [ [ [ 16.41789145, 48.21414151 ], [ 16.41789609, 48.21413822 ], [ 16.42012692, 48.2125529 ], [ 16.4214064, 48.21335649 ], [ 16.42140875, 48.21339238 ], [ 16.42128172, 48.21347323 ], [ 16.42118474, 48.21341188 ], [ 16.4211376, 48.21338385 ], [ 16.42110883, 48.21340159 ], [ 16.42105633, 48.21338841 ], [ 16.42101112, 48.21338431 ], [ 16.42096873, 48.21338362 ], [ 16.42093039, 48.21338706 ], [ 16.42089137, 48.21339348 ], [ 16.42085466, 48.21340484 ], [ 16.42082427, 48.21341772 ], [ 16.4207994, 48.21343132 ], [ 16.42068045, 48.21351558 ], [ 16.42066065, 48.21350237 ], [ 16.42031484, 48.2137521 ], [ 16.42028662, 48.21377326 ], [ 16.42026338, 48.21379809 ], [ 16.42024942, 48.2138178 ], [ 16.42023534, 48.21384614 ], [ 16.42022812, 48.21387636 ], [ 16.42022978, 48.21390388 ], [ 16.42023723, 48.21393328 ], [ 16.42024738, 48.21396655 ], [ 16.4202656, 48.21400125 ], [ 16.42028138, 48.21402273 ], [ 16.42029944, 48.21404043 ], [ 16.42031817, 48.21405706 ], [ 16.42032721, 48.21407252 ], [ 16.42033181, 48.21409068 ], [ 16.42033064, 48.2141129 ], [ 16.42031777, 48.21413971 ], [ 16.4202862, 48.21417408 ], [ 16.42015075, 48.21428705 ], [ 16.4201079, 48.21433618 ], [ 16.42007581, 48.21437541 ], [ 16.42003913, 48.21440674 ], [ 16.4192304, 48.21499387 ], [ 16.41789145, 48.21414151 ] ] ] } },
{ "type": "Feature", "properties": { "LEV1": "Baulandnutzung", "LEV2": "Wohn- u. Mischnutzung (Schwerpunkt Wohnen)", "LEV3": "dichtes Wohn(misch)gebiet", "FLAECHE": 7750.2749240399999 }, "geometry": { "type": "Polygon", "coordinates": [ [ [ 16.37104954, 48.22528197 ], [ 16.37105893, 48.22528846 ], [ 16.37104476, 48.22529712 ], [ 16.37090313, 48.22538366 ], [ 16.37029127, 48.22575751 ], [ 16.36991043, 48.22562623 ], [ 16.36966186, 48.22440854 ], [ 16.36974286, 48.22437776 ], [ 16.37104954, 48.22528197 ] ] ] } },
{ "type": "Feature", "properties": { "LEV1": "Baulandnutzung", "LEV2": "Wohn- u. Mischnutzung (Schwerpunkt Wohnen)", "LEV3": "locker bebautes Wohn(misch)gebiet", "FLAECHE": 6452.8053804600004 }, "geometry": { "type": "Polygon", "coordinates": [ [ [ 16.44107681, 48.19962457 ], [ 16.44103994, 48.19961758 ], [ 16.44066592, 48.19985966 ], [ 16.44071832, 48.1998928 ], [ 16.44025279, 48.20025088 ], [ 16.44009814, 48.20034527 ], [ 16.44014899, 48.20014342 ], [ 16.44018587, 48.19995471 ], [ 16.44018173, 48.19970326 ], [ 16.44010636, 48.19941932 ], [ 16.43996008, 48.1991269 ], [ 16.43981523, 48.19894357 ], [ 16.43952695, 48.19867017 ], [ 16.43965673, 48.19859145 ], [ 16.44105526, 48.19960889 ], [ 16.44107681, 48.19962457 ] ] ] } },
{ "type": "Feature", "properties": { "LEV1": "Baulandnutzung", "LEV2": "Wohn- u. Mischnutzung (Schwerpunkt Wohnen)", "LEV3": "locker bebautes Wohn(misch)gebiet", "FLAECHE": 28481.304221530001 }, "geometry": { "type": "Polygon", "coordinates": [ [ [ 16.41144332, 48.20099007 ], [ 16.41080192, 48.20106681 ], [ 16.41037462, 48.20112743 ], [ 16.41012593, 48.20097264 ], [ 16.41345902, 48.19864393 ], [ 16.41346913, 48.19863778 ], [ 16.41356769, 48.19873556 ], [ 16.41362524, 48.19879267 ], [ 16.41268936, 48.19946522 ], [ 16.41320843, 48.1997965 ], [ 16.41330148, 48.19985377 ], [ 16.4137296, 48.19954884 ], [ 16.4135384, 48.19941912 ], [ 16.41393127, 48.19913327 ], [ 16.4142601, 48.19951003 ], [ 16.41457928, 48.19992683 ], [ 16.41472856, 48.20016577 ], [ 16.41410199, 48.20059152 ], [ 16.4138554, 48.20045019 ], [ 16.41301793, 48.19991923 ], [ 16.41299699, 48.19990595 ], [ 16.41200193, 48.20054756 ], [ 16.41196279, 48.20059886 ], [ 16.41188499, 48.20070079 ], [ 16.41144332, 48.20099007 ] ] ] } },
{ "type": "Feature", "properties": { "LEV1": "Baulandnutzung", "LEV2": "Wohn- u. Mischnutzung (Schwerpunkt Wohnen)", "LEV3": "dichtes Wohn(misch)gebiet", "FLAECHE": 17582.074150060002 }, "geometry": { "type": "Polygon", "coordinates": [ [ [ 16.39767019, 48.21004281 ], [ 16.39734038, 48.2110326 ], [ 16.39724805, 48.21124012 ], [ 16.39708267, 48.21145191 ], [ 16.39656113, 48.21200923 ], [ 16.39562524, 48.21160646 ], [ 16.39587681, 48.21133995 ], [ 16.39685643, 48.20991914 ], [ 16.39767019, 48.21004281 ] ] ] } },
{ "type": "Feature", "properties": { "LEV1": "Baulandnutzung", "LEV2": "Wohn- u. Mischnutzung (Schwerpunkt Wohnen)", "LEV3": "dichtes Wohn(misch)gebiet", "FLAECHE": 8839.8480500200003 }, "geometry": { "type": "Polygon", "coordinates": [ [ [ 16.42298995, 48.21228799 ], [ 16.42161884, 48.21325615 ], [ 16.42103681, 48.21289416 ], [ 16.42240402, 48.21191711 ], [ 16.42298995, 48.21228799 ] ] ] } },
{ "type": "Feature", "properties": { "LEV1": "Baulandnutzung", "LEV2": "Wohn- u. Mischnutzung (Schwerpunkt Wohnen)", "LEV3": "dichtes Wohn(misch)gebiet", "FLAECHE": 1917.146 }, "geometry": { "type": "Polygon", "coordinates": [ [ [ 16.37720174, 48.21927241 ], [ 16.37734193, 48.21972724 ], [ 16.3767616, 48.21984795 ], [ 16.37672767, 48.21981928 ], [ 16.3769584, 48.21923455 ], [ 16.37720174, 48.21927241 ] ] ] } },
{ "type": "Feature", "properties": { "LEV1": "Baulandnutzung", "LEV2": "Wohn- u. Mischnutzung (Schwerpunkt Wohnen)", "LEV3": "dichtes Wohn(misch)gebiet", "FLAECHE": 9452.3548220800003 }, "geometry": { "type": "Polygon", "coordinates": [ [ [ 16.37763101, 48.21603536 ], [ 16.37732947, 48.21610973 ], [ 16.37654709, 48.21522453 ], [ 16.37657991, 48.2152113 ], [ 16.37646949, 48.21508549 ], [ 16.37681167, 48.21495574 ], [ 16.37681614, 48.21496067 ], [ 16.37711639, 48.21484464 ], [ 16.3771079, 48.21483493 ], [ 16.37769131, 48.21460827 ], [ 16.37788301, 48.2145376 ], [ 16.37790279, 48.214542 ], [ 16.37798518, 48.21476006 ], [ 16.37825706, 48.2151687 ], [ 16.37873499, 48.21576307 ], [ 16.37828483, 48.21587409 ], [ 16.37824501, 48.21572981 ], [ 16.37814997, 48.21565523 ], [ 16.37832206, 48.21556833 ], [ 16.37816603, 48.21545845 ], [ 16.37830696, 48.21538416 ], [ 16.37805259, 48.21518295 ], [ 16.37801628, 48.21519439 ], [ 16.37789441, 48.2150588 ], [ 16.3777576, 48.21494749 ], [ 16.37760384, 48.21499895 ], [ 16.3774927, 48.21492475 ], [ 16.37730049, 48.21499049 ], [ 16.37746722, 48.2151232 ], [ 16.37743088, 48.21514278 ], [ 16.37711524, 48.21525639 ], [ 16.37716428, 48.2153019 ], [ 16.37728506, 48.21538898 ], [ 16.37732756, 48.21541876 ], [ 16.3772695, 48.21549072 ], [ 16.37723845, 48.21553626 ], [ 16.37751168, 48.2157846 ], [ 16.37763101, 48.21603536 ] ] ] } },
{ "type": "Feature", "properties": { "LEV1": "Baulandnutzung", "LEV2": "Wohn- u. Mischnutzung (Schwerpunkt Wohnen)", "LEV3": "dichtes Wohn(misch)gebiet", "FLAECHE": 6777.7114876699998 }, "geometry": { "type": "Polygon", "coordinates": [ [ [ 16.40596777, 48.21808846 ], [ 16.40693743, 48.21865144 ], [ 16.40692362, 48.21868938 ], [ 16.40691528, 48.21869606 ], [ 16.40514446, 48.21869876 ], [ 16.40514112, 48.21811708 ], [ 16.40518522, 48.21808846 ], [ 16.40595576, 48.21808502 ], [ 16.40596777, 48.21808846 ] ] ] } },
{ "type": "Feature", "properties": { "LEV1": "Baulandnutzung", "LEV2": "Wohn- u. Mischnutzung (Schwerpunkt Wohnen)", "LEV3": "dichtes Wohn(misch)gebiet", "FLAECHE": 2718.54779998 }, "geometry": { "type": "Polygon", "coordinates": [ [ [ 16.38948946, 48.21405257 ], [ 16.38955492, 48.21449788 ], [ 16.38888055, 48.21455422 ], [ 16.38878477, 48.21405181 ], [ 16.38948946, 48.21405257 ] ] ] } },
{ "type": "Feature", "properties": { "LEV1": "Baulandnutzung", "LEV2": "Wohn- u. Mischnutzung (Schwerpunkt Wohnen)", "LEV3": "Wohn(misch)gebiet mittlerer Dichte", "FLAECHE": 5091.3778311400001 }, "geometry": { "type": "Polygon", "coordinates": [ [ [ 16.39882037, 48.20895196 ], [ 16.39871205, 48.20930831 ], [ 16.39862483, 48.20972043 ], [ 16.39859134, 48.2100657 ], [ 16.39857797, 48.2100645 ], [ 16.39805698, 48.21000627 ], [ 16.39795995, 48.20999319 ], [ 16.39797642, 48.20994435 ], [ 16.39833502, 48.20888115 ], [ 16.39882037, 48.20895196 ] ] ] } },
{ "type": "Feature", "properties": { "LEV1": "Baulandnutzung", "LEV2": "Wohn- u. Mischnutzung (Schwerpunkt Wohnen)", "LEV3": "dichtes Wohn(misch)gebiet", "FLAECHE": 3393.0305500099998 }, "geometry": { "type": "Polygon", "coordinates": [ [ [ 16.37568475, 48.21811732 ], [ 16.37576346, 48.21844995 ], [ 16.37428539, 48.21835278 ], [ 16.37465335, 48.21804986 ], [ 16.37568475, 48.21811732 ] ] ] } },
{ "type": "Feature", "properties": { "LEV1": "Baulandnutzung", "LEV2": "Wohn- u. Mischnutzung (Schwerpunkt Wohnen)", "LEV3": "dichtes Wohn(misch)gebiet", "FLAECHE": 11361.15143941 }, "geometry": { "type": "Polygon", "coordinates": [ [ [ 16.38068789, 48.21713743 ], [ 16.38068563, 48.21716356 ], [ 16.38054374, 48.21716171 ], [ 16.38047732, 48.21716085 ], [ 16.38047716, 48.21713738 ], [ 16.38002447, 48.21712343 ], [ 16.38002331, 48.21713925 ], [ 16.38002287, 48.21714529 ], [ 16.37985748, 48.2171413 ], [ 16.37985811, 48.21713211 ], [ 16.37985894, 48.2171199 ], [ 16.37895789, 48.21709324 ], [ 16.37829213, 48.21707354 ], [ 16.37830458, 48.21665823 ], [ 16.38047921, 48.21639652 ], [ 16.38053601, 48.21640999 ], [ 16.38060011, 48.21661896 ], [ 16.38063405, 48.21679962 ], [ 16.38064564, 48.21698344 ], [ 16.38065446, 48.21699071 ], [ 16.38067297, 48.21699836 ], [ 16.38069709, 48.21699989 ], [ 16.38068789, 48.21713743 ] ] ] } },
{ "type": "Feature", "properties": { "LEV1": "Baulandnutzung", "LEV2": "Wohn- u. Mischnutzung (Schwerpunkt Wohnen)", "LEV3": "dichtes Wohn(misch)gebiet", "FLAECHE": 6881.1371 }, "geometry": { "type": "Polygon", "coordinates": [ [ [ 16.3821637, 48.21879111 ], [ 16.38132176, 48.21887732 ], [ 16.3812818, 48.21873372 ], [ 16.38096936, 48.21877764 ], [ 16.3809472, 48.21804911 ], [ 16.3817004, 48.21791005 ], [ 16.3821637, 48.21879111 ] ] ] } },
{ "type": "Feature", "properties": { "LEV1": "Baulandnutzung", "LEV2": "Wohn- u. Mischnutzung (Schwerpunkt Wohnen)", "LEV3": "dichtes Wohn(misch)gebiet", "FLAECHE": 7278.4708511 }, "geometry": { "type": "Polygon", "coordinates": [ [ [ 16.41182227, 48.21929118 ], [ 16.41157492, 48.21946484 ], [ 16.41132488, 48.21932786 ], [ 16.41025522, 48.22006794 ], [ 16.40987378, 48.22015363 ], [ 16.4096479, 48.22001068 ], [ 16.41124351, 48.21886815 ], [ 16.41125343, 48.21887426 ], [ 16.41187253, 48.21925579 ], [ 16.41182227, 48.21929118 ] ] ] } },
{ "type": "Feature", "properties": { "LEV1": "Baulandnutzung", "LEV2": "Wohn- u. Mischnutzung (Schwerpunkt Wohnen)", "LEV3": "locker bebautes Wohn(misch)gebiet", "FLAECHE": 88421.565983370005 }, "geometry": { "type": "Polygon", "coordinates": [ [ [ 16.43669676, 48.20054876 ], [ 16.43666512, 48.20056695 ], [ 16.43623551, 48.20087184 ], [ 16.43627807, 48.20089644 ], [ 16.43624199, 48.20092209 ], [ 16.43372728, 48.2027096 ], [ 16.43365384, 48.20266904 ], [ 16.43357187, 48.20262376 ], [ 16.43336145, 48.20255218 ], [ 16.43300395, 48.20244437 ], [ 16.43287081, 48.20239799 ], [ 16.4325155, 48.20216905 ], [ 16.43254233, 48.20215062 ], [ 16.43263359, 48.20208792 ], [ 16.43272821, 48.20203838 ], [ 16.43285527, 48.20199978 ], [ 16.43284546, 48.20198089 ], [ 16.43282705, 48.2019454 ], [ 16.43265118, 48.20199699 ], [ 16.43245486, 48.20211865 ], [ 16.43243266, 48.20211768 ], [ 16.43223871, 48.2019914 ], [ 16.43224311, 48.20197062 ], [ 16.43271862, 48.20166184 ], [ 16.4325706, 48.20156916 ], [ 16.43210544, 48.20187487 ], [ 16.43212526, 48.20195105 ], [ 16.4321278, 48.20196082 ], [ 16.43255216, 48.20228072 ], [ 16.43279814, 48.20245237 ], [ 16.43216382, 48.20244823 ], [ 16.4315821, 48.20243702 ], [ 16.4312632, 48.20240446 ], [ 16.43099322, 48.2023438 ], [ 16.4307267, 48.20225732 ], [ 16.4303164, 48.20204686 ], [ 16.42944712, 48.20152091 ], [ 16.42955302, 48.20147018 ], [ 16.42960944, 48.20144287 ], [ 16.43000355, 48.2011982 ], [ 16.43069911, 48.20079012 ], [ 16.432431, 48.20022267 ], [ 16.43212621, 48.20003238 ], [ 16.43237653, 48.19965783 ], [ 16.43281065, 48.19980979 ], [ 16.43282978, 48.1999694 ], [ 16.43302721, 48.20008222 ], [ 16.43345559, 48.20032692 ], [ 16.43313533, 48.20063184 ], [ 16.43374644, 48.20096969 ], [ 16.43471946, 48.20033765 ], [ 16.43462934, 48.20027365 ], [ 16.4349533, 48.20007438 ], [ 16.43527433, 48.20017713 ], [ 16.43544165, 48.20023077 ], [ 16.43585993, 48.20032376 ], [ 16.43623877, 48.20047334 ], [ 16.43669676, 48.20054876 ] ] ] } },
{ "type": "Feature", "properties": { "LEV1": "Baulandnutzung", "LEV2": "Wohn- u. Mischnutzung (Schwerpunkt Wohnen)", "LEV3": "dichtes Wohn(misch)gebiet", "FLAECHE": 2244.6652000200002 }, "geometry": { "type": "Polygon", "coordinates": [ [ [ 16.39233712, 48.21402747 ], [ 16.39207861, 48.21400763 ], [ 16.39174707, 48.21390194 ], [ 16.39180155, 48.21363922 ], [ 16.39236263, 48.21348471 ], [ 16.39242433, 48.21367687 ], [ 16.39242815, 48.21396645 ], [ 16.3923536, 48.21396253 ], [ 16.39233712, 48.21402747 ] ] ] } },
{ "type": "Feature", "properties": { "LEV1": "Baulandnutzung", "LEV2": "Wohn- u. Mischnutzung (Schwerpunkt Wohnen)", "LEV3": "Wohn(misch)gebiet mittlerer Dichte", "FLAECHE": 2274.9825854599999 }, "geometry": { "type": "Polygon", "coordinates": [ [ [ 16.39445716, 48.22965656 ], [ 16.39481279, 48.22984419 ], [ 16.39422152, 48.23034388 ], [ 16.39396049, 48.23020544 ], [ 16.39389882, 48.23017272 ], [ 16.39445716, 48.22965656 ] ] ] } },
{ "type": "Feature", "properties": { "LEV1": "Baulandnutzung", "LEV2": "Wohn- u. Mischnutzung (Schwerpunkt Wohnen)", "LEV3": "dichtes Wohn(misch)gebiet", "FLAECHE": 3022.0444 }, "geometry": { "type": "Polygon", "coordinates": [ [ [ 16.39639621, 48.23004922 ], [ 16.39611168, 48.2302939 ], [ 16.39518936, 48.22980847 ], [ 16.39547861, 48.22956137 ], [ 16.39639621, 48.23004922 ] ] ] } },
{ "type": "Feature", "properties": { "LEV1": "Baulandnutzung", "LEV2": "Wohn- u. Mischnutzung (Schwerpunkt Wohnen)", "LEV3": "dichtes Wohn(misch)gebiet", "FLAECHE": 5538.6173680499996 }, "geometry": { "type": "Polygon", "coordinates": [ [ [ 16.38386496, 48.22173129 ], [ 16.38412989, 48.22234064 ], [ 16.38264059, 48.22261114 ], [ 16.38254258, 48.22240876 ], [ 16.38254121, 48.22239993 ], [ 16.383858, 48.22172355 ], [ 16.38386496, 48.22173129 ] ] ] } },
{ "type": "Feature", "properties": { "LEV1": "Baulandnutzung", "LEV2": "Wohn- u. Mischnutzung (Schwerpunkt Wohnen)", "LEV3": "dichtes Wohn(misch)gebiet", "FLAECHE": 1787.8080499800001 }, "geometry": { "type": "Polygon", "coordinates": [ [ [ 16.38656192, 48.21344208 ], [ 16.38692884, 48.21355604 ], [ 16.38688293, 48.21367171 ], [ 16.38585015, 48.21349194 ], [ 16.38595173, 48.21319602 ], [ 16.38656192, 48.21344208 ] ] ] } },
{ "type": "Feature", "properties": { "LEV1": "Baulandnutzung", "LEV2": "Wohn- u. Mischnutzung (Schwerpunkt Wohnen)", "LEV3": "dichtes Wohn(misch)gebiet", "FLAECHE": 4847.3663999500004 }, "geometry": { "type": "Polygon", "coordinates": [ [ [ 16.39979149, 48.22513118 ], [ 16.40008982, 48.22529981 ], [ 16.39928513, 48.22597187 ], [ 16.39875813, 48.22569256 ], [ 16.39956281, 48.22501079 ], [ 16.39979149, 48.22513118 ] ] ] } },
{ "type": "Feature", "properties": { "LEV1": "Baulandnutzung", "LEV2": "Wohn- u. Mischnutzung (Schwerpunkt Wohnen)", "LEV3": "dichtes Wohn(misch)gebiet", "FLAECHE": 7896.8538000299995 }, "geometry": { "type": "Polygon", "coordinates": [ [ [ 16.40099748, 48.21943385 ], [ 16.39927131, 48.21944506 ], [ 16.39926942, 48.21889126 ], [ 16.40099462, 48.21888005 ], [ 16.40099748, 48.21943385 ] ] ] } },
{ "type": "Feature", "properties": { "LEV1": "Baulandnutzung", "LEV2": "Wohn- u. Mischnutzung (Schwerpunkt Wohnen)", "LEV3": "dichtes Wohn(misch)gebiet", "FLAECHE": 3488.6248430300002 }, "geometry": { "type": "Polygon", "coordinates": [ [ [ 16.38636451, 48.21714233 ], [ 16.38645272, 48.21721802 ], [ 16.38596533, 48.21739994 ], [ 16.38575416, 48.21747876 ], [ 16.38519356, 48.21692169 ], [ 16.38538148, 48.21685434 ], [ 16.38534633, 48.21681911 ], [ 16.38561549, 48.21671359 ], [ 16.38586676, 48.21701718 ], [ 16.38591859, 48.21703937 ], [ 16.38611168, 48.21702823 ], [ 16.38636451, 48.21714233 ] ] ] } },
{ "type": "Feature", "properties": { "LEV1": "Baulandnutzung", "LEV2": "Wohn- u. Mischnutzung (Schwerpunkt Wohnen)", "LEV3": "dichtes Wohn(misch)gebiet", "FLAECHE": 3659.3668862999998 }, "geometry": { "type": "Polygon", "coordinates": [ [ [ 16.37540631, 48.2224123 ], [ 16.37520825, 48.22255652 ], [ 16.37519915, 48.22254985 ], [ 16.37417809, 48.22173067 ], [ 16.37445069, 48.22154588 ], [ 16.37469232, 48.22171058 ], [ 16.37484039, 48.22163819 ], [ 16.37515678, 48.22188745 ], [ 16.37493754, 48.22203219 ], [ 16.37540631, 48.2224123 ] ] ] } },
{ "type": "Feature", "properties": { "LEV1": "Baulandnutzung", "LEV2": "Wohn- u. Mischnutzung (Schwerpunkt Wohnen)", "LEV3": "dichtes Wohn(misch)gebiet", "FLAECHE": 10814.027850029999 }, "geometry": { "type": "Polygon", "coordinates": [ [ [ 16.38435375, 48.21709526 ], [ 16.38352685, 48.21740497 ], [ 16.38353926, 48.21743617 ], [ 16.38330852, 48.2174815 ], [ 16.38300516, 48.21685156 ], [ 16.38303624, 48.2168404 ], [ 16.38293593, 48.21663656 ], [ 16.38289409, 48.21664539 ], [ 16.38260289, 48.21605277 ], [ 16.38332156, 48.21600832 ], [ 16.38377804, 48.21648351 ], [ 16.38381315, 48.21647037 ], [ 16.38435375, 48.21709526 ] ] ] } },
{ "type": "Feature", "properties": { "LEV1": "Baulandnutzung", "LEV2": "Wohn- u. Mischnutzung (Schwerpunkt Wohnen)", "LEV3": "dichtes Wohn(misch)gebiet", "FLAECHE": 5177.9648500699996 }, "geometry": { "type": "Polygon", "coordinates": [ [ [ 16.38689281, 48.22243901 ], [ 16.38556607, 48.22268456 ], [ 16.3853763, 48.2222518 ], [ 16.38668714, 48.22199645 ], [ 16.38689281, 48.22243901 ] ] ] } },
{ "type": "Feature", "properties": { "LEV1": "Baulandnutzung", "LEV2": "Wohn- u. Mischnutzung (Schwerpunkt Wohnen)", "LEV3": "dichtes Wohn(misch)gebiet", "FLAECHE": 7374.0798999799999 }, "geometry": { "type": "Polygon", "coordinates": [ [ [ 16.39645483, 48.21212475 ], [ 16.39578876, 48.21279743 ], [ 16.39485276, 48.21241804 ], [ 16.39552043, 48.2117326 ], [ 16.39645483, 48.21212475 ] ] ] } },
{ "type": "Feature", "properties": { "LEV1": "Baulandnutzung", "LEV2": "Wohn- u. Mischnutzung (Schwerpunkt Wohnen)", "LEV3": "dichtes Wohn(misch)gebiet", "FLAECHE": 3488.1627 }, "geometry": { "type": "Polygon", "coordinates": [ [ [ 16.38850367, 48.22632074 ], [ 16.38790344, 48.22649907 ], [ 16.38761268, 48.2260562 ], [ 16.38862303, 48.22576499 ], [ 16.38850367, 48.22632074 ] ] ] } },
{ "type": "Feature", "properties": { "LEV1": "Baulandnutzung", "LEV2": "Wohn- u. Mischnutzung (Schwerpunkt Wohnen)", "LEV3": "dichtes Wohn(misch)gebiet", "FLAECHE": 7343.6838498899997 }, "geometry": { "type": "Polygon", "coordinates": [ [ [ 16.37963015, 48.217244 ], [ 16.37964456, 48.2178987 ], [ 16.37837371, 48.21792463 ], [ 16.37831243, 48.21720564 ], [ 16.37963015, 48.217244 ] ] ] } },
{ "type": "Feature", "properties": { "LEV1": "Baulandnutzung", "LEV2": "Wohn- u. Mischnutzung (Schwerpunkt Wohnen)", "LEV3": "dichtes Wohn(misch)gebiet", "FLAECHE": 7996.5102499799996 }, "geometry": { "type": "Polygon", "coordinates": [ [ [ 16.4024933, 48.20352571 ], [ 16.4021853, 48.20359082 ], [ 16.40100294, 48.20394366 ], [ 16.40044935, 48.20341814 ], [ 16.40092882, 48.20331193 ], [ 16.40175075, 48.20316146 ], [ 16.40231553, 48.20307183 ], [ 16.4024933, 48.20352571 ] ] ] } },
{ "type": "Feature", "properties": { "LEV1": "Baulandnutzung", "LEV2": "Wohn- u. Mischnutzung (Schwerpunkt Wohnen)", "LEV3": "dichtes Wohn(misch)gebiet", "FLAECHE": 33631.660738639999 }, "geometry": { "type": "Polygon", "coordinates": [ [ [ 16.39176359, 48.22414232 ], [ 16.39305314, 48.22432666 ], [ 16.39286891, 48.22485339 ], [ 16.39239018, 48.22623077 ], [ 16.3920612, 48.22717731 ], [ 16.39200912, 48.22732713 ], [ 16.39175004, 48.22807252 ], [ 16.39077219, 48.22797851 ], [ 16.39099482, 48.22720689 ], [ 16.39138012, 48.226074 ], [ 16.39145059, 48.22608493 ], [ 16.3918861, 48.22479379 ], [ 16.3915526, 48.22474477 ], [ 16.39176359, 48.22414232 ] ] ] } },
{ "type": "Feature", "properties": { "LEV1": "Baulandnutzung", "LEV2": "Wohn- u. Mischnutzung (Schwerpunkt Wohnen)", "LEV3": "dichtes Wohn(misch)gebiet", "FLAECHE": 3949.29279993 }, "geometry": { "type": "Polygon", "coordinates": [ [ [ 16.39091138, 48.21546761 ], [ 16.39077407, 48.21604477 ], [ 16.38967241, 48.21555471 ], [ 16.38973396, 48.2153464 ], [ 16.39091138, 48.21546761 ] ] ] } },
{ "type": "Feature", "properties": { "LEV1": "Baulandnutzung", "LEV2": "Wohn- u. Mischnutzung (Schwerpunkt Wohnen)", "LEV3": "dichtes Wohn(misch)gebiet", "FLAECHE": 4067.8505469500001 }, "geometry": { "type": "Polygon", "coordinates": [ [ [ 16.43047943, 48.20599349 ], [ 16.43045043, 48.20601412 ], [ 16.42977442, 48.20649086 ], [ 16.42917966, 48.20611767 ], [ 16.42968983, 48.20575569 ], [ 16.42976363, 48.20577327 ], [ 16.42997407, 48.2058234 ], [ 16.43023549, 48.20590403 ], [ 16.43038963, 48.20595912 ], [ 16.43047943, 48.20599349 ] ] ] } },
{ "type": "Feature", "properties": { "LEV1": "Baulandnutzung", "LEV2": "Wohn- u. Mischnutzung (Schwerpunkt Wohnen)", "LEV3": "locker bebautes Wohn(misch)gebiet", "FLAECHE": 5096.1813768000002 }, "geometry": { "type": "Polygon", "coordinates": [ [ [ 16.44756806, 48.19417463 ], [ 16.4453186, 48.19571782 ], [ 16.44512109, 48.19557083 ], [ 16.44682149, 48.19440554 ], [ 16.44716949, 48.19416705 ], [ 16.44747364, 48.19411645 ], [ 16.44756806, 48.19417463 ] ] ] } },
{ "type": "Feature", "properties": { "LEV1": "Baulandnutzung", "LEV2": "Wohn- u. Mischnutzung (Schwerpunkt Wohnen)", "LEV3": "dichtes Wohn(misch)gebiet", "FLAECHE": 3485.0680869900002 }, "geometry": { "type": "Polygon", "coordinates": [ [ [ 16.38301574, 48.22172888 ], [ 16.38301972, 48.2217381 ], [ 16.38260081, 48.2219584 ], [ 16.38240309, 48.22206238 ], [ 16.38239093, 48.22205977 ], [ 16.38236566, 48.22204378 ], [ 16.3821117, 48.22142955 ], [ 16.3828301, 48.22129868 ], [ 16.38301574, 48.22172888 ] ] ] } },
{ "type": "Feature", "properties": { "LEV1": "Baulandnutzung", "LEV2": "Wohn- u. Mischnutzung (Schwerpunkt Wohnen)", "LEV3": "dichtes Wohn(misch)gebiet", "FLAECHE": 2983.0442925299999 }, "geometry": { "type": "Polygon", "coordinates": [ [ [ 16.3858058, 48.22027052 ], [ 16.38580976, 48.22027994 ], [ 16.38533952, 48.22053159 ], [ 16.38533379, 48.22052315 ], [ 16.38504225, 48.21983583 ], [ 16.38557924, 48.21973146 ], [ 16.3858058, 48.22027052 ] ] ] } },
{ "type": "Feature", "properties": { "LEV1": "Baulandnutzung", "LEV2": "Wohn- u. Mischnutzung (Schwerpunkt Wohnen)", "LEV3": "dichtes Wohn(misch)gebiet", "FLAECHE": 7813.3478419599996 }, "geometry": { "type": "Polygon", "coordinates": [ [ [ 16.42063176, 48.21219599 ], [ 16.42167653, 48.21145819 ], [ 16.42229034, 48.2118492 ], [ 16.42234475, 48.21187695 ], [ 16.42129186, 48.2126362 ], [ 16.42063176, 48.21219599 ] ] ] } },
{ "type": "Feature", "properties": { "LEV1": "Baulandnutzung", "LEV2": "Wohn- u. Mischnutzung (Schwerpunkt Wohnen)", "LEV3": "dichtes Wohn(misch)gebiet", "FLAECHE": 6801.4628625200003 }, "geometry": { "type": "Polygon", "coordinates": [ [ [ 16.41919043, 48.21102718 ], [ 16.41909952, 48.21109261 ], [ 16.41919864, 48.21115136 ], [ 16.41883917, 48.21143544 ], [ 16.41854526, 48.21168946 ], [ 16.41852828, 48.21167854 ], [ 16.4182405, 48.21149341 ], [ 16.41784478, 48.21123884 ], [ 16.41769959, 48.21110455 ], [ 16.41865497, 48.21064309 ], [ 16.41919043, 48.21102718 ] ] ] } },
{ "type": "Feature", "properties": { "LEV1": "Baulandnutzung", "LEV2": "Wohn- u. Mischnutzung (Schwerpunkt Wohnen)", "LEV3": "dichtes Wohn(misch)gebiet", "FLAECHE": 6981.11795 }, "geometry": { "type": "Polygon", "coordinates": [ [ [ 16.38163717, 48.22036189 ], [ 16.38133801, 48.21975416 ], [ 16.38251181, 48.21949927 ], [ 16.38289121, 48.22012855 ], [ 16.3819024, 48.22033543 ], [ 16.38189282, 48.22031304 ], [ 16.38163717, 48.22036189 ] ] ] } },
{ "type": "Feature", "properties": { "LEV1": "Baulandnutzung", "LEV2": "Wohn- u. Mischnutzung (Schwerpunkt Wohnen)", "LEV3": "dichtes Wohn(misch)gebiet", "FLAECHE": 9398.0900965700002 }, "geometry": { "type": "Polygon", "coordinates": [ [ [ 16.40089301, 48.22474035 ], [ 16.40033048, 48.22520291 ], [ 16.39994933, 48.22499628 ], [ 16.39942682, 48.22470758 ], [ 16.39898947, 48.22446594 ], [ 16.39942611, 48.22414125 ], [ 16.39972109, 48.2239219 ], [ 16.40089301, 48.22474035 ] ] ] } },
{ "type": "Feature", "properties": { "LEV1": "Baulandnutzung", "LEV2": "Wohn- u. Mischnutzung (Schwerpunkt Wohnen)", "LEV3": "dichtes Wohn(misch)gebiet", "FLAECHE": 7727.2128618799998 }, "geometry": { "type": "Polygon", "coordinates": [ [ [ 16.38652715, 48.22492586 ], [ 16.38687776, 48.22545578 ], [ 16.38517546, 48.22593863 ], [ 16.38474968, 48.22579466 ], [ 16.38474179, 48.22570366 ], [ 16.38562231, 48.22531738 ], [ 16.38620912, 48.22506347 ], [ 16.38652715, 48.22492586 ] ] ] } },
{ "type": "Feature", "properties": { "LEV1": "Baulandnutzung", "LEV2": "Wohn- u. Mischnutzung (Schwerpunkt Wohnen)", "LEV3": "dichtes Wohn(misch)gebiet", "FLAECHE": 4381.1503499399996 }, "geometry": { "type": "Polygon", "coordinates": [ [ [ 16.38825875, 48.22754644 ], [ 16.38809637, 48.22761963 ], [ 16.38691589, 48.22699585 ], [ 16.38691879, 48.22693856 ], [ 16.38770943, 48.22670438 ], [ 16.38825875, 48.22754644 ] ] ] } },
{ "type": "Feature", "properties": { "LEV1": "Baulandnutzung", "LEV2": "Wohn- u. Mischnutzung (Schwerpunkt Wohnen)", "LEV3": "dichtes Wohn(misch)gebiet", "FLAECHE": 3837.4186084799999 }, "geometry": { "type": "Polygon", "coordinates": [ [ [ 16.38519675, 48.22059455 ], [ 16.38520071, 48.22060387 ], [ 16.38474526, 48.22084157 ], [ 16.38473945, 48.22083319 ], [ 16.38434474, 48.21996661 ], [ 16.3848859, 48.21986314 ], [ 16.38519675, 48.22059455 ] ] ] } },
{ "type": "Feature", "properties": { "LEV1": "Baulandnutzung", "LEV2": "Wohn- u. Mischnutzung (Schwerpunkt Wohnen)", "LEV3": "dichtes Wohn(misch)gebiet", "FLAECHE": 9506.9076313500009 }, "geometry": { "type": "Polygon", "coordinates": [ [ [ 16.39788821, 48.22878618 ], [ 16.39785475, 48.22881456 ], [ 16.39767659, 48.22896567 ], [ 16.39697636, 48.22955827 ], [ 16.39606032, 48.22907139 ], [ 16.39677258, 48.22847144 ], [ 16.39694535, 48.22832592 ], [ 16.39697658, 48.22829961 ], [ 16.3970497, 48.22833791 ], [ 16.39725316, 48.22844668 ], [ 16.39770437, 48.2286879 ], [ 16.39788821, 48.22878618 ] ] ] } },
{ "type": "Feature", "properties": { "LEV1": "Baulandnutzung", "LEV2": "Wohn- u. Mischnutzung (Schwerpunkt Wohnen)", "LEV3": "dichtes Wohn(misch)gebiet", "FLAECHE": 6864.2888864400002 }, "geometry": { "type": "Polygon", "coordinates": [ [ [ 16.37924623, 48.21933408 ], [ 16.37917449, 48.21899326 ], [ 16.37909577, 48.21899941 ], [ 16.37905357, 48.2187415 ], [ 16.37956328, 48.21868789 ], [ 16.37956122, 48.21867966 ], [ 16.37955774, 48.21866576 ], [ 16.3797721, 48.21864176 ], [ 16.37977394, 48.21864908 ], [ 16.37977993, 48.21867279 ], [ 16.38020702, 48.21862963 ], [ 16.38020331, 48.21861375 ], [ 16.38020305, 48.21860158 ], [ 16.38063449, 48.21855474 ], [ 16.38065994, 48.21856723 ], [ 16.38068117, 48.21884178 ], [ 16.3801743, 48.21923534 ], [ 16.37987391, 48.21921027 ], [ 16.37924623, 48.21933408 ] ] ] } },
{ "type": "Feature", "properties": { "LEV1": "Baulandnutzung", "LEV2": "Wohn- u. Mischnutzung (Schwerpunkt Wohnen)", "LEV3": "dichtes Wohn(misch)gebiet", "FLAECHE": 4670.1853736900002 }, "geometry": { "type": "Polygon", "coordinates": [ [ [ 16.39782889, 48.21961843 ], [ 16.39694305, 48.21944272 ], [ 16.39694251, 48.219434 ], [ 16.39714261, 48.21890292 ], [ 16.39715018, 48.21889582 ], [ 16.39798385, 48.21889223 ], [ 16.39782889, 48.21961843 ] ] ] } },
{ "type": "Feature", "properties": { "LEV1": "Baulandnutzung", "LEV2": "Wohn- u. Mischnutzung (Schwerpunkt Wohnen)", "LEV3": "dichtes Wohn(misch)gebiet", "FLAECHE": 26899.229687489998 }, "geometry": { "type": "Polygon", "coordinates": [ [ [ 16.39591926, 48.22802875 ], [ 16.39623763, 48.22819491 ], [ 16.39639777, 48.22805651 ], [ 16.39538592, 48.2275089 ], [ 16.39611148, 48.22689888 ], [ 16.39711499, 48.22742742 ], [ 16.3974425, 48.22759991 ], [ 16.39685637, 48.2280928 ], [ 16.39597058, 48.22883764 ], [ 16.39496538, 48.22968286 ], [ 16.39472855, 48.22955576 ], [ 16.39467768, 48.22952846 ], [ 16.39453794, 48.22945348 ], [ 16.39365183, 48.22897792 ], [ 16.39437071, 48.22837169 ], [ 16.39527581, 48.22885205 ], [ 16.39545546, 48.22894739 ], [ 16.39558357, 48.22884006 ], [ 16.39540641, 48.22874489 ], [ 16.39537945, 48.22873041 ], [ 16.39565422, 48.22849799 ], [ 16.39570342, 48.22845721 ], [ 16.39582635, 48.22834784 ], [ 16.39564895, 48.22825643 ], [ 16.39591926, 48.22802875 ] ] ] } },
{ "type": "Feature", "properties": { "LEV1": "Baulandnutzung", "LEV2": "Wohn- u. Mischnutzung (Schwerpunkt Wohnen)", "LEV3": "dichtes Wohn(misch)gebiet", "FLAECHE": 11843.670465159999 }, "geometry": { "type": "Polygon", "coordinates": [ [ [ 16.40597361, 48.20320521 ], [ 16.40597927, 48.20321338 ], [ 16.40461735, 48.20366808 ], [ 16.40360911, 48.2040374 ], [ 16.40306711, 48.20427775 ], [ 16.40306188, 48.2042693 ], [ 16.40280961, 48.20364828 ], [ 16.40460629, 48.20324622 ], [ 16.40576441, 48.20290378 ], [ 16.40597361, 48.20320521 ] ] ] } },
{ "type": "Feature", "properties": { "LEV1": "Baulandnutzung", "LEV2": "Wohn- u. Mischnutzung (Schwerpunkt Wohnen)", "LEV3": "dichtes Wohn(misch)gebiet", "FLAECHE": 5123.0458501000003 }, "geometry": { "type": "Polygon", "coordinates": [ [ [ 16.37519215, 48.22084782 ], [ 16.37481323, 48.22110435 ], [ 16.37354891, 48.22023476 ], [ 16.37390968, 48.2200126 ], [ 16.37519215, 48.22084782 ] ] ] } },
{ "type": "Feature", "properties": { "LEV1": "Baulandnutzung", "LEV2": "Wohn- u. Mischnutzung (Schwerpunkt Wohnen)", "LEV3": "dichtes Wohn(misch)gebiet", "FLAECHE": 5054.3562903700004 }, "geometry": { "type": "Polygon", "coordinates": [ [ [ 16.38279122, 48.21391121 ], [ 16.38307676, 48.21406184 ], [ 16.38306251, 48.21408109 ], [ 16.38384849, 48.21468052 ], [ 16.38321851, 48.21486748 ], [ 16.38277128, 48.21432411 ], [ 16.38259376, 48.21413847 ], [ 16.38219651, 48.21372302 ], [ 16.38218916, 48.21371533 ], [ 16.38227899, 48.21365117 ], [ 16.38279122, 48.21391121 ] ] ] } },
{ "type": "Feature", "properties": { "LEV1": "Baulandnutzung", "LEV2": "Wohn- u. Mischnutzung (Schwerpunkt Wohnen)", "LEV3": "dichtes Wohn(misch)gebiet", "FLAECHE": 6378.1723999899996 }, "geometry": { "type": "Polygon", "coordinates": [ [ [ 16.38691, 48.22063487 ], [ 16.38740861, 48.22171797 ], [ 16.38681079, 48.22183371 ], [ 16.38624332, 48.22064623 ], [ 16.3863493, 48.22058359 ], [ 16.38691, 48.22063487 ] ] ] } },
{ "type": "Feature", "properties": { "LEV1": "Baulandnutzung", "LEV2": "Wohn- u. Mischnutzung (Schwerpunkt Wohnen)", "LEV3": "dichtes Wohn(misch)gebiet", "FLAECHE": 3186.0736999300002 }, "geometry": { "type": "Polygon", "coordinates": [ [ [ 16.38537352, 48.22272628 ], [ 16.3845542, 48.22288194 ], [ 16.38437909, 48.22243784 ], [ 16.3851789, 48.22228758 ], [ 16.38537352, 48.22272628 ] ] ] } },
{ "type": "Feature", "properties": { "LEV1": "Baulandnutzung", "LEV2": "Wohn- u. Mischnutzung (Schwerpunkt Wohnen)", "LEV3": "dichtes Wohn(misch)gebiet", "FLAECHE": 8233.6153000300001 }, "geometry": { "type": "Polygon", "coordinates": [ [ [ 16.40007321, 48.22115153 ], [ 16.40008283, 48.22119964 ], [ 16.3995593, 48.22161982 ], [ 16.39821129, 48.22090695 ], [ 16.39874515, 48.22045817 ], [ 16.40007321, 48.22115153 ] ] ] } },
{ "type": "Feature", "properties": { "LEV1": "Baulandnutzung", "LEV2": "Wohn- u. Mischnutzung (Schwerpunkt Wohnen)", "LEV3": "dichtes Wohn(misch)gebiet", "FLAECHE": 2294.119795 }, "geometry": { "type": "Polygon", "coordinates": [ [ [ 16.37891014, 48.21877554 ], [ 16.37893522, 48.2189992 ], [ 16.37901265, 48.21937769 ], [ 16.37860711, 48.21946184 ], [ 16.37859056, 48.21945447 ], [ 16.37857077, 48.21944566 ], [ 16.37848693, 48.21880358 ], [ 16.37881163, 48.21876704 ], [ 16.37891014, 48.21877554 ] ] ] } },
{ "type": "Feature", "properties": { "LEV1": "Baulandnutzung", "LEV2": "Wohn- u. Mischnutzung (Schwerpunkt Wohnen)", "LEV3": "dichtes Wohn(misch)gebiet", "FLAECHE": 9788.2174000600007 }, "geometry": { "type": "Polygon", "coordinates": [ [ [ 16.3820589, 48.22183616 ], [ 16.38120611, 48.22204028 ], [ 16.38067444, 48.22070392 ], [ 16.3814582, 48.22053508 ], [ 16.3820589, 48.22183616 ] ] ] } },
{ "type": "Feature", "properties": { "LEV1": "Baulandnutzung", "LEV2": "Wohn- u. Mischnutzung (Schwerpunkt Wohnen)", "LEV3": "dichtes Wohn(misch)gebiet", "FLAECHE": 18448.120749919999 }, "geometry": { "type": "Polygon", "coordinates": [ [ [ 16.37106915, 48.21954217 ], [ 16.37252929, 48.22069455 ], [ 16.37137142, 48.22133685 ], [ 16.3700171, 48.22023316 ], [ 16.37098623, 48.21950505 ], [ 16.37106915, 48.21954217 ] ] ] } },
{ "type": "Feature", "properties": { "LEV1": "Baulandnutzung", "LEV2": "Wohn- u. Mischnutzung (Schwerpunkt Wohnen)", "LEV3": "dichtes Wohn(misch)gebiet", "FLAECHE": 5076.5476370400002 }, "geometry": { "type": "Polygon", "coordinates": [ [ [ 16.40489897, 48.21887787 ], [ 16.40489932, 48.2192412 ], [ 16.40460349, 48.21941512 ], [ 16.40372904, 48.21942292 ], [ 16.40372317, 48.21888495 ], [ 16.40372307, 48.21887596 ], [ 16.40489896, 48.21886888 ], [ 16.40489897, 48.21887787 ] ] ] } },
{ "type": "Feature", "properties": { "LEV1": "Baulandnutzung", "LEV2": "Wohn- u. Mischnutzung (Schwerpunkt Wohnen)", "LEV3": "dichtes Wohn(misch)gebiet", "FLAECHE": 2454.8591130099999 }, "geometry": { "type": "Polygon", "coordinates": [ [ [ 16.3812191, 48.21546479 ], [ 16.38119523, 48.2156174 ], [ 16.38118847, 48.21573399 ], [ 16.38049758, 48.21569216 ], [ 16.38041608, 48.21543328 ], [ 16.38038684, 48.21531871 ], [ 16.38123965, 48.21533354 ], [ 16.3812191, 48.21546479 ] ] ] } },
{ "type": "Feature", "properties": { "LEV1": "Baulandnutzung", "LEV2": "Wohn- u. Mischnutzung (Schwerpunkt Wohnen)", "LEV3": "dichtes, durchgrüntes Wohn(misch)gebiet", "FLAECHE": 23456.138776759999 }, "geometry": { "type": "Polygon", "coordinates": [ [ [ 16.40988611, 48.21944788 ], [ 16.4098308, 48.21948739 ], [ 16.40774151, 48.22098001 ], [ 16.40773138, 48.22097408 ], [ 16.40678018, 48.22042227 ], [ 16.40677515, 48.22041467 ], [ 16.40678824, 48.22040459 ], [ 16.40831585, 48.2192302 ], [ 16.4088654, 48.21880573 ], [ 16.40886741, 48.21880834 ], [ 16.40988611, 48.21944788 ] ] ] } },
{ "type": "Feature", "properties": { "LEV1": "Baulandnutzung", "LEV2": "Wohn- u. Mischnutzung (Schwerpunkt Wohnen)", "LEV3": "dichtes Wohn(misch)gebiet", "FLAECHE": 6947.70775013 }, "geometry": { "type": "Polygon", "coordinates": [ [ [ 16.38725974, 48.22601625 ], [ 16.38587223, 48.22642335 ], [ 16.38531313, 48.2261314 ], [ 16.38533699, 48.2260321 ], [ 16.38696226, 48.22557211 ], [ 16.38725974, 48.22601625 ] ] ] } },
{ "type": "Feature", "properties": { "LEV1": "Baulandnutzung", "LEV2": "soziale Infrastruktur", "LEV3": "Sporthalle, Hallenbad", "FLAECHE": 5474.5963094500003 }, "geometry": { "type": "Polygon", "coordinates": [ [ [ 16.42646296, 48.20927992 ], [ 16.42638232, 48.20979588 ], [ 16.42503446, 48.20970706 ], [ 16.42510255, 48.20922826 ], [ 16.42605109, 48.20929531 ], [ 16.42608661, 48.20929627 ], [ 16.42612751, 48.20929552 ], [ 16.42620231, 48.20928889 ], [ 16.42624979, 48.20928076 ], [ 16.42630399, 48.20926795 ], [ 16.42635899, 48.20924992 ], [ 16.42638669, 48.20923902 ], [ 16.42643742, 48.20926622 ], [ 16.42646296, 48.20927992 ] ] ] } },
{ "type": "Feature", "properties": { "LEV1": "Baulandnutzung", "LEV2": "soziale Infrastruktur", "LEV3": "Kultur, Freizeit, Messe", "FLAECHE": 2742.95609698 }, "geometry": { "type": "Polygon", "coordinates": [ [ [ 16.40132363, 48.21600123 ], [ 16.40133485, 48.21604025 ], [ 16.40141768, 48.21607545 ], [ 16.4014291, 48.21608031 ], [ 16.40111856, 48.21653563 ], [ 16.40110632, 48.2165319 ], [ 16.4007851, 48.21642781 ], [ 16.40081895, 48.21627167 ], [ 16.40076871, 48.21612745 ], [ 16.400627, 48.2160125 ], [ 16.4007892, 48.21583084 ], [ 16.40083153, 48.21578495 ], [ 16.40132363, 48.21600123 ] ] ] } },
{ "type": "Feature", "properties": { "LEV1": "Baulandnutzung", "LEV2": "soziale Infrastruktur", "LEV3": "Kultur, Freizeit, Messe", "FLAECHE": 1595.3204000600001 }, "geometry": { "type": "Polygon", "coordinates": [ [ [ 16.38649378, 48.21613288 ], [ 16.38616945, 48.21638483 ], [ 16.38577547, 48.21654895 ], [ 16.38565236, 48.2164257 ], [ 16.38623957, 48.21598325 ], [ 16.38649378, 48.21613288 ] ] ] } },
{ "type": "Feature", "properties": { "LEV1": "Baulandnutzung", "LEV2": "soziale Infrastruktur", "LEV3": "Bildung", "FLAECHE": 2003.8131441200001 }, "geometry": { "type": "Polygon", "coordinates": [ [ [ 16.38066164, 48.22222035 ], [ 16.37943064, 48.22258051 ], [ 16.37931235, 48.2224243 ], [ 16.38061879, 48.22204165 ], [ 16.38065843, 48.22211109 ], [ 16.38062386, 48.22212207 ], [ 16.38066164, 48.22222035 ] ] ] } },
{ "type": "Feature", "properties": { "LEV1": "Baulandnutzung", "LEV2": "soziale Infrastruktur", "LEV3": "Kultur, Freizeit, Messe", "FLAECHE": 4421.9107653000001 }, "geometry": { "type": "Polygon", "coordinates": [ [ [ 16.40390705, 48.21331475 ], [ 16.40383111, 48.21334759 ], [ 16.40362225, 48.21342623 ], [ 16.40345263, 48.21347255 ], [ 16.40331703, 48.21349988 ], [ 16.40315881, 48.21351382 ], [ 16.40301188, 48.2135202 ], [ 16.40301901, 48.21341237 ], [ 16.40300299, 48.21340887 ], [ 16.40283801, 48.21329736 ], [ 16.40282894, 48.21325573 ], [ 16.40283965, 48.21321462 ], [ 16.40287702, 48.21318133 ], [ 16.40292582, 48.21315036 ], [ 16.40290045, 48.21309228 ], [ 16.40293539, 48.21305566 ], [ 16.40303095, 48.21302563 ], [ 16.40311777, 48.21299835 ], [ 16.40295885, 48.21268404 ], [ 16.40295838, 48.21267629 ], [ 16.4029569, 48.21265182 ], [ 16.40295514, 48.21262289 ], [ 16.40306943, 48.21255843 ], [ 16.40328857, 48.2127342 ], [ 16.4034513, 48.21286472 ], [ 16.40387139, 48.21328066 ], [ 16.40390705, 48.21331475 ] ] ] } },
{ "type": "Feature", "properties": { "LEV1": "Baulandnutzung", "LEV2": "soziale Infrastruktur", "LEV3": "Kultur, Freizeit, Messe", "FLAECHE": 22489.447132450001 }, "geometry": { "type": "Polygon", "coordinates": [ [ [ 16.39862887, 48.21459115 ], [ 16.3986642, 48.21465004 ], [ 16.39867974, 48.21481406 ], [ 16.39854812, 48.21501828 ], [ 16.39832088, 48.21527022 ], [ 16.39818502, 48.21542344 ], [ 16.39747643, 48.21611459 ], [ 16.39702854, 48.21652069 ], [ 16.39693119, 48.2164711 ], [ 16.39679765, 48.21631307 ], [ 16.39680489, 48.21617916 ], [ 16.39678513, 48.2160887 ], [ 16.39668696, 48.21591122 ], [ 16.39664251, 48.21575773 ], [ 16.39656878, 48.21576479 ], [ 16.3966045, 48.21586738 ], [ 16.39660943, 48.21588154 ], [ 16.39663008, 48.21594084 ], [ 16.39671666, 48.2161042 ], [ 16.39672198, 48.21618254 ], [ 16.39673378, 48.21635627 ], [ 16.39672557, 48.21646752 ], [ 16.39668707, 48.2165724 ], [ 16.39659415, 48.21674287 ], [ 16.39654428, 48.21678877 ], [ 16.39653528, 48.21680604 ], [ 16.39652169, 48.2168029 ], [ 16.39652383, 48.21679606 ], [ 16.39628599, 48.21674546 ], [ 16.39633674, 48.21663824 ], [ 16.39633629, 48.21660451 ], [ 16.39619192, 48.21581679 ], [ 16.39617018, 48.21574755 ], [ 16.39614224, 48.21567922 ], [ 16.39610301, 48.21561808 ], [ 16.39594888, 48.21545386 ], [ 16.39708446, 48.21486386 ], [ 16.39722257, 48.21492708 ], [ 16.3981167, 48.21478721 ], [ 16.39859471, 48.21460484 ], [ 16.39862887, 48.21459115 ] ] ] } },
{ "type": "Feature", "properties": { "LEV1": "Baulandnutzung", "LEV2": "soziale Infrastruktur", "LEV3": "Gesundheit, Einsatzorganisation", "FLAECHE": 10917.49996866 }, "geometry": { "type": "Polygon", "coordinates": [ [ [ 16.38144448, 48.21429193 ], [ 16.38188756, 48.2148655 ], [ 16.38212002, 48.21524321 ], [ 16.38225697, 48.21579867 ], [ 16.38118847, 48.21573399 ], [ 16.38119523, 48.2156174 ], [ 16.3812191, 48.21546479 ], [ 16.38141006, 48.21546472 ], [ 16.38138425, 48.21511259 ], [ 16.38103369, 48.21511272 ], [ 16.38104391, 48.21474414 ], [ 16.38108544, 48.21474454 ], [ 16.38107947, 48.21448768 ], [ 16.38104096, 48.21448882 ], [ 16.38017842, 48.21450218 ], [ 16.38017282, 48.21448025 ], [ 16.38012681, 48.21429998 ], [ 16.38061782, 48.21428973 ], [ 16.38103339, 48.2142831 ], [ 16.38144448, 48.21429193 ] ] ] } },
{ "type": "Feature", "properties": { "LEV1": "Baulandnutzung", "LEV2": "soziale Infrastruktur", "LEV3": "Kultur, Freizeit, Messe", "FLAECHE": 6669.1338957400003 }, "geometry": { "type": "Polygon", "coordinates": [ [ [ 16.40636275, 48.22451789 ], [ 16.40635523, 48.22452391 ], [ 16.4056672, 48.22504792 ], [ 16.40564827, 48.22504037 ], [ 16.40503527, 48.22467957 ], [ 16.40512293, 48.22461378 ], [ 16.40470176, 48.22436701 ], [ 16.40513102, 48.22404032 ], [ 16.40561715, 48.22432579 ], [ 16.4057645, 48.22420564 ], [ 16.40634229, 48.22451466 ], [ 16.40636275, 48.22451789 ] ] ] } },
{ "type": "Feature", "properties": { "LEV1": "Baulandnutzung", "LEV2": "soziale Infrastruktur", "LEV3": "Kultur, Freizeit, Messe", "FLAECHE": 5711.2303403300002 }, "geometry": { "type": "Polygon", "coordinates": [ [ [ 16.45232538, 48.19351628 ], [ 16.45210635, 48.19358391 ], [ 16.45196546, 48.19361652 ], [ 16.45176298, 48.19365494 ], [ 16.45158244, 48.19370225 ], [ 16.45156434, 48.19367304 ], [ 16.45141584, 48.19334715 ], [ 16.4527364, 48.19248132 ], [ 16.4529732, 48.19264904 ], [ 16.45244936, 48.19297067 ], [ 16.45232671, 48.1935034 ], [ 16.45232538, 48.19351628 ] ] ] } },
{ "type": "Feature", "properties": { "LEV1": "Baulandnutzung", "LEV2": "soziale Infrastruktur", "LEV3": "Bildung", "FLAECHE": 12123.511664240001 }, "geometry": { "type": "Polygon", "coordinates": [ [ [ 16.40461569, 48.22078919 ], [ 16.40456818, 48.22078091 ], [ 16.40435449, 48.22080126 ], [ 16.40373902, 48.22127433 ], [ 16.4034954, 48.22145546 ], [ 16.40246152, 48.22090185 ], [ 16.40194725, 48.22136407 ], [ 16.4016675, 48.22120684 ], [ 16.40262469, 48.22042883 ], [ 16.40268899, 48.22041017 ], [ 16.40373663, 48.22058754 ], [ 16.40378194, 48.22055424 ], [ 16.40471045, 48.22070037 ], [ 16.40461714, 48.22076715 ], [ 16.40461569, 48.22078919 ] ] ] } },
{ "type": "Feature", "properties": { "LEV1": "Baulandnutzung", "LEV2": "soziale Infrastruktur", "LEV3": "Kultur, Freizeit, Messe", "FLAECHE": 1889.58084998 }, "geometry": { "type": "Polygon", "coordinates": [ [ [ 16.38042661, 48.21625283 ], [ 16.38004747, 48.21632753 ], [ 16.37970462, 48.21635293 ], [ 16.37966892, 48.21631139 ], [ 16.3798086, 48.2161482 ], [ 16.38002925, 48.21610729 ], [ 16.37992984, 48.21583474 ], [ 16.38021978, 48.21577654 ], [ 16.38042661, 48.21625283 ] ] ] } },
{ "type": "Feature", "properties": { "LEV1": "Baulandnutzung", "LEV2": "soziale Infrastruktur", "LEV3": "Kultur, Freizeit, Messe", "FLAECHE": 4029.55040801 }, "geometry": { "type": "Polygon", "coordinates": [ [ [ 16.40004357, 48.21744922 ], [ 16.40003836, 48.21746136 ], [ 16.39998324, 48.21752248 ], [ 16.39950473, 48.21753036 ], [ 16.39950178, 48.21744851 ], [ 16.39864796, 48.21744864 ], [ 16.39857622, 48.21721288 ], [ 16.398549, 48.2169645 ], [ 16.39869487, 48.21696604 ], [ 16.39910621, 48.21704667 ], [ 16.3994593, 48.21714495 ], [ 16.3996758, 48.21723998 ], [ 16.39986975, 48.21737504 ], [ 16.40004357, 48.21744922 ] ] ] } },
{ "type": "Feature", "properties": { "LEV1": "Baulandnutzung", "LEV2": "soziale Infrastruktur", "LEV3": "Kultur, Freizeit, Messe", "FLAECHE": 3882.8003447000001 }, "geometry": { "type": "Polygon", "coordinates": [ [ [ 16.40085768, 48.21558699 ], [ 16.40080281, 48.21563766 ], [ 16.4007793, 48.21566258 ], [ 16.40071441, 48.21564032 ], [ 16.40069313, 48.21562927 ], [ 16.40067897, 48.21560598 ], [ 16.40069739, 48.21559014 ], [ 16.40071815, 48.21549008 ], [ 16.4007311, 48.21542771 ], [ 16.40068957, 48.21540945 ], [ 16.40063712, 48.21538639 ], [ 16.40065147, 48.21534618 ], [ 16.40061723, 48.21530142 ], [ 16.40059135, 48.2152633 ], [ 16.40059026, 48.21525307 ], [ 16.4005897, 48.21524789 ], [ 16.40058794, 48.21523138 ], [ 16.40065729, 48.21515906 ], [ 16.40067234, 48.21514337 ], [ 16.40079817, 48.21504654 ], [ 16.40085904, 48.21508697 ], [ 16.40089414, 48.21506771 ], [ 16.40090348, 48.21500583 ], [ 16.4009715, 48.21495777 ], [ 16.40105238, 48.21495862 ], [ 16.40162856, 48.21462869 ], [ 16.40165893, 48.21466657 ], [ 16.40171308, 48.21475374 ], [ 16.40172882, 48.21474966 ], [ 16.40180145, 48.21482725 ], [ 16.4017907, 48.21483179 ], [ 16.40182169, 48.21486951 ], [ 16.40154417, 48.21504306 ], [ 16.40153054, 48.21505282 ], [ 16.40122286, 48.21527302 ], [ 16.4010484, 48.2154305 ], [ 16.40103466, 48.21542358 ], [ 16.40085768, 48.21558699 ] ] ] } },
{ "type": "Feature", "properties": { "LEV1": "Baulandnutzung", "LEV2": "soziale Infrastruktur", "LEV3": "Kultur, Freizeit, Messe", "FLAECHE": 5255.6303621999996 }, "geometry": { "type": "Polygon", "coordinates": [ [ [ 16.40003171, 48.21529072 ], [ 16.40000967, 48.21529519 ], [ 16.40001237, 48.2153022 ], [ 16.39995452, 48.21531213 ], [ 16.399634, 48.21519592 ], [ 16.39952736, 48.21515372 ], [ 16.39987267, 48.21495946 ], [ 16.40006793, 48.21485512 ], [ 16.40039031, 48.21472868 ], [ 16.40064964, 48.21464498 ], [ 16.4008931, 48.21456427 ], [ 16.40107684, 48.21451128 ], [ 16.40116078, 48.21448821 ], [ 16.40116521, 48.21447949 ], [ 16.40117812, 48.21447525 ], [ 16.40132055, 48.21442121 ], [ 16.40139548, 48.2144084 ], [ 16.40143465, 48.21441162 ], [ 16.40146842, 48.21442096 ], [ 16.40147812, 48.21442364 ], [ 16.4015203, 48.21445057 ], [ 16.40153118, 48.21445752 ], [ 16.4015456, 48.2144754 ], [ 16.40155604, 48.21452972 ], [ 16.40153993, 48.21456624 ], [ 16.40151426, 48.2145909 ], [ 16.40148885, 48.21460602 ], [ 16.40142052, 48.21464044 ], [ 16.40132884, 48.2146955 ], [ 16.40098911, 48.2148314 ], [ 16.40067699, 48.21499157 ], [ 16.40053169, 48.21511701 ], [ 16.40045282, 48.21521589 ], [ 16.40038569, 48.21520255 ], [ 16.40036843, 48.21519912 ], [ 16.40028549, 48.21519342 ], [ 16.40023466, 48.21518993 ], [ 16.40016537, 48.21521798 ], [ 16.40014773, 48.21522436 ], [ 16.400137, 48.21521481 ], [ 16.40010675, 48.21523074 ], [ 16.40011676, 48.21523952 ], [ 16.40006845, 48.21527582 ], [ 16.40007439, 48.21528661 ], [ 16.4000643, 48.21529399 ], [ 16.40004478, 48.21528807 ], [ 16.40003171, 48.21529072 ] ] ] } },
{ "type": "Feature", "properties": { "LEV1": "Baulandnutzung", "LEV2": "soziale Infrastruktur", "LEV3": "Kultur, Freizeit, Messe", "FLAECHE": 2814.2197148 }, "geometry": { "type": "Polygon", "coordinates": [ [ [ 16.39804627, 48.21627828 ], [ 16.39802667, 48.21630975 ], [ 16.39801241, 48.21634588 ], [ 16.39796902, 48.21641254 ], [ 16.39770509, 48.21659821 ], [ 16.39770833, 48.21660343 ], [ 16.39745851, 48.21677704 ], [ 16.39711875, 48.21656264 ], [ 16.39717142, 48.2164984 ], [ 16.39732583, 48.21638989 ], [ 16.39734944, 48.2163733 ], [ 16.39737346, 48.21635016 ], [ 16.39744769, 48.21627864 ], [ 16.39758724, 48.21617182 ], [ 16.39759926, 48.21615258 ], [ 16.39762727, 48.21610777 ], [ 16.39763022, 48.21610174 ], [ 16.39762671, 48.21609158 ], [ 16.39763464, 48.21608411 ], [ 16.39762615, 48.21607755 ], [ 16.39762305, 48.2160691 ], [ 16.39762856, 48.21606109 ], [ 16.39763851, 48.21605623 ], [ 16.39765236, 48.21605415 ], [ 16.39767336, 48.21605369 ], [ 16.39769395, 48.21605593 ], [ 16.39771629, 48.2160614 ], [ 16.39808464, 48.21621157 ], [ 16.39810202, 48.21622559 ], [ 16.39813379, 48.21623826 ], [ 16.39809751, 48.21627901 ], [ 16.39805712, 48.21626357 ], [ 16.39804627, 48.21627828 ] ] ] } },
{ "type": "Feature", "properties": { "LEV1": "Baulandnutzung", "LEV2": "soziale Infrastruktur", "LEV3": "Kultur, Freizeit, Messe", "FLAECHE": 8641.4878950500006 }, "geometry": { "type": "Polygon", "coordinates": [ [ [ 16.42810894, 48.20989451 ], [ 16.42793435, 48.21001723 ], [ 16.42782957, 48.21009016 ], [ 16.42774016, 48.20999851 ], [ 16.42771948, 48.20997684 ], [ 16.42735151, 48.20999126 ], [ 16.42429638, 48.21215057 ], [ 16.42451738, 48.21226282 ], [ 16.42629985, 48.21100692 ], [ 16.42648475, 48.21087664 ], [ 16.42736248, 48.21025817 ], [ 16.42738039, 48.21025256 ], [ 16.42752009, 48.21020885 ], [ 16.42765438, 48.21021396 ], [ 16.42641944, 48.21108195 ], [ 16.42637343, 48.21111429 ], [ 16.4255219, 48.21172148 ], [ 16.4244428, 48.21249092 ], [ 16.42440544, 48.21251756 ], [ 16.42431751, 48.21246773 ], [ 16.42428146, 48.21244729 ], [ 16.42425301, 48.21243117 ], [ 16.42433751, 48.21239343 ], [ 16.42447713, 48.21233106 ], [ 16.42415422, 48.2121465 ], [ 16.42454907, 48.21186511 ], [ 16.4246397, 48.21180053 ], [ 16.42713065, 48.21002525 ], [ 16.42721543, 48.20996772 ], [ 16.42752888, 48.20975508 ], [ 16.42799046, 48.20982176 ], [ 16.42799716, 48.20982273 ], [ 16.42801138, 48.20983186 ], [ 16.42810894, 48.20989451 ] ] ] } },
{ "type": "Feature", "properties": { "LEV1": "Baulandnutzung", "LEV2": "soziale Infrastruktur", "LEV3": "Bildung", "FLAECHE": 4195.5829899700002 }, "geometry": { "type": "Polygon", "coordinates": [ [ [ 16.3998323, 48.21961733 ], [ 16.39942147, 48.22040069 ], [ 16.39934024, 48.2205556 ], [ 16.39884804, 48.22029488 ], [ 16.39907616, 48.21986317 ], [ 16.39921056, 48.21961435 ], [ 16.3998323, 48.21961733 ] ] ] } },
{ "type": "Feature", "properties": { "LEV1": "Baulandnutzung", "LEV2": "soziale Infrastruktur", "LEV3": "Kultur, Freizeit, Messe", "FLAECHE": 156257.67328193001 }, "geometry": { "type": "Polygon", "coordinates": [ [ [ 16.41471972, 48.21408647 ], [ 16.41294771, 48.21498699 ], [ 16.41261534, 48.21517184 ], [ 16.41238759, 48.21530473 ], [ 16.41193187, 48.21560442 ], [ 16.41070193, 48.21651776 ], [ 16.41048214, 48.21666854 ], [ 16.41001047, 48.21693954 ], [ 16.40968612, 48.21709749 ], [ 16.40936698, 48.21723034 ], [ 16.40897288, 48.21735974 ], [ 16.40856785, 48.21746935 ], [ 16.40818982, 48.21755206 ], [ 16.40784702, 48.21760704 ], [ 16.40788609, 48.21773894 ], [ 16.40739862, 48.21773824 ], [ 16.40649357, 48.21773693 ], [ 16.40637824, 48.21773637 ], [ 16.40618091, 48.21720796 ], [ 16.40606864, 48.21687717 ], [ 16.40592437, 48.21647166 ], [ 16.40588692, 48.21634362 ], [ 16.40591931, 48.21621581 ], [ 16.40579382, 48.2160621 ], [ 16.40622556, 48.21600095 ], [ 16.40677475, 48.21573181 ], [ 16.406446, 48.21543191 ], [ 16.408442, 48.21439132 ], [ 16.40879767, 48.2146957 ], [ 16.41032468, 48.21390984 ], [ 16.41222798, 48.21293027 ], [ 16.41230573, 48.21300603 ], [ 16.41241643, 48.21306558 ], [ 16.41363642, 48.2141087 ], [ 16.41369732, 48.21407763 ], [ 16.41439393, 48.21416251 ], [ 16.41451239, 48.21410082 ], [ 16.41471972, 48.21408647 ] ] ] } },
{ "type": "Feature", "properties": { "LEV1": "Baulandnutzung", "LEV2": "soziale Infrastruktur", "LEV3": "Kultur, Freizeit, Messe", "FLAECHE": 6317.8674595800003 }, "geometry": { "type": "Polygon", "coordinates": [ [ [ 16.43999291, 48.19347057 ], [ 16.43985356, 48.19347578 ], [ 16.4387559, 48.19381673 ], [ 16.43875773, 48.19373879 ], [ 16.43870226, 48.19357399 ], [ 16.43864107, 48.19344409 ], [ 16.43860354, 48.19337677 ], [ 16.4385592, 48.1932643 ], [ 16.43853581, 48.19313868 ], [ 16.43853854, 48.19302267 ], [ 16.43856526, 48.19299782 ], [ 16.43862137, 48.19294148 ], [ 16.43863039, 48.19294333 ], [ 16.4388298, 48.19298437 ], [ 16.43913921, 48.19300693 ], [ 16.43935332, 48.19293111 ], [ 16.43999291, 48.19347057 ] ] ] } },
{ "type": "Feature", "properties": { "LEV1": "Baulandnutzung", "LEV2": "soziale Infrastruktur", "LEV3": "Bildung", "FLAECHE": 5161.49610854 }, "geometry": { "type": "Polygon", "coordinates": [ [ [ 16.37990141, 48.22841651 ], [ 16.37986831, 48.22843262 ], [ 16.37936687, 48.22867598 ], [ 16.37936054, 48.22867905 ], [ 16.37891445, 48.2282678 ], [ 16.38054811, 48.22759194 ], [ 16.37990141, 48.22841651 ] ] ] } },
{ "type": "Feature", "properties": { "LEV1": "Baulandnutzung", "LEV2": "soziale Infrastruktur", "LEV3": "Kultur, Freizeit, Messe", "FLAECHE": 3162.51470599 }, "geometry": { "type": "Polygon", "coordinates": [ [ [ 16.37126371, 48.22559606 ], [ 16.37116338, 48.22570329 ], [ 16.37122883, 48.22576082 ], [ 16.37111878, 48.22581913 ], [ 16.37139662, 48.22608102 ], [ 16.37088146, 48.22636482 ], [ 16.37071163, 48.22620489 ], [ 16.3706745, 48.22622207 ], [ 16.37056474, 48.22612606 ], [ 16.37039431, 48.22599246 ], [ 16.37054159, 48.22591841 ], [ 16.37059967, 48.22583494 ], [ 16.37102082, 48.2256634 ], [ 16.37126371, 48.22559606 ] ] ] } },
{ "type": "Feature", "properties": { "LEV1": "Baulandnutzung", "LEV2": "soziale Infrastruktur", "LEV3": "Bildung", "FLAECHE": 10803.52450521 }, "geometry": { "type": "Polygon", "coordinates": [ [ [ 16.41858559, 48.2117154 ], [ 16.41821069, 48.21203637 ], [ 16.41781162, 48.21238487 ], [ 16.41758775, 48.21256966 ], [ 16.41659266, 48.21193931 ], [ 16.41728014, 48.21154222 ], [ 16.41784478, 48.21123884 ], [ 16.4182405, 48.21149341 ], [ 16.41852828, 48.21167854 ], [ 16.41854526, 48.21168946 ], [ 16.41858559, 48.2117154 ] ] ] } },
{ "type": "Feature", "properties": { "LEV1": "Baulandnutzung", "LEV2": "soziale Infrastruktur", "LEV3": "Kultur, Freizeit, Messe", "FLAECHE": 1620.8751559699999 }, "geometry": { "type": "Polygon", "coordinates": [ [ [ 16.39776141, 48.21687913 ], [ 16.39769725, 48.21679058 ], [ 16.39783852, 48.21674487 ], [ 16.39785288, 48.21674023 ], [ 16.39790627, 48.21671232 ], [ 16.39795117, 48.21666886 ], [ 16.39798829, 48.21665814 ], [ 16.39803654, 48.21660577 ], [ 16.39812917, 48.21653584 ], [ 16.3981429, 48.21653853 ], [ 16.39815352, 48.21653169 ], [ 16.39813025, 48.21651837 ], [ 16.39825306, 48.21642423 ], [ 16.39826388, 48.21643055 ], [ 16.39831374, 48.2163789 ], [ 16.39833258, 48.21637853 ], [ 16.39839821, 48.21640675 ], [ 16.39847086, 48.21643798 ], [ 16.39846306, 48.21644708 ], [ 16.39843877, 48.2165051 ], [ 16.39844941, 48.21651058 ], [ 16.39843565, 48.21659647 ], [ 16.39842145, 48.21679758 ], [ 16.3984203, 48.21681384 ], [ 16.39842099, 48.21682365 ], [ 16.39841764, 48.21683489 ], [ 16.39840029, 48.21684524 ], [ 16.39838172, 48.21684615 ], [ 16.39836544, 48.21684077 ], [ 16.39830501, 48.21684008 ], [ 16.39829519, 48.21684053 ], [ 16.39829643, 48.21685915 ], [ 16.39828473, 48.21686653 ], [ 16.39825243, 48.21686682 ], [ 16.39824085, 48.21685963 ], [ 16.39824096, 48.21684029 ], [ 16.39823127, 48.2168403 ], [ 16.39823155, 48.21684812 ], [ 16.39818311, 48.21684824 ], [ 16.39814758, 48.21685015 ], [ 16.39807623, 48.21684752 ], [ 16.39799955, 48.21684222 ], [ 16.39791704, 48.21682878 ], [ 16.39776141, 48.21687913 ] ] ] } },
{ "type": "Feature", "properties": { "LEV1": "Baulandnutzung", "LEV2": "soziale Infrastruktur", "LEV3": "Kultur, Freizeit, Messe", "FLAECHE": 1781.7826849600001 }, "geometry": { "type": "Polygon", "coordinates": [ [ [ 16.39905397, 48.21669677 ], [ 16.39904819, 48.21670082 ], [ 16.39897928, 48.21690941 ], [ 16.3987638, 48.21687508 ], [ 16.39852976, 48.21685614 ], [ 16.39852194, 48.21684662 ], [ 16.39852863, 48.21681172 ], [ 16.39854779, 48.21673943 ], [ 16.3985585, 48.21669902 ], [ 16.39857624, 48.21655505 ], [ 16.39856841, 48.21654388 ], [ 16.39855131, 48.21654317 ], [ 16.39856523, 48.21648039 ], [ 16.39855728, 48.21646492 ], [ 16.39855551, 48.21644883 ], [ 16.39857365, 48.21643011 ], [ 16.39859625, 48.21642443 ], [ 16.3986085, 48.2164247 ], [ 16.39863044, 48.21643143 ], [ 16.39865642, 48.21644392 ], [ 16.39886774, 48.21646855 ], [ 16.39887161, 48.21645333 ], [ 16.39907752, 48.21647714 ], [ 16.39907364, 48.21649241 ], [ 16.39913487, 48.2164995 ], [ 16.39911291, 48.2165845 ], [ 16.39909957, 48.21658294 ], [ 16.39905397, 48.21669677 ] ] ] } },
{ "type": "Feature", "properties": { "LEV1": "Baulandnutzung", "LEV2": "soziale Infrastruktur", "LEV3": "Kultur, Freizeit, Messe", "FLAECHE": 5487.40700001 }, "geometry": { "type": "Polygon", "coordinates": [ [ [ 16.40127769, 48.21425864 ], [ 16.40067669, 48.21443435 ], [ 16.40020929, 48.21458839 ], [ 16.3997956, 48.21422476 ], [ 16.40021351, 48.21398144 ], [ 16.40078209, 48.21371717 ], [ 16.40127769, 48.21425864 ] ] ] } },
{ "type": "Feature", "properties": { "LEV1": "Baulandnutzung", "LEV2": "soziale Infrastruktur", "LEV3": "Bildung", "FLAECHE": 23071.911536939999 }, "geometry": { "type": "Polygon", "coordinates": [ [ [ 16.39347296, 48.22673381 ], [ 16.39363692, 48.22681913 ], [ 16.39397823, 48.22699796 ], [ 16.39496385, 48.2275236 ], [ 16.39339796, 48.22884477 ], [ 16.39252633, 48.22838241 ], [ 16.39259704, 48.22817877 ], [ 16.3929465, 48.22711969 ], [ 16.39347296, 48.22673381 ] ] ] } },
{ "type": "Feature", "properties": { "LEV1": "Baulandnutzung", "LEV2": "soziale Infrastruktur", "LEV3": "Kultur, Freizeit, Messe", "FLAECHE": 12141.85145486 }, "geometry": { "type": "Polygon", "coordinates": [ [ [ 16.42101692, 48.2149667 ], [ 16.42087541, 48.21489122 ], [ 16.42057132, 48.21489972 ], [ 16.42025344, 48.21470437 ], [ 16.42038851, 48.21460919 ], [ 16.42103583, 48.21412919 ], [ 16.42147966, 48.21380007 ], [ 16.42152751, 48.21376604 ], [ 16.42159109, 48.21380584 ], [ 16.4217009, 48.21373228 ], [ 16.42179478, 48.21380066 ], [ 16.4218034, 48.21379482 ], [ 16.42225139, 48.21349407 ], [ 16.42269207, 48.21374556 ], [ 16.42255876, 48.21384127 ], [ 16.42264983, 48.21390505 ], [ 16.42161899, 48.21464497 ], [ 16.42153655, 48.21458964 ], [ 16.42130183, 48.21475996 ], [ 16.42101692, 48.2149667 ] ] ] } },
{ "type": "Feature", "properties": { "LEV1": "Baulandnutzung", "LEV2": "soziale Infrastruktur", "LEV3": "Kultur, Freizeit, Messe", "FLAECHE": 5107.1122625199996 }, "geometry": { "type": "Polygon", "coordinates": [ [ [ 16.40173142, 48.21425622 ], [ 16.40169188, 48.21427082 ], [ 16.40164937, 48.21428019 ], [ 16.40160524, 48.21428444 ], [ 16.40158934, 48.21426692 ], [ 16.40149715, 48.21425123 ], [ 16.40146393, 48.2142651 ], [ 16.40141616, 48.21426152 ], [ 16.40137081, 48.21426111 ], [ 16.40111089, 48.2139821 ], [ 16.40110818, 48.21396817 ], [ 16.4011146, 48.21393866 ], [ 16.40113463, 48.21392696 ], [ 16.40092686, 48.21370135 ], [ 16.40094904, 48.21365929 ], [ 16.40095465, 48.21365115 ], [ 16.40111012, 48.21358892 ], [ 16.40124303, 48.21356295 ], [ 16.40131771, 48.21355787 ], [ 16.40142723, 48.2135561 ], [ 16.40164496, 48.21356667 ], [ 16.40165155, 48.21356208 ], [ 16.40166957, 48.21355605 ], [ 16.40170133, 48.21355945 ], [ 16.40171749, 48.21357032 ], [ 16.40187063, 48.21357788 ], [ 16.40231525, 48.21360838 ], [ 16.40231032, 48.21364822 ], [ 16.40212508, 48.21378799 ], [ 16.40190335, 48.21401808 ], [ 16.40176818, 48.21416915 ], [ 16.40182419, 48.21419277 ], [ 16.40179731, 48.21421841 ], [ 16.40176693, 48.21423966 ], [ 16.40173142, 48.21425622 ] ] ] } },
{ "type": "Feature", "properties": { "LEV1": "Baulandnutzung", "LEV2": "soziale Infrastruktur", "LEV3": "Kultur, Freizeit, Messe", "FLAECHE": 4583.0311936099997 }, "geometry": { "type": "Polygon", "coordinates": [ [ [ 16.38144448, 48.21429193 ], [ 16.38103339, 48.2142831 ], [ 16.38061782, 48.21428973 ], [ 16.38012681, 48.21429998 ], [ 16.38011175, 48.21424099 ], [ 16.37998243, 48.21386312 ], [ 16.38014913, 48.21382676 ], [ 16.38016927, 48.21387031 ], [ 16.38027982, 48.21384694 ], [ 16.38030499, 48.21390061 ], [ 16.38101424, 48.21375807 ], [ 16.3811143, 48.2138645 ], [ 16.38144448, 48.21429193 ] ] ] } },
{ "type": "Feature", "properties": { "LEV1": "Baulandnutzung", "LEV2": "soziale Infrastruktur", "LEV3": "Kultur, Freizeit, Messe", "FLAECHE": 3427.5337500300002 }, "geometry": { "type": "Polygon", "coordinates": [ [ [ 16.399947, 48.21543246 ], [ 16.39998622, 48.21558676 ], [ 16.39971775, 48.21590356 ], [ 16.39891396, 48.2156557 ], [ 16.39901138, 48.2155391 ], [ 16.39912039, 48.21544047 ], [ 16.39941511, 48.215243 ], [ 16.399947, 48.21543246 ] ] ] } },
{ "type": "Feature", "properties": { "LEV1": "Baulandnutzung", "LEV2": "soziale Infrastruktur", "LEV3": "Kultur, Freizeit, Messe", "FLAECHE": 6328.5291570299996 }, "geometry": { "type": "Polygon", "coordinates": [ [ [ 16.38251102, 48.22504198 ], [ 16.38192676, 48.22510831 ], [ 16.38193278, 48.22512996 ], [ 16.38125947, 48.22521358 ], [ 16.3812513, 48.22518499 ], [ 16.38123021, 48.22511109 ], [ 16.38121239, 48.22511304 ], [ 16.38117892, 48.22500318 ], [ 16.38117485, 48.22500368 ], [ 16.38112505, 48.22500979 ], [ 16.3810949, 48.22490663 ], [ 16.38116122, 48.22489851 ], [ 16.38112381, 48.22460987 ], [ 16.38117763, 48.22457775 ], [ 16.38161915, 48.22431416 ], [ 16.38247335, 48.22490249 ], [ 16.38251102, 48.22504198 ] ] ] } },
{ "type": "Feature", "properties": { "LEV1": "Baulandnutzung", "LEV2": "soziale Infrastruktur", "LEV3": "Bildung", "FLAECHE": 87470.437545160006 }, "geometry": { "type": "Polygon", "coordinates": [ [ [ 16.41032468, 48.21390984 ], [ 16.40879767, 48.2146957 ], [ 16.408442, 48.21439132 ], [ 16.406446, 48.21543191 ], [ 16.40677475, 48.21573181 ], [ 16.40622556, 48.21600095 ], [ 16.40579382, 48.2160621 ], [ 16.40573559, 48.21599073 ], [ 16.40551559, 48.21569822 ], [ 16.40543514, 48.21561526 ], [ 16.40530824, 48.21550733 ], [ 16.40593558, 48.21521503 ], [ 16.4059564, 48.21518687 ], [ 16.40603925, 48.21476603 ], [ 16.40551361, 48.21433162 ], [ 16.40549997, 48.21429979 ], [ 16.40556561, 48.21418059 ], [ 16.40563531, 48.21417533 ], [ 16.40597544, 48.21395263 ], [ 16.40666172, 48.21357603 ], [ 16.40706903, 48.21338773 ], [ 16.40792075, 48.21297828 ], [ 16.4082393, 48.21282672 ], [ 16.40839333, 48.21270027 ], [ 16.40847508, 48.21265642 ], [ 16.408879, 48.21236425 ], [ 16.40904158, 48.21219813 ], [ 16.40957242, 48.21164948 ], [ 16.40963097, 48.21166419 ], [ 16.40982933, 48.21158654 ], [ 16.41041445, 48.21146035 ], [ 16.41046074, 48.21146221 ], [ 16.41062406, 48.21153576 ], [ 16.4117012, 48.21246008 ], [ 16.41165774, 48.21247892 ], [ 16.40976351, 48.213447 ], [ 16.41032468, 48.21390984 ] ] ] } },
{ "type": "Feature", "properties": { "LEV1": "Baulandnutzung", "LEV2": "soziale Infrastruktur", "LEV3": "Kultur, Freizeit, Messe", "FLAECHE": 3973.46285274 }, "geometry": { "type": "Polygon", "coordinates": [ [ [ 16.45567205, 48.19097917 ], [ 16.45513213, 48.19135378 ], [ 16.45512247, 48.19134764 ], [ 16.45492063, 48.19128458 ], [ 16.45486206, 48.19133041 ], [ 16.45475451, 48.19133706 ], [ 16.45467618, 48.19129791 ], [ 16.45458805, 48.19124569 ], [ 16.45462694, 48.19114757 ], [ 16.45470502, 48.1910821 ], [ 16.4545757, 48.19101157 ], [ 16.4545475, 48.19098849 ], [ 16.45471209, 48.19088202 ], [ 16.45493508, 48.19073009 ], [ 16.45512252, 48.19060238 ], [ 16.45546485, 48.19083731 ], [ 16.45567205, 48.19097917 ] ] ] } },
{ "type": "Feature", "properties": { "LEV1": "Baulandnutzung", "LEV2": "soziale Infrastruktur", "LEV3": "Kultur, Freizeit, Messe", "FLAECHE": 2033.1616202499999 }, "geometry": { "type": "Polygon", "coordinates": [ [ [ 16.39660316, 48.21765289 ], [ 16.39651497, 48.21768371 ], [ 16.39653667, 48.21770694 ], [ 16.39654637, 48.21771618 ], [ 16.39654855, 48.21772462 ], [ 16.39654816, 48.21773189 ], [ 16.39653988, 48.21774905 ], [ 16.39652017, 48.21776111 ], [ 16.39649707, 48.21776572 ], [ 16.39588614, 48.21776811 ], [ 16.39585697, 48.21776366 ], [ 16.39583841, 48.21775784 ], [ 16.3958127, 48.21774126 ], [ 16.39580691, 48.21773472 ], [ 16.39576656, 48.21772121 ], [ 16.39575351, 48.21771503 ], [ 16.3957445, 48.21770948 ], [ 16.39572322, 48.21769271 ], [ 16.3957084, 48.21767899 ], [ 16.39569652, 48.21765907 ], [ 16.39569527, 48.21764435 ], [ 16.39569735, 48.21762055 ], [ 16.39564625, 48.21760661 ], [ 16.39562203, 48.21759389 ], [ 16.39560036, 48.21757928 ], [ 16.3955814, 48.21756017 ], [ 16.39556954, 48.21754255 ], [ 16.39556689, 48.21751988 ], [ 16.39556923, 48.21750235 ], [ 16.3955715, 48.21749173 ], [ 16.39557687, 48.21747869 ], [ 16.3955852, 48.21746529 ], [ 16.39559259, 48.21745728 ], [ 16.39560281, 48.21744801 ], [ 16.39562069, 48.21743631 ], [ 16.39563817, 48.21742767 ], [ 16.39565553, 48.2174219 ], [ 16.39568257, 48.21741532 ], [ 16.39570948, 48.21741342 ], [ 16.39570839, 48.21740632 ], [ 16.39572534, 48.21740019 ], [ 16.39574364, 48.21739713 ], [ 16.39576988, 48.21740026 ], [ 16.39578227, 48.21740259 ], [ 16.39579041, 48.21740286 ], [ 16.39581229, 48.21741175 ], [ 16.395838, 48.21742424 ], [ 16.3958273, 48.21743489 ], [ 16.39586456, 48.21746487 ], [ 16.39587981, 48.21750183 ], [ 16.39588064, 48.21751711 ], [ 16.39588871, 48.2175172 ], [ 16.39592417, 48.21752136 ], [ 16.39593138, 48.21752761 ], [ 16.39593058, 48.21753345 ], [ 16.39596813, 48.21753793 ], [ 16.39600002, 48.21753913 ], [ 16.39603259, 48.21753781 ], [ 16.39606744, 48.21753433 ], [ 16.39609461, 48.21752932 ], [ 16.39613457, 48.21752022 ], [ 16.3961682, 48.21750923 ], [ 16.39620048, 48.21749527 ], [ 16.39622751, 48.21748123 ], [ 16.39624849, 48.21746764 ], [ 16.39626261, 48.21746008 ], [ 16.39627472, 48.21745593 ], [ 16.39628992, 48.21745278 ], [ 16.39631737, 48.21745285 ], [ 16.39633177, 48.21745689 ], [ 16.39634147, 48.21746129 ], [ 16.39635548, 48.21747181 ], [ 16.39640453, 48.21753339 ], [ 16.39640144, 48.2175386 ], [ 16.39641802, 48.21755928 ], [ 16.39650626, 48.21752605 ], [ 16.39660316, 48.21765289 ] ] ] } },
{ "type": "Feature", "properties": { "LEV1": "Baulandnutzung", "LEV2": "soziale Infrastruktur", "LEV3": "Bildung", "FLAECHE": 2246.7855336100001 }, "geometry": { "type": "Polygon", "coordinates": [ [ [ 16.38388466, 48.22314592 ], [ 16.3844125, 48.22304631 ], [ 16.38460729, 48.22352385 ], [ 16.38407824, 48.22362227 ], [ 16.38396759, 48.2233569 ], [ 16.38388466, 48.22314592 ] ] ] } },
{ "type": "Feature", "properties": { "LEV1": "Baulandnutzung", "LEV2": "soziale Infrastruktur", "LEV3": "Kultur, Freizeit, Messe", "FLAECHE": 3513.3868856099998 }, "geometry": { "type": "Polygon", "coordinates": [ [ [ 16.43234669, 48.20692265 ], [ 16.43171853, 48.20736277 ], [ 16.43081387, 48.20799326 ], [ 16.43039923, 48.20771679 ], [ 16.43185476, 48.20667764 ], [ 16.43198848, 48.20674425 ], [ 16.43196308, 48.20676251 ], [ 16.43192217, 48.20679134 ], [ 16.43058045, 48.20773664 ], [ 16.43083079, 48.20789523 ], [ 16.43219082, 48.20689267 ], [ 16.43222939, 48.20686423 ], [ 16.43234669, 48.20692265 ] ] ] } },
{ "type": "Feature", "properties": { "LEV1": "Baulandnutzung", "LEV2": "soziale Infrastruktur", "LEV3": "Kultur, Freizeit, Messe", "FLAECHE": 3131.5110000700001 }, "geometry": { "type": "Polygon", "coordinates": [ [ [ 16.40387848, 48.21478009 ], [ 16.40281561, 48.21531626 ], [ 16.40259437, 48.21519948 ], [ 16.40339132, 48.21453801 ], [ 16.40387848, 48.21478009 ] ] ] } },
{ "type": "Feature", "properties": { "LEV1": "Baulandnutzung", "LEV2": "soziale Infrastruktur", "LEV3": "Kultur, Freizeit, Messe", "FLAECHE": 6351.4239800200003 }, "geometry": { "type": "Polygon", "coordinates": [ [ [ 16.40367228, 48.21412 ], [ 16.40368116, 48.21412451 ], [ 16.40376084, 48.2141958 ], [ 16.40425154, 48.2146162 ], [ 16.40412353, 48.21468786 ], [ 16.40349537, 48.21435917 ], [ 16.40334956, 48.21429666 ], [ 16.40323318, 48.21426562 ], [ 16.40309785, 48.21422954 ], [ 16.40301251, 48.21420746 ], [ 16.40290254, 48.21418621 ], [ 16.4027942, 48.21417027 ], [ 16.40266192, 48.21415937 ], [ 16.40257444, 48.21415349 ], [ 16.40219969, 48.21415235 ], [ 16.4020937, 48.21407867 ], [ 16.40229287, 48.21388565 ], [ 16.40241669, 48.21380086 ], [ 16.40253515, 48.21373811 ], [ 16.40267021, 48.21370305 ], [ 16.40279372, 48.21369174 ], [ 16.40301708, 48.21369287 ], [ 16.40317545, 48.21368846 ], [ 16.40367228, 48.21412 ] ] ] } },
{ "type": "Feature", "properties": { "LEV1": "Baulandnutzung", "LEV2": "soziale Infrastruktur", "LEV3": "Kultur, Freizeit, Messe", "FLAECHE": 14393.86875625 }, "geometry": { "type": "Polygon", "coordinates": [ [ [ 16.40202568, 48.21700839 ], [ 16.40106987, 48.21751529 ], [ 16.4010505, 48.2175189 ], [ 16.40103798, 48.21751171 ], [ 16.40103823, 48.2174993 ], [ 16.40121138, 48.21703938 ], [ 16.40157454, 48.21637709 ], [ 16.40184678, 48.21607665 ], [ 16.40221931, 48.21580152 ], [ 16.40253237, 48.2156418 ], [ 16.4030856, 48.21546503 ], [ 16.40413409, 48.21493444 ], [ 16.40425987, 48.21501054 ], [ 16.40427495, 48.21501944 ], [ 16.40428705, 48.21501215 ], [ 16.40438779, 48.21507953 ], [ 16.40445611, 48.21514947 ], [ 16.40375958, 48.21551638 ], [ 16.40310852, 48.21585932 ], [ 16.40264533, 48.21610331 ], [ 16.40228396, 48.21637669 ], [ 16.40204277, 48.21664409 ], [ 16.40186583, 48.21697216 ], [ 16.40202568, 48.21700839 ] ] ] } },
{ "type": "Feature", "properties": { "LEV1": "Baulandnutzung", "LEV2": "soziale Infrastruktur", "LEV3": "Kultur, Freizeit, Messe", "FLAECHE": 7314.5884965699997 }, "geometry": { "type": "Polygon", "coordinates": [ [ [ 16.40052715, 48.21654046 ], [ 16.40047182, 48.21655998 ], [ 16.40040972, 48.21658189 ], [ 16.40038928, 48.21659468 ], [ 16.40015737, 48.21676811 ], [ 16.39959123, 48.21653001 ], [ 16.39957792, 48.21654575 ], [ 16.3994647, 48.21650346 ], [ 16.3995904, 48.21629996 ], [ 16.39987369, 48.21589044 ], [ 16.400093, 48.21564534 ], [ 16.4001118, 48.2156492 ], [ 16.40017795, 48.21567632 ], [ 16.40024665, 48.21567692 ], [ 16.40029287, 48.21567733 ], [ 16.40029247, 48.21568615 ], [ 16.40037293, 48.21567945 ], [ 16.40038611, 48.21568224 ], [ 16.40042166, 48.21568976 ], [ 16.4004623, 48.21569585 ], [ 16.40047159, 48.21569396 ], [ 16.40048678, 48.21568253 ], [ 16.40050502, 48.21566303 ], [ 16.40051581, 48.21565149 ], [ 16.4005327, 48.21565855 ], [ 16.40058582, 48.21568077 ], [ 16.40057574, 48.21569471 ], [ 16.4005954, 48.21570288 ], [ 16.40063423, 48.21570507 ], [ 16.40067118, 48.21572038 ], [ 16.40067573, 48.21572868 ], [ 16.40068291, 48.21574178 ], [ 16.40068012, 48.21576966 ], [ 16.4006636, 48.21579098 ], [ 16.40066517, 48.21579704 ], [ 16.40067022, 48.21581661 ], [ 16.40065683, 48.21586401 ], [ 16.40064138, 48.21588929 ], [ 16.40062284, 48.21591052 ], [ 16.40060604, 48.21592501 ], [ 16.40049821, 48.21600322 ], [ 16.40051411, 48.2160132 ], [ 16.40052702, 48.21601391 ], [ 16.40057766, 48.21604275 ], [ 16.40062453, 48.2160786 ], [ 16.40063922, 48.21609263 ], [ 16.40066347, 48.2161195 ], [ 16.40068302, 48.21614647 ], [ 16.40069893, 48.21617389 ], [ 16.40071513, 48.21621372 ], [ 16.40072162, 48.21624205 ], [ 16.40072421, 48.21626741 ], [ 16.40071589, 48.21628045 ], [ 16.40070135, 48.21628055 ], [ 16.40069491, 48.21629395 ], [ 16.40069146, 48.2163346 ], [ 16.40067432, 48.21639577 ], [ 16.40066708, 48.21642374 ], [ 16.40065392, 48.21644191 ], [ 16.40062408, 48.216469 ], [ 16.40060043, 48.21648736 ], [ 16.40057447, 48.21650752 ], [ 16.40052715, 48.21654046 ] ] ] } },
{ "type": "Feature", "properties": { "LEV1": "Baulandnutzung", "LEV2": "soziale Infrastruktur", "LEV3": "Bildung", "FLAECHE": 2037.49851083 }, "geometry": { "type": "Polygon", "coordinates": [ [ [ 16.40302458, 48.22330046 ], [ 16.40348054, 48.22357055 ], [ 16.40308904, 48.22387486 ], [ 16.40262576, 48.22360508 ], [ 16.40285943, 48.2234266 ], [ 16.40294914, 48.22335808 ], [ 16.40302458, 48.22330046 ] ] ] } },
{ "type": "Feature", "properties": { "LEV1": "Baulandnutzung", "LEV2": "soziale Infrastruktur", "LEV3": "Kultur, Freizeit, Messe", "FLAECHE": 659.67430001000002 }, "geometry": { "type": "Polygon", "coordinates": [ [ [ 16.43908542, 48.19240776 ], [ 16.43915197, 48.19246004 ], [ 16.43915585, 48.19258666 ], [ 16.43901048, 48.19266683 ], [ 16.43890432, 48.19265128 ], [ 16.43877297, 48.19254528 ], [ 16.43878718, 48.19245443 ], [ 16.43891443, 48.19238948 ], [ 16.43908542, 48.19240776 ] ] ] } },
{ "type": "Feature", "properties": { "LEV1": "Baulandnutzung", "LEV2": "soziale Infrastruktur", "LEV3": "Kultur, Freizeit, Messe", "FLAECHE": 9068.4185331699991 }, "geometry": { "type": "Polygon", "coordinates": [ [ [ 16.39650626, 48.21752605 ], [ 16.39644534, 48.21745144 ], [ 16.39645395, 48.21744766 ], [ 16.39645218, 48.21742967 ], [ 16.39645566, 48.21741141 ], [ 16.39646358, 48.21739882 ], [ 16.39647317, 48.21738907 ], [ 16.39646801, 48.21738488 ], [ 16.39648159, 48.21737651 ], [ 16.39650271, 48.21736714 ], [ 16.39652813, 48.21736011 ], [ 16.39654401, 48.21735768 ], [ 16.39656675, 48.21735632 ], [ 16.3965942, 48.21735801 ], [ 16.39658382, 48.21734129 ], [ 16.39679944, 48.21726653 ], [ 16.39679513, 48.21725547 ], [ 16.39679955, 48.21724621 ], [ 16.39680924, 48.21723946 ], [ 16.39711001, 48.21713552 ], [ 16.3971294, 48.21715007 ], [ 16.39732861, 48.21707964 ], [ 16.39733441, 48.21708485 ], [ 16.39744403, 48.21704792 ], [ 16.39749166, 48.21703756 ], [ 16.39748492, 48.21702956 ], [ 16.39771376, 48.21697844 ], [ 16.39771875, 48.21699094 ], [ 16.398027, 48.21695255 ], [ 16.39802698, 48.21693969 ], [ 16.39808888, 48.21693822 ], [ 16.39809011, 48.21694973 ], [ 16.39811837, 48.21694846 ], [ 16.39815235, 48.21694861 ], [ 16.39842505, 48.21695288 ], [ 16.39844042, 48.21719668 ], [ 16.39849952, 48.21743928 ], [ 16.39775038, 48.21744022 ], [ 16.39774614, 48.21772432 ], [ 16.3977557, 48.21772513 ], [ 16.39775642, 48.21777063 ], [ 16.39702949, 48.21777578 ], [ 16.39697351, 48.21777545 ], [ 16.39694453, 48.21777105 ], [ 16.39693695, 48.21777005 ], [ 16.39692027, 48.21778718 ], [ 16.39690853, 48.21779033 ], [ 16.39681016, 48.2177902 ], [ 16.39679898, 48.21778796 ], [ 16.3967901, 48.21778284 ], [ 16.39678565, 48.21777699 ], [ 16.39678457, 48.21777115 ], [ 16.39677663, 48.21777169 ], [ 16.39675349, 48.21777602 ], [ 16.39672442, 48.21777747 ], [ 16.39670127, 48.21777578 ], [ 16.39667381, 48.21777022 ], [ 16.39667432, 48.21774549 ], [ 16.39660316, 48.21765289 ], [ 16.39650626, 48.21752605 ] ] ] } },
{ "type": "Feature", "properties": { "LEV1": "Baulandnutzung", "LEV2": "soziale Infrastruktur", "LEV3": "Sporthalle, Hallenbad", "FLAECHE": 3928.6745563499999 }, "geometry": { "type": "Polygon", "coordinates": [ [ [ 16.37761039, 48.21453878 ], [ 16.3774897, 48.21439066 ], [ 16.37694584, 48.21459967 ], [ 16.37664278, 48.21426478 ], [ 16.37722111, 48.21405183 ], [ 16.37746634, 48.21395506 ], [ 16.37769437, 48.21391929 ], [ 16.37787552, 48.21443769 ], [ 16.37761039, 48.21453878 ] ] ] } },
{ "type": "Feature", "properties": { "LEV1": "Baulandnutzung", "LEV2": "soziale Infrastruktur", "LEV3": "Bildung", "FLAECHE": 5608.6933054299998 }, "geometry": { "type": "Polygon", "coordinates": [ [ [ 16.37594521, 48.22201987 ], [ 16.37540631, 48.2224123 ], [ 16.37493754, 48.22203219 ], [ 16.37515678, 48.22188745 ], [ 16.37484039, 48.22163819 ], [ 16.37469232, 48.22171058 ], [ 16.37445069, 48.22154588 ], [ 16.37463024, 48.22142418 ], [ 16.37471638, 48.2213658 ], [ 16.37481315, 48.2213002 ], [ 16.37506874, 48.22112695 ], [ 16.37528732, 48.2212459 ], [ 16.37507102, 48.22149915 ], [ 16.37594521, 48.22201987 ] ] ] } },
{ "type": "Feature", "properties": { "LEV1": "Baulandnutzung", "LEV2": "soziale Infrastruktur", "LEV3": "Kultur, Freizeit, Messe", "FLAECHE": 2433.6705750900001 }, "geometry": { "type": "Polygon", "coordinates": [ [ [ 16.38450949, 48.22512481 ], [ 16.38457367, 48.22510678 ], [ 16.38457513, 48.22510118 ], [ 16.38457903, 48.22509569 ], [ 16.38458481, 48.2250912 ], [ 16.38459221, 48.22508777 ], [ 16.38460365, 48.22508534 ], [ 16.38461563, 48.22508561 ], [ 16.38462929, 48.22508978 ], [ 16.38482285, 48.22503974 ], [ 16.38482594, 48.22503192 ], [ 16.3848328, 48.22502535 ], [ 16.38484518, 48.22501986 ], [ 16.38485688, 48.22501824 ], [ 16.38487156, 48.22502012 ], [ 16.38488165, 48.22502443 ], [ 16.38497397, 48.22500964 ], [ 16.38539504, 48.2249573 ], [ 16.38552015, 48.2251703 ], [ 16.38489403, 48.22544432 ], [ 16.38487447, 48.22544397 ], [ 16.38483468, 48.22544326 ], [ 16.38478155, 48.22542522 ], [ 16.38462324, 48.22530006 ], [ 16.38450949, 48.22512481 ] ] ] } },
{ "type": "Feature", "properties": { "LEV1": "Baulandnutzung", "LEV2": "soziale Infrastruktur", "LEV3": "Bildung", "FLAECHE": 5837.9718 }, "geometry": { "type": "Polygon", "coordinates": [ [ [ 16.40560366, 48.21475388 ], [ 16.40569369, 48.2148586 ], [ 16.40571676, 48.21489896 ], [ 16.40573528, 48.21496101 ], [ 16.40573937, 48.21500246 ], [ 16.40573524, 48.21503322 ], [ 16.40571953, 48.21506075 ], [ 16.40568378, 48.21509072 ], [ 16.40518127, 48.21535192 ], [ 16.40512245, 48.21533891 ], [ 16.40493437, 48.21517004 ], [ 16.40455465, 48.21487988 ], [ 16.40443667, 48.21479523 ], [ 16.4044526, 48.21473928 ], [ 16.40514874, 48.21437239 ], [ 16.40560366, 48.21475388 ] ] ] } },
{ "type": "Feature", "properties": { "LEV1": "Baulandnutzung", "LEV2": "soziale Infrastruktur", "LEV3": "Kultur, Freizeit, Messe", "FLAECHE": 2763.6238500200002 }, "geometry": { "type": "Polygon", "coordinates": [ [ [ 16.3986888, 48.21551328 ], [ 16.39816347, 48.21618905 ], [ 16.39771893, 48.21601428 ], [ 16.39834163, 48.21540735 ], [ 16.3986888, 48.21551328 ] ] ] } },
{ "type": "Feature", "properties": { "LEV1": "Baulandnutzung", "LEV2": "soziale Infrastruktur", "LEV3": "Kultur, Freizeit, Messe", "FLAECHE": 4868.8629300299999 }, "geometry": { "type": "Polygon", "coordinates": [ [ [ 16.4010558, 48.21661329 ], [ 16.40106833, 48.2166166 ], [ 16.40083467, 48.21710533 ], [ 16.4006873, 48.21751541 ], [ 16.40036531, 48.2174369 ], [ 16.40015448, 48.2173649 ], [ 16.40014575, 48.21735851 ], [ 16.40007843, 48.21723822 ], [ 16.40007916, 48.21706537 ], [ 16.40020457, 48.21684362 ], [ 16.40070464, 48.21654387 ], [ 16.40076909, 48.21653763 ], [ 16.4010558, 48.21661329 ] ] ] } },
{ "type": "Feature", "properties": { "LEV1": "Baulandnutzung", "LEV2": "soziale Infrastruktur", "LEV3": "Bildung", "FLAECHE": 2661.1316530700001 }, "geometry": { "type": "Polygon", "coordinates": [ [ [ 16.38495052, 48.22437693 ], [ 16.38414444, 48.22451667 ], [ 16.38398139, 48.22415701 ], [ 16.38479737, 48.22400013 ], [ 16.38483053, 48.22408172 ], [ 16.38495052, 48.22437693 ] ] ] } },
{ "type": "Feature", "properties": { "LEV1": "Baulandnutzung", "LEV2": "soziale Infrastruktur", "LEV3": "Bildung", "FLAECHE": 14054.099331089999 }, "geometry": { "type": "Polygon", "coordinates": [ [ [ 16.41259447, 48.19753381 ], [ 16.41256195, 48.1975582 ], [ 16.41216898, 48.19729739 ], [ 16.41195051, 48.19715139 ], [ 16.41159834, 48.19696393 ], [ 16.41224206, 48.19646241 ], [ 16.41290992, 48.19601113 ], [ 16.41386173, 48.19663067 ], [ 16.41259447, 48.19753381 ] ] ] } },
{ "type": "Feature", "properties": { "LEV1": "Baulandnutzung", "LEV2": "soziale Infrastruktur", "LEV3": "Kultur, Freizeit, Messe", "FLAECHE": 4797.2983226899996 }, "geometry": { "type": "Polygon", "coordinates": [ [ [ 16.39926724, 48.21645761 ], [ 16.39926348, 48.21646841 ], [ 16.39924666, 48.21646869 ], [ 16.39924246, 48.21644567 ], [ 16.39918506, 48.21644214 ], [ 16.39913749, 48.216437 ], [ 16.39913398, 48.21643179 ], [ 16.39895753, 48.21640418 ], [ 16.39893843, 48.21640671 ], [ 16.39861205, 48.21636354 ], [ 16.3983894, 48.21629127 ], [ 16.39841752, 48.21625456 ], [ 16.39842905, 48.21625797 ], [ 16.39866387, 48.21593779 ], [ 16.39867119, 48.21593352 ], [ 16.39870916, 48.21587947 ], [ 16.39869852, 48.21586986 ], [ 16.39869595, 48.21586006 ], [ 16.39869836, 48.21585223 ], [ 16.39870481, 48.21584503 ], [ 16.39871745, 48.21583891 ], [ 16.39872647, 48.21583711 ], [ 16.39873589, 48.21583701 ], [ 16.39876476, 48.21579104 ], [ 16.39874551, 48.21578521 ], [ 16.39877694, 48.21573914 ], [ 16.39880023, 48.21574615 ], [ 16.39879511, 48.21573608 ], [ 16.39879469, 48.21572295 ], [ 16.39880046, 48.21571161 ], [ 16.39881578, 48.21569946 ], [ 16.39883166, 48.21569388 ], [ 16.39884928, 48.21569189 ], [ 16.39886691, 48.21569386 ], [ 16.3988828, 48.21569943 ], [ 16.39889505, 48.21570814 ], [ 16.39890071, 48.21571515 ], [ 16.39899925, 48.21574568 ], [ 16.39903412, 48.21575915 ], [ 16.39904303, 48.21577387 ], [ 16.39964852, 48.21595891 ], [ 16.39966279, 48.21596816 ], [ 16.3995666, 48.21610698 ], [ 16.39951087, 48.21618741 ], [ 16.39942656, 48.2163434 ], [ 16.39941942, 48.21634161 ], [ 16.39941205, 48.21636508 ], [ 16.39939836, 48.21639045 ], [ 16.39938454, 48.2164066 ], [ 16.39937726, 48.2164125 ], [ 16.39939625, 48.21643155 ], [ 16.39938415, 48.2164392 ], [ 16.3993723, 48.21643246 ], [ 16.39926724, 48.21645761 ] ] ] } },
{ "type": "Feature", "properties": { "LEV1": "Baulandnutzung", "LEV2": "soziale Infrastruktur", "LEV3": "Kultur, Freizeit, Messe", "FLAECHE": 4134.6197499800001 }, "geometry": { "type": "Polygon", "coordinates": [ [ [ 16.39927265, 48.21506114 ], [ 16.39925489, 48.21506295 ], [ 16.39885884, 48.21481667 ], [ 16.39889505, 48.21471691 ], [ 16.39890289, 48.21470911 ], [ 16.39891441, 48.21469765 ], [ 16.39941411, 48.21443397 ], [ 16.39973872, 48.21425626 ], [ 16.40014984, 48.21461487 ], [ 16.39990508, 48.21472085 ], [ 16.39957883, 48.21488678 ], [ 16.39929458, 48.21505313 ], [ 16.39928569, 48.21505304 ], [ 16.39927265, 48.21506114 ] ] ] } },
{ "type": "Feature", "properties": { "LEV1": "Baulandnutzung", "LEV2": "soziale Infrastruktur", "LEV3": "Kultur, Freizeit, Messe", "FLAECHE": 6105.6085055699996 }, "geometry": { "type": "Polygon", "coordinates": [ [ [ 16.38017842, 48.21450218 ], [ 16.38104096, 48.21448882 ], [ 16.38107947, 48.21448768 ], [ 16.38108544, 48.21474454 ], [ 16.38104391, 48.21474414 ], [ 16.38103369, 48.21511272 ], [ 16.38138425, 48.21511259 ], [ 16.38141006, 48.21546472 ], [ 16.3812191, 48.21546479 ], [ 16.38123965, 48.21533354 ], [ 16.38038684, 48.21531871 ], [ 16.38024345, 48.21475696 ], [ 16.38019513, 48.21456764 ], [ 16.38017842, 48.21450218 ] ] ] } },
{ "type": "Feature", "properties": { "LEV1": "Baulandnutzung", "LEV2": "soziale Infrastruktur", "LEV3": "Bildung", "FLAECHE": 2989.4314333399998 }, "geometry": { "type": "Polygon", "coordinates": [ [ [ 16.38737619, 48.21797754 ], [ 16.38638359, 48.21823333 ], [ 16.38615719, 48.21792568 ], [ 16.38703452, 48.21767664 ], [ 16.38728163, 48.21786147 ], [ 16.38737619, 48.21797754 ] ] ] } },
{ "type": "Feature", "properties": { "LEV1": "Baulandnutzung", "LEV2": "soziale Infrastruktur", "LEV3": "Bildung", "FLAECHE": 6291.8279246499997 }, "geometry": { "type": "Polygon", "coordinates": [ [ [ 16.40085993, 48.20575399 ], [ 16.40047428, 48.20613624 ], [ 16.40045958, 48.206135 ], [ 16.39911139, 48.20602143 ], [ 16.39918618, 48.20578963 ], [ 16.39940302, 48.20543527 ], [ 16.39943719, 48.20539697 ], [ 16.39991309, 48.20557268 ], [ 16.40085993, 48.20575399 ] ] ] } },
{ "type": "Feature", "properties": { "LEV1": "Baulandnutzung", "LEV2": "soziale Infrastruktur", "LEV3": "Sporthalle, Hallenbad", "FLAECHE": 9178.7330877200002 }, "geometry": { "type": "Polygon", "coordinates": [ [ [ 16.42834692, 48.20750667 ], [ 16.42685115, 48.20855804 ], [ 16.42625549, 48.2081856 ], [ 16.42677718, 48.20781474 ], [ 16.42700034, 48.20792277 ], [ 16.42756721, 48.20750076 ], [ 16.42718843, 48.20729028 ], [ 16.42757688, 48.20703704 ], [ 16.42772625, 48.20715018 ], [ 16.42834692, 48.20750667 ] ] ] } },
{ "type": "Feature", "properties": { "LEV1": "Baulandnutzung", "LEV2": "soziale Infrastruktur", "LEV3": "Kultur, Freizeit, Messe", "FLAECHE": 6323.2478089899996 }, "geometry": { "type": "Polygon", "coordinates": [ [ [ 16.40149747, 48.21598728 ], [ 16.40148591, 48.21598275 ], [ 16.40093697, 48.21573894 ], [ 16.40090723, 48.21574012 ], [ 16.40088999, 48.21573168 ], [ 16.40088337, 48.21571055 ], [ 16.4009061, 48.2156957 ], [ 16.40108038, 48.21550089 ], [ 16.40115135, 48.21543475 ], [ 16.40130539, 48.21530849 ], [ 16.4013722, 48.21524991 ], [ 16.40174045, 48.21500257 ], [ 16.40180528, 48.21499645 ], [ 16.40195814, 48.21497717 ], [ 16.4024264, 48.21527727 ], [ 16.40218844, 48.21544325 ], [ 16.40191377, 48.2156382 ], [ 16.40192253, 48.21564332 ], [ 16.40149747, 48.21598728 ] ] ] } },
{ "type": "Feature", "properties": { "LEV1": "Baulandnutzung", "LEV2": "soziale Infrastruktur", "LEV3": "Gesundheit, Einsatzorganisation", "FLAECHE": 4007.4051972900002 }, "geometry": { "type": "Polygon", "coordinates": [ [ [ 16.40604475, 48.21713618 ], [ 16.40618111, 48.21754808 ], [ 16.40578878, 48.21769824 ], [ 16.40570273, 48.21769829 ], [ 16.40552435, 48.2176984 ], [ 16.40552027, 48.2176716 ], [ 16.4054682, 48.21767703 ], [ 16.40510971, 48.21767589 ], [ 16.40509935, 48.21721633 ], [ 16.40560079, 48.2172066 ], [ 16.40596642, 48.21715046 ], [ 16.40604475, 48.21713618 ] ] ] } },
{ "type": "Feature", "properties": { "LEV1": "Baulandnutzung", "LEV2": "soziale Infrastruktur", "LEV3": "Bildung", "FLAECHE": 1509.15609567 }, "geometry": { "type": "Polygon", "coordinates": [ [ [ 16.39565422, 48.22849799 ], [ 16.39537945, 48.22873041 ], [ 16.39489384, 48.22846954 ], [ 16.39516922, 48.22824197 ], [ 16.39528002, 48.22830025 ], [ 16.39548053, 48.22840664 ], [ 16.39565422, 48.22849799 ] ] ] } },
{ "type": "Feature", "properties": { "LEV1": "Baulandnutzung", "LEV2": "soziale Infrastruktur", "LEV3": "Bildung", "FLAECHE": 4373.2218246700004 }, "geometry": { "type": "Polygon", "coordinates": [ [ [ 16.40711432, 48.2227277 ], [ 16.40699969, 48.22281526 ], [ 16.40632663, 48.22330498 ], [ 16.40595, 48.22307538 ], [ 16.40582719, 48.22300051 ], [ 16.40649082, 48.22251542 ], [ 16.40661706, 48.22242314 ], [ 16.40711432, 48.2227277 ] ] ] } },
{ "type": "Feature", "properties": { "LEV1": "Baulandnutzung", "LEV2": "soziale Infrastruktur", "LEV3": "Kultur, Freizeit, Messe", "FLAECHE": 11399.55290293 }, "geometry": { "type": "Polygon", "coordinates": [ [ [ 16.43439128, 48.20549982 ], [ 16.4330392, 48.20644228 ], [ 16.43282571, 48.20659553 ], [ 16.43250083, 48.20640029 ], [ 16.43212289, 48.20667562 ], [ 16.43183729, 48.20647513 ], [ 16.43289419, 48.20573635 ], [ 16.43293754, 48.20575286 ], [ 16.43361535, 48.20528926 ], [ 16.43384328, 48.20513336 ], [ 16.43418344, 48.20536083 ], [ 16.43439128, 48.20549982 ] ] ] } },
{ "type": "Feature", "properties": { "LEV1": "Baulandnutzung", "LEV2": "soziale Infrastruktur", "LEV3": "Kultur, Freizeit, Messe", "FLAECHE": 8713.1448277599993 }, "geometry": { "type": "Polygon", "coordinates": [ [ [ 16.37991372, 48.22059638 ], [ 16.3798905, 48.22060955 ], [ 16.38001867, 48.22097744 ], [ 16.37862037, 48.22139645 ], [ 16.37840532, 48.22148523 ], [ 16.37820787, 48.22127738 ], [ 16.37825286, 48.22123826 ], [ 16.3784814, 48.2210633 ], [ 16.37918468, 48.2205579 ], [ 16.37971613, 48.22000887 ], [ 16.37991372, 48.22059638 ] ] ] } },
{ "type": "Feature", "properties": { "LEV1": "Baulandnutzung", "LEV2": "soziale Infrastruktur", "LEV3": "Kultur, Freizeit, Messe", "FLAECHE": 2204.5880499700002 }, "geometry": { "type": "Polygon", "coordinates": [ [ [ 16.39903048, 48.214986 ], [ 16.39910411, 48.215008 ], [ 16.39923595, 48.21508976 ], [ 16.39921726, 48.21510263 ], [ 16.39875226, 48.21546918 ], [ 16.39838531, 48.2153629 ], [ 16.39873982, 48.21487195 ], [ 16.39882149, 48.21485868 ], [ 16.39903048, 48.214986 ] ] ] } },
{ "type": "Feature", "properties": { "LEV1": "Baulandnutzung", "LEV2": "soziale Infrastruktur", "LEV3": "Bildung", "FLAECHE": 3341.2470855299998 }, "geometry": { "type": "Polygon", "coordinates": [ [ [ 16.40301789, 48.21887714 ], [ 16.403462, 48.21887539 ], [ 16.40346222, 48.21888439 ], [ 16.40347864, 48.21941477 ], [ 16.40347551, 48.21942334 ], [ 16.40262426, 48.21942736 ], [ 16.4026237, 48.21902784 ], [ 16.40301806, 48.2190313 ], [ 16.40301789, 48.21887714 ] ] ] } },
{ "type": "Feature", "properties": { "LEV1": "Baulandnutzung", "LEV2": "soziale Infrastruktur", "LEV3": "Bildung", "FLAECHE": 3013.6868464300001 }, "geometry": { "type": "Polygon", "coordinates": [ [ [ 16.40505454, 48.22042601 ], [ 16.40478182, 48.22063701 ], [ 16.40471576, 48.22065063 ], [ 16.40397543, 48.22052939 ], [ 16.40395101, 48.22048345 ], [ 16.4045276, 48.22003766 ], [ 16.40483105, 48.22021585 ], [ 16.40477042, 48.2202617 ], [ 16.40505454, 48.22042601 ] ] ] } },
{ "type": "Feature", "properties": { "LEV1": "Baulandnutzung", "LEV2": "soziale Infrastruktur", "LEV3": "Bildung", "FLAECHE": 14656.812550029999 }, "geometry": { "type": "Polygon", "coordinates": [ [ [ 16.39708872, 48.22504684 ], [ 16.39549191, 48.2263981 ], [ 16.39467862, 48.22597233 ], [ 16.39629091, 48.2246191 ], [ 16.39708872, 48.22504684 ] ] ] } },
{ "type": "Feature", "properties": { "LEV1": "Baulandnutzung", "LEV2": "soziale Infrastruktur", "LEV3": "Kultur, Freizeit, Messe", "FLAECHE": 14501.876058379999 }, "geometry": { "type": "Polygon", "coordinates": [ [ [ 16.39556689, 48.21751988 ], [ 16.39554799, 48.21752223 ], [ 16.39555111, 48.21754966 ], [ 16.39548841, 48.21755239 ], [ 16.39548353, 48.21752442 ], [ 16.39547729, 48.21748396 ], [ 16.39548225, 48.21746237 ], [ 16.39549407, 48.21744429 ], [ 16.39550805, 48.21743223 ], [ 16.39553078, 48.21741801 ], [ 16.395515, 48.21726963 ], [ 16.39532719, 48.21725067 ], [ 16.39531212, 48.21724793 ], [ 16.39530054, 48.21724488 ], [ 16.39529327, 48.2172421 ], [ 16.39528466, 48.21723769 ], [ 16.39528156, 48.21723302 ], [ 16.39526544, 48.21719935 ], [ 16.3952659, 48.21719283 ], [ 16.39527356, 48.21718104 ], [ 16.39528216, 48.21717348 ], [ 16.39529346, 48.21716673 ], [ 16.39562306, 48.21704573 ], [ 16.39572761, 48.21701022 ], [ 16.3956818, 48.21698491 ], [ 16.39566835, 48.21698986 ], [ 16.39549073, 48.21687898 ], [ 16.39539243, 48.21682633 ], [ 16.3952827, 48.21677764 ], [ 16.3950152, 48.21667301 ], [ 16.39502541, 48.21665717 ], [ 16.39497894, 48.21661961 ], [ 16.39487691, 48.2165952 ], [ 16.39478317, 48.21652708 ], [ 16.39472727, 48.21647584 ], [ 16.39466799, 48.21641157 ], [ 16.39452704, 48.21617294 ], [ 16.39452083, 48.21616485 ], [ 16.3945027, 48.21614123 ], [ 16.39521695, 48.21576648 ], [ 16.39574345, 48.21549155 ], [ 16.39579846, 48.21547426 ], [ 16.3958589, 48.21549122 ], [ 16.39603119, 48.2156744 ], [ 16.39607957, 48.21576253 ], [ 16.39614371, 48.21602818 ], [ 16.39617242, 48.21621757 ], [ 16.39601082, 48.21622541 ], [ 16.39611774, 48.21680872 ], [ 16.39626775, 48.21682208 ], [ 16.39628596, 48.21686133 ], [ 16.39627435, 48.21691472 ], [ 16.39625556, 48.21695565 ], [ 16.39624213, 48.21697544 ], [ 16.39622936, 48.21699155 ], [ 16.39621525, 48.21700334 ], [ 16.39619561, 48.21701639 ], [ 16.39618512, 48.21702152 ], [ 16.39616199, 48.21702801 ], [ 16.3961422, 48.21702649 ], [ 16.3961329, 48.21701597 ], [ 16.39612076, 48.21698648 ], [ 16.39594827, 48.21700806 ], [ 16.39598754, 48.21710436 ], [ 16.39592209, 48.21711955 ], [ 16.39590413, 48.21712599 ], [ 16.39587683, 48.21713373 ], [ 16.39585477, 48.21714148 ], [ 16.39582733, 48.21715274 ], [ 16.39580406, 48.2171657 ], [ 16.39577959, 48.21718181 ], [ 16.39575552, 48.21720224 ], [ 16.39574249, 48.217216 ], [ 16.39572945, 48.2172322 ], [ 16.39571736, 48.21725091 ], [ 16.3957077, 48.21727034 ], [ 16.39565389, 48.21728638 ], [ 16.39566287, 48.21737181 ], [ 16.39570539, 48.21736999 ], [ 16.39575088, 48.21737437 ], [ 16.3957669, 48.21737742 ], [ 16.39577821, 48.21738362 ], [ 16.39578804, 48.2173918 ], [ 16.39579041, 48.21740286 ], [ 16.39578227, 48.21740259 ], [ 16.39576988, 48.21740026 ], [ 16.39574364, 48.21739713 ], [ 16.39572534, 48.21740019 ], [ 16.39570839, 48.21740632 ], [ 16.39570948, 48.21741342 ], [ 16.39568257, 48.21741532 ], [ 16.39565553, 48.2174219 ], [ 16.39563817, 48.21742767 ], [ 16.39562069, 48.21743631 ], [ 16.39560281, 48.21744801 ], [ 16.39559259, 48.21745728 ], [ 16.3955852, 48.21746529 ], [ 16.39557687, 48.21747869 ], [ 16.3955715, 48.21749173 ], [ 16.39556923, 48.21750235 ], [ 16.39556689, 48.21751988 ] ] ] } },
{ "type": "Feature", "properties": { "LEV1": "Baulandnutzung", "LEV2": "soziale Infrastruktur", "LEV3": "Bildung", "FLAECHE": 12501.77370311 }, "geometry": { "type": "Polygon", "coordinates": [ [ [ 16.40027928, 48.20633046 ], [ 16.40029249, 48.20633302 ], [ 16.39992241, 48.20679215 ], [ 16.39940574, 48.20763726 ], [ 16.39918969, 48.20799063 ], [ 16.39917633, 48.20798908 ], [ 16.39864538, 48.20792717 ], [ 16.39877526, 48.20738544 ], [ 16.39905446, 48.20622075 ], [ 16.40027928, 48.20633046 ] ] ] } },
{ "type": "Feature", "properties": { "LEV1": "Baulandnutzung", "LEV2": "soziale Infrastruktur", "LEV3": "Bildung", "FLAECHE": 9446.5913398800003 }, "geometry": { "type": "Polygon", "coordinates": [ [ [ 16.44362505, 48.1966215 ], [ 16.44334166, 48.19680651 ], [ 16.44312431, 48.19694841 ], [ 16.44292706, 48.19708434 ], [ 16.44279913, 48.19718141 ], [ 16.44278974, 48.19719293 ], [ 16.44274071, 48.19716074 ], [ 16.44256993, 48.19704865 ], [ 16.44252918, 48.19702711 ], [ 16.44251977, 48.197032 ], [ 16.44230162, 48.19714535 ], [ 16.44228609, 48.19714218 ], [ 16.44216288, 48.19711703 ], [ 16.44187664, 48.1970586 ], [ 16.44188917, 48.19703099 ], [ 16.44201952, 48.19674382 ], [ 16.44211272, 48.19653849 ], [ 16.44285598, 48.19598858 ], [ 16.44287455, 48.1959785 ], [ 16.44296934, 48.19606045 ], [ 16.44348644, 48.19650744 ], [ 16.44362505, 48.1966215 ] ] ] } },
{ "type": "Feature", "properties": { "LEV1": "Baulandnutzung", "LEV2": "soziale Infrastruktur", "LEV3": "Kultur, Freizeit, Messe", "FLAECHE": 6196.4685889800003 }, "geometry": { "type": "Polygon", "coordinates": [ [ [ 16.4025137, 48.21515204 ], [ 16.40198777, 48.21486114 ], [ 16.40195002, 48.21483922 ], [ 16.40182054, 48.21470601 ], [ 16.40174113, 48.21458555 ], [ 16.40165764, 48.21440391 ], [ 16.40165624, 48.21439081 ], [ 16.40169673, 48.21438422 ], [ 16.40198761, 48.21434781 ], [ 16.40236179, 48.21432304 ], [ 16.40236967, 48.21428077 ], [ 16.40257829, 48.21431698 ], [ 16.40256319, 48.21439784 ], [ 16.40256847, 48.2144223 ], [ 16.40258506, 48.21445817 ], [ 16.40259799, 48.21446608 ], [ 16.40262881, 48.21446876 ], [ 16.40268465, 48.21446279 ], [ 16.40271547, 48.2144697 ], [ 16.40272705, 48.214475 ], [ 16.40275177, 48.21455034 ], [ 16.40285523, 48.21453284 ], [ 16.40285697, 48.2145278 ], [ 16.40287203, 48.21452392 ], [ 16.40287406, 48.21453166 ], [ 16.40290353, 48.21452948 ], [ 16.40291038, 48.21452255 ], [ 16.40292573, 48.2145274 ], [ 16.40306727, 48.21441257 ], [ 16.40311681, 48.21442486 ], [ 16.40315329, 48.21443567 ], [ 16.40316076, 48.21443855 ], [ 16.40319596, 48.21445103 ], [ 16.40320451, 48.21445269 ], [ 16.40321562, 48.21445762 ], [ 16.40322409, 48.21445443 ], [ 16.40332317, 48.21448913 ], [ 16.40332723, 48.21450298 ], [ 16.40329577, 48.21452979 ], [ 16.40327236, 48.21453134 ], [ 16.4025137, 48.21515204 ] ] ] } },
{ "type": "Feature", "properties": { "LEV1": "Baulandnutzung", "LEV2": "soziale Infrastruktur", "LEV3": "Kultur, Freizeit, Messe", "FLAECHE": 4875.4872959300001 }, "geometry": { "type": "Polygon", "coordinates": [ [ [ 16.45030228, 48.19489813 ], [ 16.44999572, 48.19512018 ], [ 16.44972554, 48.19530135 ], [ 16.44898385, 48.19481588 ], [ 16.44957953, 48.19440096 ], [ 16.45030228, 48.19489813 ] ] ] } },
{ "type": "Feature", "properties": { "LEV1": "Baulandnutzung", "LEV2": "soziale Infrastruktur", "LEV3": "Kultur, Freizeit, Messe", "FLAECHE": 18269.140328869998 }, "geometry": { "type": "Polygon", "coordinates": [ [ [ 16.44219756, 48.19278727 ], [ 16.44208525, 48.19327033 ], [ 16.44082213, 48.19399981 ], [ 16.4395635, 48.19290691 ], [ 16.43949491, 48.19284015 ], [ 16.43963843, 48.19271232 ], [ 16.43968526, 48.19259069 ], [ 16.43979584, 48.19259643 ], [ 16.44024016, 48.19262418 ], [ 16.44219756, 48.19278727 ] ] ] } },
{ "type": "Feature", "properties": { "LEV1": "Baulandnutzung", "LEV2": "soziale Infrastruktur", "LEV3": "Kultur, Freizeit, Messe", "FLAECHE": 2152.09299852 }, "geometry": { "type": "Polygon", "coordinates": [ [ [ 16.39684616, 48.21705499 ], [ 16.39682692, 48.21706156 ], [ 16.39675536, 48.21708075 ], [ 16.39674019, 48.21711799 ], [ 16.39650883, 48.21720022 ], [ 16.3964348, 48.21718569 ], [ 16.39638356, 48.21711103 ], [ 16.39631944, 48.21703926 ], [ 16.39634576, 48.21698798 ], [ 16.39646064, 48.21695231 ], [ 16.39657268, 48.216908 ], [ 16.39656863, 48.21690189 ], [ 16.39662688, 48.21688063 ], [ 16.39665316, 48.21691264 ], [ 16.39667239, 48.21690579 ], [ 16.39669444, 48.2168922 ], [ 16.39671704, 48.21688436 ], [ 16.39674583, 48.2168794 ], [ 16.3967722, 48.21687003 ], [ 16.39675185, 48.21684873 ], [ 16.39684963, 48.21680497 ], [ 16.39682175, 48.21678017 ], [ 16.39701167, 48.2165966 ], [ 16.39706472, 48.21662095 ], [ 16.39707264, 48.21660763 ], [ 16.39740083, 48.21681889 ], [ 16.39716307, 48.2169451 ], [ 16.39715095, 48.21693468 ], [ 16.39701672, 48.21699738 ], [ 16.39691867, 48.21703417 ], [ 16.39688731, 48.21703284 ], [ 16.39684616, 48.21705499 ] ] ] } },
{ "type": "Feature", "properties": { "LEV1": "Baulandnutzung", "LEV2": "soziale Infrastruktur", "LEV3": "Bildung", "FLAECHE": 6390.4360366299998 }, "geometry": { "type": "Polygon", "coordinates": [ [ [ 16.42893336, 48.20612368 ], [ 16.42833822, 48.20654533 ], [ 16.42787658, 48.20626141 ], [ 16.42795302, 48.2061557 ], [ 16.42708072, 48.20576583 ], [ 16.42759825, 48.20566703 ], [ 16.42812759, 48.20562111 ], [ 16.42817583, 48.20565097 ], [ 16.42893336, 48.20612368 ] ] ] } },
{ "type": "Feature", "properties": { "LEV1": "Baulandnutzung", "LEV2": "soziale Infrastruktur", "LEV3": "Gesundheit, Einsatzorganisation", "FLAECHE": 6958.9949050100004 }, "geometry": { "type": "Polygon", "coordinates": [ [ [ 16.4092821, 48.21848387 ], [ 16.4097866, 48.21810178 ], [ 16.40979265, 48.2180972 ], [ 16.40984159, 48.21806794 ], [ 16.40986769, 48.21806387 ], [ 16.40989272, 48.21806278 ], [ 16.40990524, 48.21806691 ], [ 16.41094033, 48.21869468 ], [ 16.41034459, 48.21912032 ], [ 16.40954318, 48.21864025 ], [ 16.40952026, 48.21862653 ], [ 16.4092821, 48.21848387 ] ] ] } },
{ "type": "Feature", "properties": { "LEV1": "Baulandnutzung", "LEV2": "soziale Infrastruktur", "LEV3": "Bildung", "FLAECHE": 6557.8465243399996 }, "geometry": { "type": "Polygon", "coordinates": [ [ [ 16.37828483, 48.21587409 ], [ 16.37763101, 48.21603536 ], [ 16.37751168, 48.2157846 ], [ 16.37723845, 48.21553626 ], [ 16.3772695, 48.21549072 ], [ 16.37732756, 48.21541876 ], [ 16.37728506, 48.21538898 ], [ 16.37716428, 48.2153019 ], [ 16.37711524, 48.21525639 ], [ 16.37743088, 48.21514278 ], [ 16.37746722, 48.2151232 ], [ 16.37730049, 48.21499049 ], [ 16.3774927, 48.21492475 ], [ 16.37760384, 48.21499895 ], [ 16.3777576, 48.21494749 ], [ 16.37789441, 48.2150588 ], [ 16.37801628, 48.21519439 ], [ 16.37805259, 48.21518295 ], [ 16.37830696, 48.21538416 ], [ 16.37816603, 48.21545845 ], [ 16.37832206, 48.21556833 ], [ 16.37814997, 48.21565523 ], [ 16.37824501, 48.21572981 ], [ 16.37828483, 48.21587409 ] ] ] } },
{ "type": "Feature", "properties": { "LEV1": "Baulandnutzung", "LEV2": "soziale Infrastruktur", "LEV3": "Kultur, Freizeit, Messe", "FLAECHE": 1749.76552502 }, "geometry": { "type": "Polygon", "coordinates": [ [ [ 16.40008762, 48.21683883 ], [ 16.39997389, 48.21703396 ], [ 16.39994691, 48.21719684 ], [ 16.39988303, 48.21723132 ], [ 16.3995956, 48.21710149 ], [ 16.3995876, 48.21709812 ], [ 16.39937774, 48.21702206 ], [ 16.3997031, 48.21668004 ], [ 16.40008762, 48.21683883 ] ] ] } },
{ "type": "Feature", "properties": { "LEV1": "Baulandnutzung", "LEV2": "soziale Infrastruktur", "LEV3": "Bildung", "FLAECHE": 4615.0573249 }, "geometry": { "type": "Polygon", "coordinates": [ [ [ 16.39606722, 48.21812605 ], [ 16.39691523, 48.21811219 ], [ 16.39690892, 48.21880575 ], [ 16.39687812, 48.21888668 ], [ 16.39682033, 48.21888375 ], [ 16.39654894, 48.21883218 ], [ 16.39614342, 48.21875539 ], [ 16.3961679, 48.21839958 ], [ 16.39605193, 48.21831252 ], [ 16.39605339, 48.21817874 ], [ 16.39606722, 48.21812605 ] ] ] } },
{ "type": "Feature", "properties": { "LEV1": "Baulandnutzung", "LEV2": "soziale Infrastruktur", "LEV3": "Bildung", "FLAECHE": 6314.6167585399999 }, "geometry": { "type": "Polygon", "coordinates": [ [ [ 16.39857136, 48.21076004 ], [ 16.39857414, 48.21085342 ], [ 16.39860018, 48.21097343 ], [ 16.39871107, 48.21148431 ], [ 16.39874214, 48.21158115 ], [ 16.39864834, 48.21167941 ], [ 16.39750032, 48.21133694 ], [ 16.3976454, 48.21091593 ], [ 16.39779655, 48.21095465 ], [ 16.3978082, 48.21093999 ], [ 16.39791542, 48.21080501 ], [ 16.39794648, 48.2107659 ], [ 16.39801255, 48.21076496 ], [ 16.39812382, 48.21076391 ], [ 16.39820924, 48.2107629 ], [ 16.3982846, 48.21076203 ], [ 16.39857136, 48.21076004 ] ] ] } },
{ "type": "Feature", "properties": { "LEV1": "Baulandnutzung", "LEV2": "soziale Infrastruktur", "LEV3": "Bildung", "FLAECHE": 5106.7382000099997 }, "geometry": { "type": "Polygon", "coordinates": [ [ [ 16.39725429, 48.21297717 ], [ 16.39661187, 48.21270833 ], [ 16.3963049, 48.21302734 ], [ 16.39599676, 48.21289454 ], [ 16.39664158, 48.21222421 ], [ 16.39760757, 48.21262801 ], [ 16.3976188, 48.21263297 ], [ 16.39725429, 48.21297717 ] ] ] } },
{ "type": "Feature", "properties": { "LEV1": "Verkehr", "LEV2": "weitere verkehrliche Nutzungen", "LEV3": "Bahnhof, Bahnanlage", "FLAECHE": 1236.20353694 }, "geometry": { "type": "Polygon", "coordinates": [ [ [ 16.48021711, 48.17191792 ], [ 16.48009417, 48.17194407 ], [ 16.47990377, 48.17157834 ], [ 16.47982528, 48.17141902 ], [ 16.47981176, 48.1713925 ], [ 16.4797539, 48.17129045 ], [ 16.47952238, 48.17084572 ], [ 16.47964231, 48.17079638 ], [ 16.47988765, 48.17128917 ], [ 16.47992258, 48.17135774 ], [ 16.47993786, 48.17138668 ], [ 16.48001021, 48.17153786 ], [ 16.48021711, 48.17191792 ] ] ] } },
{ "type": "Feature", "properties": { "LEV1": "Verkehr", "LEV2": "weitere verkehrliche Nutzungen", "LEV3": "Bahnhof, Bahnanlage", "FLAECHE": 5403.0314282299996 }, "geometry": { "type": "Polygon", "coordinates": [ [ [ 16.41579035, 48.21794679 ], [ 16.41306566, 48.21998039 ], [ 16.41295707, 48.21991465 ], [ 16.41288476, 48.21987088 ], [ 16.4141806, 48.21890855 ], [ 16.41561834, 48.21783908 ], [ 16.41569573, 48.21788856 ], [ 16.41579035, 48.21794679 ] ] ] } },
{ "type": "Feature", "properties": { "LEV1": "Verkehr", "LEV2": "weitere verkehrliche Nutzungen", "LEV3": "Bahnhof, Bahnanlage", "FLAECHE": 1779.7700014500001 }, "geometry": { "type": "Polygon", "coordinates": [ [ [ 16.39125777, 48.23105825 ], [ 16.39130117, 48.23116676 ], [ 16.39141151, 48.23143522 ], [ 16.39153136, 48.23166211 ], [ 16.39167862, 48.23184484 ], [ 16.39083255, 48.23140366 ], [ 16.3911159, 48.23116073 ], [ 16.39113759, 48.23117196 ], [ 16.39124073, 48.23108513 ], [ 16.39123333, 48.23108144 ], [ 16.39124677, 48.23106777 ], [ 16.39125777, 48.23105825 ] ] ] } },
{ "type": "Feature", "properties": { "LEV1": "Verkehr", "LEV2": "weitere verkehrliche Nutzungen", "LEV3": "Parkplatz, Parkhaus", "FLAECHE": 7791.02573416 }, "geometry": { "type": "Polygon", "coordinates": [ [ [ 16.39279141, 48.22971081 ], [ 16.39257904, 48.22989186 ], [ 16.39194641, 48.23043231 ], [ 16.39189208, 48.23047869 ], [ 16.39185697, 48.23050993 ], [ 16.39124877, 48.23019036 ], [ 16.39128939, 48.22994796 ], [ 16.39193453, 48.22943035 ], [ 16.39206274, 48.22932748 ], [ 16.3926826, 48.22965357 ], [ 16.39276056, 48.22969558 ], [ 16.39279141, 48.22971081 ] ] ] } },
{ "type": "Feature", "properties": { "LEV1": "Verkehr", "LEV2": "weitere verkehrliche Nutzungen", "LEV3": "Parkplatz, Parkhaus", "FLAECHE": 3877.2721110799998 }, "geometry": { "type": "Polygon", "coordinates": [ [ [ 16.43155965, 48.20453209 ], [ 16.43164, 48.20455317 ], [ 16.43168352, 48.20457708 ], [ 16.43164008, 48.20460938 ], [ 16.43204029, 48.20488091 ], [ 16.43143353, 48.20531228 ], [ 16.43136588, 48.20533142 ], [ 16.43092065, 48.20505282 ], [ 16.43122611, 48.20482896 ], [ 16.43121216, 48.20479749 ], [ 16.43120537, 48.20474478 ], [ 16.43121614, 48.20469912 ], [ 16.43123728, 48.20466223 ], [ 16.43125503, 48.2046466 ], [ 16.43131173, 48.20459665 ], [ 16.43133744, 48.20458005 ], [ 16.43136608, 48.20456157 ], [ 16.43137755, 48.20455832 ], [ 16.43147401, 48.204531 ], [ 16.43155965, 48.20453209 ] ] ] } },
{ "type": "Feature", "properties": { "LEV1": "Verkehr", "LEV2": "weitere verkehrliche Nutzungen", "LEV3": "Bahnhof, Bahnanlage", "FLAECHE": 5312.1715360400003 }, "geometry": { "type": "Polygon", "coordinates": [ [ [ 16.39663886, 48.23287421 ], [ 16.39638437, 48.23303748 ], [ 16.39597978, 48.2333144 ], [ 16.39574925, 48.23347219 ], [ 16.39467125, 48.23436696 ], [ 16.39457675, 48.23444658 ], [ 16.39450423, 48.23440856 ], [ 16.39442714, 48.23436821 ], [ 16.39435891, 48.23433235 ], [ 16.3943987, 48.23429728 ], [ 16.39630914, 48.23269974 ], [ 16.39663886, 48.23287421 ] ] ] } },
{ "type": "Feature", "properties": { "LEV1": "Verkehr", "LEV2": "weitere verkehrliche Nutzungen", "LEV3": "Bahnhof, Bahnanlage", "FLAECHE": 23766.333179779998 }, "geometry": { "type": "Polygon", "coordinates": [ [ [ 16.41276908, 48.21530421 ], [ 16.41243184, 48.21547243 ], [ 16.41201519, 48.21571552 ], [ 16.411549, 48.2160385 ], [ 16.41103444, 48.21642069 ], [ 16.41058156, 48.21674735 ], [ 16.41005086, 48.21704887 ], [ 16.41002168, 48.21706271 ], [ 16.40977465, 48.2171799 ], [ 16.40943963, 48.21731456 ], [ 16.40898904, 48.21746729 ], [ 16.40788609, 48.21773894 ], [ 16.40784702, 48.21760704 ], [ 16.40818982, 48.21755206 ], [ 16.40856785, 48.21746935 ], [ 16.40897288, 48.21735974 ], [ 16.40936698, 48.21723034 ], [ 16.40968612, 48.21709749 ], [ 16.41001047, 48.21693954 ], [ 16.41048214, 48.21666854 ], [ 16.41070193, 48.21651776 ], [ 16.41193187, 48.21560442 ], [ 16.41238759, 48.21530473 ], [ 16.41261534, 48.21517184 ], [ 16.41294771, 48.21498699 ], [ 16.41471972, 48.21408647 ], [ 16.41493782, 48.21398065 ], [ 16.41543467, 48.21375548 ], [ 16.41584049, 48.21358019 ], [ 16.41629686, 48.21336988 ], [ 16.4166881, 48.21316573 ], [ 16.41698332, 48.21299048 ], [ 16.41702162, 48.21296774 ], [ 16.4172703, 48.21280631 ], [ 16.41748829, 48.212645 ], [ 16.41758775, 48.21256966 ], [ 16.41781162, 48.21238487 ], [ 16.41821069, 48.21203637 ], [ 16.41858559, 48.2117154 ], [ 16.41887904, 48.21146122 ], [ 16.41918906, 48.21121494 ], [ 16.41953484, 48.21095938 ], [ 16.42039511, 48.21035243 ], [ 16.42060448, 48.21020183 ], [ 16.42061363, 48.21019524 ], [ 16.42078109, 48.21008019 ], [ 16.42092108, 48.20996729 ], [ 16.42115515, 48.21024647 ], [ 16.4188551, 48.21188311 ], [ 16.41773511, 48.21267091 ], [ 16.41728762, 48.21295091 ], [ 16.41699468, 48.21311947 ], [ 16.41669527, 48.2132776 ], [ 16.41486996, 48.2142219 ], [ 16.41310078, 48.21512853 ], [ 16.41276908, 48.21530421 ] ] ] } },
{ "type": "Feature", "properties": { "LEV1": "Verkehr", "LEV2": "weitere verkehrliche Nutzungen", "LEV3": "Bahnhof, Bahnanlage", "FLAECHE": 3734.8875613 }, "geometry": { "type": "Polygon", "coordinates": [ [ [ 16.43520517, 48.20861095 ], [ 16.43511071, 48.20867713 ], [ 16.43234669, 48.20692265 ], [ 16.43222939, 48.20686423 ], [ 16.43198848, 48.20674425 ], [ 16.43185476, 48.20667764 ], [ 16.43166726, 48.20658425 ], [ 16.43165896, 48.20658012 ], [ 16.43149114, 48.20649587 ], [ 16.43152537, 48.20647413 ], [ 16.43159022, 48.20643294 ], [ 16.43166827, 48.20638336 ], [ 16.43183729, 48.20647513 ], [ 16.43212289, 48.20667562 ], [ 16.43520517, 48.20861095 ] ] ] } },
{ "type": "Feature", "properties": { "LEV1": "Verkehr", "LEV2": "weitere verkehrliche Nutzungen", "LEV3": "Transport, Logistik inkl. Lager", "FLAECHE": 38085.275451720001 }, "geometry": { "type": "Polygon", "coordinates": [ [ [ 16.46230793, 48.18420274 ], [ 16.46177269, 48.18486127 ], [ 16.46167266, 48.18500866 ], [ 16.46163239, 48.185068 ], [ 16.46146212, 48.18544878 ], [ 16.46137911, 48.1856005 ], [ 16.46123616, 48.18576775 ], [ 16.46107597, 48.18592503 ], [ 16.46096807, 48.18600331 ], [ 16.45991329, 48.18533138 ], [ 16.46068942, 48.18482852 ], [ 16.46079607, 48.18489961 ], [ 16.46143313, 48.18433716 ], [ 16.46042219, 48.18362689 ], [ 16.46039665, 48.1834753 ], [ 16.46151583, 48.18255397 ], [ 16.46250717, 48.18306052 ], [ 16.46294224, 48.18273881 ], [ 16.46301005, 48.18277622 ], [ 16.46345886, 48.18302378 ], [ 16.46190532, 48.18429851 ], [ 16.46204609, 48.18437725 ], [ 16.46230793, 48.18420274 ] ] ] } },
{ "type": "Feature", "properties": { "LEV1": "Verkehr", "LEV2": "weitere verkehrliche Nutzungen", "LEV3": "Parkplatz, Parkhaus", "FLAECHE": 13968.004346690001 }, "geometry": { "type": "Polygon", "coordinates": [ [ [ 16.43760517, 48.18979979 ], [ 16.43768084, 48.1897748 ], [ 16.43831425, 48.1904169 ], [ 16.43884508, 48.1908016 ], [ 16.43928269, 48.19097892 ], [ 16.43904671, 48.19127914 ], [ 16.43893556, 48.19142504 ], [ 16.43813368, 48.1911891 ], [ 16.43808698, 48.19116225 ], [ 16.43780378, 48.19099941 ], [ 16.43777803, 48.19098064 ], [ 16.43684135, 48.1902976 ], [ 16.43678524, 48.19025668 ], [ 16.4370472, 48.19009907 ], [ 16.43760517, 48.18979979 ] ] ] } },
{ "type": "Feature", "properties": { "LEV1": "Verkehr", "LEV2": "weitere verkehrliche Nutzungen", "LEV3": "Parkplatz, Parkhaus", "FLAECHE": 4135.2959994800003 }, "geometry": { "type": "Polygon", "coordinates": [ [ [ 16.41930716, 48.19698767 ], [ 16.41910824, 48.19683303 ], [ 16.41906755, 48.19685087 ], [ 16.41897261, 48.19689249 ], [ 16.4188398, 48.1969514 ], [ 16.4188078, 48.19696685 ], [ 16.41871372, 48.19701228 ], [ 16.41857447, 48.19707713 ], [ 16.41853483, 48.19710037 ], [ 16.41851947, 48.19708671 ], [ 16.41835526, 48.1969405 ], [ 16.41819308, 48.19679997 ], [ 16.4181687, 48.19677885 ], [ 16.41827447, 48.19671924 ], [ 16.41849676, 48.19660028 ], [ 16.41862021, 48.19657942 ], [ 16.41868304, 48.19666714 ], [ 16.41885191, 48.19661954 ], [ 16.41888754, 48.19660881 ], [ 16.41917995, 48.19651057 ], [ 16.41920874, 48.19651262 ], [ 16.4192156, 48.19651028 ], [ 16.41947009, 48.19642304 ], [ 16.41947789, 48.19639739 ], [ 16.41968015, 48.19655581 ], [ 16.41971552, 48.19659648 ], [ 16.4197417, 48.19662657 ], [ 16.41969947, 48.19663887 ], [ 16.41963408, 48.19665904 ], [ 16.41952755, 48.19670898 ], [ 16.41935291, 48.19692715 ], [ 16.41930716, 48.19698767 ] ] ] } },
{ "type": "Feature", "properties": { "LEV1": "Verkehr", "LEV2": "weitere verkehrliche Nutzungen", "LEV3": "Bahnhof, Bahnanlage", "FLAECHE": 75916.152226420003 }, "geometry": { "type": "Polygon", "coordinates": [ [ [ 16.4637973, 48.18430326 ], [ 16.46377371, 48.18433405 ], [ 16.4636343, 48.18451604 ], [ 16.46347331, 48.18465866 ], [ 16.46330366, 48.18480896 ], [ 16.46309184, 48.18497026 ], [ 16.46279851, 48.18517887 ], [ 16.46131157, 48.18613972 ], [ 16.45990435, 48.18705405 ], [ 16.45898656, 48.18765786 ], [ 16.45833138, 48.18807665 ], [ 16.45798888, 48.18828243 ], [ 16.45769815, 48.18845711 ], [ 16.45700974, 48.18888331 ], [ 16.4566942, 48.18910532 ], [ 16.45647046, 48.18929936 ], [ 16.45637522, 48.18935009 ], [ 16.45626232, 48.18938249 ], [ 16.45617124, 48.18937306 ], [ 16.45612078, 48.18936061 ], [ 16.45608052, 48.18934275 ], [ 16.45606497, 48.18930545 ], [ 16.45608036, 48.18915894 ], [ 16.45608654, 48.18910002 ], [ 16.45608972, 48.18878822 ], [ 16.45606794, 48.18856074 ], [ 16.45610582, 48.18813871 ], [ 16.45616515, 48.18774528 ], [ 16.4562003, 48.18759119 ], [ 16.45624939, 48.18736352 ], [ 16.4562864, 48.18725907 ], [ 16.45636778, 48.18726267 ], [ 16.45632902, 48.18744137 ], [ 16.4563244, 48.18746264 ], [ 16.45620729, 48.18810731 ], [ 16.45621096, 48.18898631 ], [ 16.45619921, 48.18907015 ], [ 16.45617524, 48.18924121 ], [ 16.45626863, 48.18926513 ], [ 16.45644692, 48.18907212 ], [ 16.45666148, 48.18891659 ], [ 16.45693134, 48.18877034 ], [ 16.4571875, 48.18863796 ], [ 16.45754051, 48.1884499 ], [ 16.45781396, 48.18828971 ], [ 16.4580492, 48.18812498 ], [ 16.45820472, 48.18800327 ], [ 16.45821525, 48.18799503 ], [ 16.45835343, 48.18784892 ], [ 16.4586611, 48.18754732 ], [ 16.45882719, 48.18743365 ], [ 16.45970083, 48.18687153 ], [ 16.46028311, 48.18648189 ], [ 16.46060904, 48.18626378 ], [ 16.46096807, 48.18600331 ], [ 16.46107597, 48.18592503 ], [ 16.46123616, 48.18576775 ], [ 16.46137911, 48.1856005 ], [ 16.46146212, 48.18544878 ], [ 16.46163239, 48.185068 ], [ 16.46167266, 48.18500866 ], [ 16.46177269, 48.18486127 ], [ 16.46230793, 48.18420274 ], [ 16.4628719, 48.1838021 ], [ 16.46342907, 48.18337286 ], [ 16.46391928, 48.18295143 ], [ 16.46438862, 48.18252643 ], [ 16.46528937, 48.18167673 ], [ 16.46605981, 48.18089228 ], [ 16.4665758, 48.18031612 ], [ 16.4670883, 48.17974833 ], [ 16.46749391, 48.17929173 ], [ 16.46761897, 48.17918455 ], [ 16.46774293, 48.17907831 ], [ 16.47193431, 48.17627778 ], [ 16.4722072, 48.17615344 ], [ 16.47558012, 48.17475733 ], [ 16.47948719, 48.17307573 ], [ 16.47952624, 48.1730478 ], [ 16.47969817, 48.17298697 ], [ 16.47975252, 48.17304905 ], [ 16.479592, 48.1731197 ], [ 16.47839621, 48.173646 ], [ 16.47850854, 48.17376529 ], [ 16.47839287, 48.17381587 ], [ 16.47578343, 48.17495683 ], [ 16.47460399, 48.17545143 ], [ 16.4743951, 48.17553902 ], [ 16.4730678, 48.17607094 ], [ 16.47310453, 48.17613133 ], [ 16.47240377, 48.17640287 ], [ 16.47208955, 48.17656062 ], [ 16.47124682, 48.17710247 ], [ 16.47130009, 48.17711005 ], [ 16.47168289, 48.17700096 ], [ 16.47207361, 48.17694096 ], [ 16.47207557, 48.17707074 ], [ 16.47207721, 48.17718009 ], [ 16.47208307, 48.17756994 ], [ 16.47140946, 48.17748791 ], [ 16.47082127, 48.17752223 ], [ 16.47056193, 48.17760839 ], [ 16.47045397, 48.17764425 ], [ 16.47031282, 48.17771385 ], [ 16.46983963, 48.17802035 ], [ 16.46984239, 48.17802662 ], [ 16.46987205, 48.17809424 ], [ 16.46991472, 48.17819152 ], [ 16.46992134, 48.17820659 ], [ 16.46965672, 48.17826852 ], [ 16.46943023, 48.17834692 ], [ 16.46871152, 48.17876962 ], [ 16.46871238, 48.17910354 ], [ 16.47021854, 48.17909101 ], [ 16.47087189, 48.17908556 ], [ 16.47087222, 48.17920976 ], [ 16.47022392, 48.17921224 ], [ 16.46894503, 48.17921713 ], [ 16.4684916, 48.17926838 ], [ 16.46806662, 48.1793999 ], [ 16.46778308, 48.17957874 ], [ 16.46729551, 48.17994188 ], [ 16.4672234, 48.17999559 ], [ 16.46564842, 48.18167938 ], [ 16.46464482, 48.1826427 ], [ 16.46363516, 48.18350825 ], [ 16.46250168, 48.18435118 ], [ 16.46228819, 48.18454288 ], [ 16.46215889, 48.18468206 ], [ 16.46198012, 48.18493848 ], [ 16.46166206, 48.18565226 ], [ 16.4628644, 48.18485063 ], [ 16.46364065, 48.1842045 ], [ 16.46367235, 48.18422449 ], [ 16.4637973, 48.18430326 ] ] ] } },
{ "type": "Feature", "properties": { "LEV1": "Verkehr", "LEV2": "weitere verkehrliche Nutzungen", "LEV3": "Transport, Logistik inkl. Lager", "FLAECHE": 3836.8349367400001 }, "geometry": { "type": "Polygon", "coordinates": [ [ [ 16.38827905, 48.23026151 ], [ 16.38800499, 48.23055978 ], [ 16.38737412, 48.23022967 ], [ 16.38830711, 48.2294099 ], [ 16.38830338, 48.22941768 ], [ 16.38819712, 48.22995089 ], [ 16.38812873, 48.2301998 ], [ 16.38827905, 48.23026151 ] ] ] } },
{ "type": "Feature", "properties": { "LEV1": "Verkehr", "LEV2": "weitere verkehrliche Nutzungen", "LEV3": "Parkplatz, Parkhaus", "FLAECHE": 2436.4621257 }, "geometry": { "type": "Polygon", "coordinates": [ [ [ 16.38936228, 48.21883674 ], [ 16.38990722, 48.21855964 ], [ 16.3903712, 48.21894778 ], [ 16.39009519, 48.21912319 ], [ 16.38983176, 48.2190547 ], [ 16.38946962, 48.21892231 ], [ 16.38937094, 48.21884364 ], [ 16.38936228, 48.21883674 ] ] ] } },
{ "type": "Feature", "properties": { "LEV1": "Verkehr", "LEV2": "weitere verkehrliche Nutzungen", "LEV3": "Parkplatz, Parkhaus", "FLAECHE": 29647.672994799999 }, "geometry": { "type": "Polygon", "coordinates": [ [ [ 16.45882719, 48.18743365 ], [ 16.4586611, 48.18754732 ], [ 16.45835343, 48.18784892 ], [ 16.45821525, 48.18799503 ], [ 16.45820472, 48.18800327 ], [ 16.4580492, 48.18812498 ], [ 16.45781396, 48.18828971 ], [ 16.45754051, 48.1884499 ], [ 16.4571875, 48.18863796 ], [ 16.45693134, 48.18877034 ], [ 16.45666148, 48.18891659 ], [ 16.45644692, 48.18907212 ], [ 16.45626863, 48.18926513 ], [ 16.45617524, 48.18924121 ], [ 16.45619921, 48.18907015 ], [ 16.45621096, 48.18898631 ], [ 16.45620729, 48.18810731 ], [ 16.4563244, 48.18746264 ], [ 16.45632902, 48.18744137 ], [ 16.45636778, 48.18726267 ], [ 16.45647215, 48.18726724 ], [ 16.45656046, 48.18724377 ], [ 16.45666175, 48.18719 ], [ 16.45755272, 48.18660022 ], [ 16.45757584, 48.18661308 ], [ 16.45882719, 48.18743365 ] ] ] } },
{ "type": "Feature", "properties": { "LEV1": "Verkehr", "LEV2": "weitere verkehrliche Nutzungen", "LEV3": "Bahnhof, Bahnanlage", "FLAECHE": 77819.068567430004 }, "geometry": { "type": "Polygon", "coordinates": [ [ [ 16.38803993, 48.23098487 ], [ 16.38799339, 48.23101638 ], [ 16.38795771, 48.23099519 ], [ 16.38773725, 48.23088103 ], [ 16.38770513, 48.2308676 ], [ 16.38774036, 48.23083116 ], [ 16.38796371, 48.23060471 ], [ 16.38800499, 48.23055978 ], [ 16.38827905, 48.23026151 ], [ 16.38837944, 48.23015225 ], [ 16.38883121, 48.22965187 ], [ 16.38891912, 48.2295545 ], [ 16.38910512, 48.2292722 ], [ 16.38927256, 48.22901492 ], [ 16.38931052, 48.22894125 ], [ 16.38941156, 48.22874514 ], [ 16.38951422, 48.2285459 ], [ 16.38966014, 48.22817981 ], [ 16.38971138, 48.22818481 ], [ 16.38973443, 48.22816719 ], [ 16.38975441, 48.22810782 ], [ 16.38982864, 48.22788719 ], [ 16.38985733, 48.22780192 ], [ 16.38984946, 48.22777802 ], [ 16.38979942, 48.22776966 ], [ 16.39039844, 48.22592604 ], [ 16.39045492, 48.2257502 ], [ 16.39063823, 48.22523723 ], [ 16.39087652, 48.22441973 ], [ 16.39096447, 48.22402918 ], [ 16.39100747, 48.22403548 ], [ 16.39105637, 48.22370891 ], [ 16.39110342, 48.22329311 ], [ 16.39116877, 48.22247022 ], [ 16.39126426, 48.22140557 ], [ 16.3913703, 48.22022686 ], [ 16.39137823, 48.22013549 ], [ 16.39147334, 48.21986133 ], [ 16.39156685, 48.21959185 ], [ 16.39164946, 48.21920677 ], [ 16.39165471, 48.21919871 ], [ 16.39172089, 48.21892096 ], [ 16.39177045, 48.21871293 ], [ 16.39176915, 48.21863119 ], [ 16.39190424, 48.21786652 ], [ 16.39191667, 48.21779133 ], [ 16.39197828, 48.21702922 ], [ 16.39197643, 48.21702046 ], [ 16.39205847, 48.21627015 ], [ 16.39221805, 48.21626432 ], [ 16.39221102, 48.21638204 ], [ 16.39219096, 48.21671786 ], [ 16.39223678, 48.21697967 ], [ 16.39223717, 48.21698415 ], [ 16.39223755, 48.21698862 ], [ 16.39225523, 48.21716092 ], [ 16.392336, 48.21740059 ], [ 16.3924892, 48.21785517 ], [ 16.39250595, 48.21789364 ], [ 16.39257177, 48.2180448 ], [ 16.39272721, 48.21806082 ], [ 16.39268433, 48.21834386 ], [ 16.39260485, 48.21876451 ], [ 16.3925413, 48.21922049 ], [ 16.3925148, 48.21935738 ], [ 16.39244057, 48.21973678 ], [ 16.39237415, 48.22007619 ], [ 16.39248869, 48.22008764 ], [ 16.39233171, 48.2207881 ], [ 16.39208946, 48.22186903 ], [ 16.39213915, 48.2218959 ], [ 16.39203427, 48.22234812 ], [ 16.39196606, 48.22266915 ], [ 16.39183755, 48.22323437 ], [ 16.39178382, 48.22343711 ], [ 16.39169441, 48.22380231 ], [ 16.39159426, 48.22378842 ], [ 16.39150147, 48.22410485 ], [ 16.39126489, 48.22499924 ], [ 16.39099715, 48.22583889 ], [ 16.39095097, 48.22583216 ], [ 16.39093336, 48.22584719 ], [ 16.39088547, 48.22599722 ], [ 16.39085985, 48.22608132 ], [ 16.39091599, 48.22608939 ], [ 16.39094904, 48.2261641 ], [ 16.39083413, 48.2265039 ], [ 16.3908197, 48.22654655 ], [ 16.3907483, 48.22660693 ], [ 16.39046053, 48.2274884 ], [ 16.39030262, 48.22784317 ], [ 16.39024554, 48.22783474 ], [ 16.39020122, 48.22792361 ], [ 16.3901064, 48.22811441 ], [ 16.38983186, 48.22879298 ], [ 16.38958872, 48.22926272 ], [ 16.38953928, 48.22935213 ], [ 16.38945408, 48.22948392 ], [ 16.38917236, 48.22987238 ], [ 16.3888423, 48.23024943 ], [ 16.38875813, 48.23033059 ], [ 16.38833884, 48.23072882 ], [ 16.38804605, 48.23097963 ], [ 16.38803993, 48.23098487 ] ] ] } },
{ "type": "Feature", "properties": { "LEV1": "Verkehr", "LEV2": "weitere verkehrliche Nutzungen", "LEV3": "Bahnhof, Bahnanlage", "FLAECHE": 6967.2674397800001 }, "geometry": { "type": "Polygon", "coordinates": [ [ [ 16.38959513, 48.23075819 ], [ 16.38915767, 48.231144 ], [ 16.38885655, 48.23140793 ], [ 16.38872495, 48.23133973 ], [ 16.38803993, 48.23098487 ], [ 16.38804605, 48.23097963 ], [ 16.38833884, 48.23072882 ], [ 16.38875813, 48.23033059 ], [ 16.38920378, 48.23055827 ], [ 16.38931332, 48.23061423 ], [ 16.38959513, 48.23075819 ] ] ] } },
{ "type": "Feature", "properties": { "LEV1": "Verkehr", "LEV2": "weitere verkehrliche Nutzungen", "LEV3": "Bahnhof, Bahnanlage", "FLAECHE": 23231.59164481 }, "geometry": { "type": "Polygon", "coordinates": [ [ [ 16.42336955, 48.20833546 ], [ 16.4232109, 48.20848199 ], [ 16.4229147, 48.20876217 ], [ 16.42244863, 48.20924087 ], [ 16.42193002, 48.20968453 ], [ 16.42115515, 48.21024647 ], [ 16.42092108, 48.20996729 ], [ 16.42148068, 48.2095712 ], [ 16.42317385, 48.2082115 ], [ 16.42460214, 48.20678606 ], [ 16.42553668, 48.20618207 ], [ 16.42595298, 48.20597302 ], [ 16.4264234, 48.20578199 ], [ 16.42674315, 48.20567886 ], [ 16.42701465, 48.20560391 ], [ 16.42718357, 48.20557158 ], [ 16.42734038, 48.2055371 ], [ 16.42755167, 48.20550267 ], [ 16.42783039, 48.20547889 ], [ 16.42818362, 48.20544308 ], [ 16.42861628, 48.20543788 ], [ 16.42882888, 48.20544994 ], [ 16.42927268, 48.20550839 ], [ 16.42948544, 48.20553763 ], [ 16.42973487, 48.20560847 ], [ 16.42989234, 48.20565014 ], [ 16.42996598, 48.20566962 ], [ 16.43028153, 48.20577719 ], [ 16.43046504, 48.2058506 ], [ 16.43059713, 48.20590436 ], [ 16.43082627, 48.20599114 ], [ 16.43088983, 48.20602103 ], [ 16.43094477, 48.20597315 ], [ 16.43149466, 48.20628125 ], [ 16.43148042, 48.20629133 ], [ 16.43166827, 48.20638336 ], [ 16.43159022, 48.20643294 ], [ 16.43152537, 48.20647413 ], [ 16.43149114, 48.20649587 ], [ 16.43130572, 48.2064038 ], [ 16.43123771, 48.2063669 ], [ 16.43074022, 48.20616667 ], [ 16.43078924, 48.20612022 ], [ 16.43047943, 48.20599349 ], [ 16.43038963, 48.20595912 ], [ 16.43023549, 48.20590403 ], [ 16.42997407, 48.2058234 ], [ 16.42976363, 48.20577327 ], [ 16.42968983, 48.20575569 ], [ 16.42967418, 48.20575196 ], [ 16.42940461, 48.20570254 ], [ 16.42919548, 48.20566961 ], [ 16.42896726, 48.20564408 ], [ 16.42870595, 48.20562226 ], [ 16.42849418, 48.20561685 ], [ 16.42825767, 48.20562073 ], [ 16.42812759, 48.20562111 ], [ 16.42759825, 48.20566703 ], [ 16.42708072, 48.20576583 ], [ 16.42691124, 48.20581852 ], [ 16.42659909, 48.20591556 ], [ 16.4264517, 48.20596138 ], [ 16.42605093, 48.20612969 ], [ 16.42561493, 48.20638616 ], [ 16.42491531, 48.20691946 ], [ 16.42414996, 48.20757988 ], [ 16.42336955, 48.20833546 ] ] ] } },
{ "type": "Feature", "properties": { "LEV1": "Verkehr", "LEV2": "weitere verkehrliche Nutzungen", "LEV3": "Transport, Logistik inkl. Lager", "FLAECHE": 5961.1658411899998 }, "geometry": { "type": "Polygon", "coordinates": [ [ [ 16.38941156, 48.22874514 ], [ 16.38931052, 48.22894125 ], [ 16.38927256, 48.22901492 ], [ 16.38910512, 48.2292722 ], [ 16.38891912, 48.2295545 ], [ 16.38883121, 48.22965187 ], [ 16.38840518, 48.22950919 ], [ 16.38840811, 48.22948575 ], [ 16.38840017, 48.22948531 ], [ 16.38841275, 48.2294165 ], [ 16.38841405, 48.2294113 ], [ 16.38831165, 48.22940576 ], [ 16.3885041, 48.22861118 ], [ 16.38881014, 48.22863753 ], [ 16.38941156, 48.22874514 ] ] ] } },
{ "type": "Feature", "properties": { "LEV1": "Verkehr", "LEV2": "weitere verkehrliche Nutzungen", "LEV3": "Transport, Logistik inkl. Lager", "FLAECHE": 28738.34922339 }, "geometry": { "type": "Polygon", "coordinates": [ [ [ 16.41032363, 48.22283042 ], [ 16.41030065, 48.22284753 ], [ 16.41044907, 48.22292585 ], [ 16.40944347, 48.22367653 ], [ 16.40609908, 48.2261852 ], [ 16.40574039, 48.22599005 ], [ 16.40601329, 48.22577692 ], [ 16.40588079, 48.22570511 ], [ 16.40600874, 48.22566518 ], [ 16.40681725, 48.22505631 ], [ 16.40707203, 48.22519476 ], [ 16.4074628, 48.22491821 ], [ 16.40707132, 48.22468696 ], [ 16.40741747, 48.22446271 ], [ 16.40721968, 48.22434278 ], [ 16.4074975, 48.22413549 ], [ 16.40971109, 48.22248379 ], [ 16.41032363, 48.22283042 ] ] ] } },
{ "type": "Feature", "properties": { "LEV1": "Verkehr", "LEV2": "weitere verkehrliche Nutzungen", "LEV3": "Parkplatz, Parkhaus", "FLAECHE": 11666.74383508 }, "geometry": { "type": "Polygon", "coordinates": [ [ [ 16.41286861, 48.20930291 ], [ 16.41121267, 48.21016138 ], [ 16.41096005, 48.20994793 ], [ 16.41310965, 48.20883516 ], [ 16.41319259, 48.2087834 ], [ 16.41489547, 48.20786314 ], [ 16.41518791, 48.208091 ], [ 16.41499165, 48.2082022 ], [ 16.41286861, 48.20930291 ] ] ] } },
{ "type": "Feature", "properties": { "LEV1": "Verkehr", "LEV2": "weitere verkehrliche Nutzungen", "LEV3": "Bahnhof, Bahnanlage", "FLAECHE": 5405.6097506799997 }, "geometry": { "type": "Polygon", "coordinates": [ [ [ 16.39205847, 48.21627015 ], [ 16.39201285, 48.21627026 ], [ 16.39204932, 48.21590512 ], [ 16.39216137, 48.21549731 ], [ 16.39232646, 48.21498795 ], [ 16.39239089, 48.21484169 ], [ 16.39254463, 48.21428853 ], [ 16.39259849, 48.21408013 ], [ 16.39261, 48.21365591 ], [ 16.39246935, 48.21312979 ], [ 16.39231782, 48.21268778 ], [ 16.39233363, 48.21268334 ], [ 16.392427, 48.21264829 ], [ 16.39257964, 48.21309232 ], [ 16.39261987, 48.21320544 ], [ 16.39267129, 48.21322196 ], [ 16.39268236, 48.21325568 ], [ 16.39274883, 48.21350386 ], [ 16.39279165, 48.21377705 ], [ 16.39275581, 48.21409552 ], [ 16.39234705, 48.21557807 ], [ 16.39233229, 48.21564247 ], [ 16.3923096, 48.21581164 ], [ 16.39230256, 48.21625834 ], [ 16.39221805, 48.21626432 ], [ 16.39205847, 48.21627015 ] ] ] } },
{ "type": "Feature", "properties": { "LEV1": "Verkehr", "LEV2": "weitere verkehrliche Nutzungen", "LEV3": "Transport, Logistik inkl. Lager", "FLAECHE": 1933.2926000099999 }, "geometry": { "type": "Polygon", "coordinates": [ [ [ 16.43178591, 48.20597937 ], [ 16.43177992, 48.20601391 ], [ 16.43176233, 48.20602975 ], [ 16.43150784, 48.20620974 ], [ 16.43139572, 48.20618186 ], [ 16.43103906, 48.20596551 ], [ 16.43098831, 48.20587589 ], [ 16.43128807, 48.20566116 ], [ 16.43178591, 48.20597937 ] ] ] } },
{ "type": "Feature", "properties": { "LEV1": "Verkehr", "LEV2": "weitere verkehrliche Nutzungen", "LEV3": "Bahnhof, Bahnanlage", "FLAECHE": 2881.4518131899999 }, "geometry": { "type": "Polygon", "coordinates": [ [ [ 16.42334621, 48.21244828 ], [ 16.42306056, 48.21265527 ], [ 16.42229263, 48.21321176 ], [ 16.42163072, 48.2136889 ], [ 16.421509, 48.2136113 ], [ 16.42147178, 48.21358757 ], [ 16.42315645, 48.21239606 ], [ 16.42321075, 48.21236049 ], [ 16.42324852, 48.21238449 ], [ 16.42334621, 48.21244828 ] ] ] } },
{ "type": "Feature", "properties": { "LEV1": "Verkehr", "LEV2": "weitere verkehrliche Nutzungen", "LEV3": "Parkplatz, Parkhaus", "FLAECHE": 19281.629250180002 }, "geometry": { "type": "Polygon", "coordinates": [ [ [ 16.45991329, 48.18533138 ], [ 16.45981734, 48.18528163 ], [ 16.45973919, 48.18533156 ], [ 16.45959406, 48.18542429 ], [ 16.45943943, 48.18533188 ], [ 16.45887946, 48.1849444 ], [ 16.45965551, 48.1844095 ], [ 16.45938558, 48.18423289 ], [ 16.45967331, 48.18403446 ], [ 16.46039665, 48.1834753 ], [ 16.46042219, 48.18362689 ], [ 16.46143313, 48.18433716 ], [ 16.46079607, 48.18489961 ], [ 16.46068942, 48.18482852 ], [ 16.45991329, 48.18533138 ] ] ] } },
{ "type": "Feature", "properties": { "LEV1": "Verkehr", "LEV2": "weitere verkehrliche Nutzungen", "LEV3": "Parkplatz, Parkhaus", "FLAECHE": 9999.8517410099994 }, "geometry": { "type": "Polygon", "coordinates": [ [ [ 16.40551886, 48.22621114 ], [ 16.40516075, 48.22643587 ], [ 16.40504628, 48.22636833 ], [ 16.40468587, 48.22661546 ], [ 16.40464274, 48.22659086 ], [ 16.40392248, 48.22715468 ], [ 16.40278961, 48.22800671 ], [ 16.40211453, 48.22850998 ], [ 16.40152744, 48.22898433 ], [ 16.40163218, 48.22904207 ], [ 16.40158573, 48.22907685 ], [ 16.40151464, 48.22904503 ], [ 16.40135367, 48.22895196 ], [ 16.4012795, 48.22894112 ], [ 16.40150608, 48.22877138 ], [ 16.40196636, 48.22831984 ], [ 16.40226428, 48.22804951 ], [ 16.40258833, 48.22779095 ], [ 16.40344358, 48.22719573 ], [ 16.40352455, 48.22713848 ], [ 16.40398387, 48.22681374 ], [ 16.40447951, 48.22648207 ], [ 16.40466981, 48.22635261 ], [ 16.4047866, 48.22628043 ], [ 16.40482769, 48.22625503 ], [ 16.40504059, 48.22613594 ], [ 16.40520575, 48.22604356 ], [ 16.40551886, 48.22621114 ] ] ] } },
{ "type": "Feature", "properties": { "LEV1": "Verkehr", "LEV2": "weitere verkehrliche Nutzungen", "LEV3": "Transport, Logistik inkl. Lager", "FLAECHE": 240648.74861792999 }, "geometry": { "type": "Polygon", "coordinates": [ [ [ 16.46377651, 48.18069617 ], [ 16.46361209, 48.18060534 ], [ 16.46192338, 48.18197625 ], [ 16.46194872, 48.18199753 ], [ 16.46073059, 48.18297787 ], [ 16.46058665, 48.18290059 ], [ 16.46026023, 48.18316346 ], [ 16.45927546, 48.18418031 ], [ 16.45845187, 48.18473697 ], [ 16.45736406, 48.18543231 ], [ 16.45703777, 48.18576172 ], [ 16.45641983, 48.18646096 ], [ 16.45655481, 48.18598229 ], [ 16.45669493, 48.18568653 ], [ 16.45688411, 48.18538632 ], [ 16.45732594, 48.18477791 ], [ 16.45770064, 48.18422596 ], [ 16.45793937, 48.18387431 ], [ 16.45802373, 48.183797 ], [ 16.45811893, 48.18356226 ], [ 16.45811542, 48.18351386 ], [ 16.45808959, 48.18315697 ], [ 16.45809247, 48.18289625 ], [ 16.45814749, 48.18256281 ], [ 16.45826144, 48.18230036 ], [ 16.45839056, 48.18208276 ], [ 16.45851532, 48.18190169 ], [ 16.45897257, 48.18146457 ], [ 16.46028434, 48.1803945 ], [ 16.46155044, 48.17936663 ], [ 16.46169941, 48.17919551 ], [ 16.4618715, 48.17907103 ], [ 16.46225382, 48.17875378 ], [ 16.46240035, 48.17868284 ], [ 16.46254637, 48.17862431 ], [ 16.46286566, 48.17853979 ], [ 16.46308478, 48.17851598 ], [ 16.46334575, 48.17850463 ], [ 16.46359831, 48.17846163 ], [ 16.46378427, 48.17840567 ], [ 16.46394516, 48.17832563 ], [ 16.46406989, 48.17824752 ], [ 16.46416286, 48.17816342 ], [ 16.46423323, 48.17807467 ], [ 16.46428879, 48.17797433 ], [ 16.46432441, 48.17786097 ], [ 16.4643293, 48.17777346 ], [ 16.46432113, 48.17768003 ], [ 16.46431144, 48.17762114 ], [ 16.46430336, 48.1775617 ], [ 16.46423006, 48.17739523 ], [ 16.46501837, 48.17715881 ], [ 16.46502819, 48.17715885 ], [ 16.46504151, 48.17716508 ], [ 16.46506704, 48.17715858 ], [ 16.46507892, 48.17717574 ], [ 16.4653067, 48.17712198 ], [ 16.46533304, 48.17711403 ], [ 16.46532777, 48.1771055 ], [ 16.46548712, 48.17705666 ], [ 16.46549845, 48.17701609 ], [ 16.46549385, 48.17700449 ], [ 16.46732906, 48.17645131 ], [ 16.46802649, 48.17623314 ], [ 16.46849952, 48.17607486 ], [ 16.46898462, 48.17590657 ], [ 16.46947507, 48.1757274 ], [ 16.47039681, 48.17537586 ], [ 16.47112404, 48.17509747 ], [ 16.47152071, 48.17494432 ], [ 16.47157956, 48.17501925 ], [ 16.47166911, 48.17514362 ], [ 16.47166039, 48.17514693 ], [ 16.47163612, 48.17522466 ], [ 16.47168487, 48.17530258 ], [ 16.47087911, 48.17552683 ], [ 16.4710129, 48.17573424 ], [ 16.47071289, 48.17587632 ], [ 16.46691411, 48.17830044 ], [ 16.46654915, 48.17855716 ], [ 16.46614256, 48.17889127 ], [ 16.46544345, 48.17947536 ], [ 16.46559277, 48.17955299 ], [ 16.46532359, 48.17977641 ], [ 16.46517076, 48.17969358 ], [ 16.46446169, 48.1802819 ], [ 16.4643455, 48.1802278 ], [ 16.46377651, 48.18069617 ] ] ] } },
{ "type": "Feature", "properties": { "LEV1": "Verkehr", "LEV2": "weitere verkehrliche Nutzungen", "LEV3": "Parkplatz, Parkhaus", "FLAECHE": 27771.94540235 }, "geometry": { "type": "Polygon", "coordinates": [ [ [ 16.43442925, 48.19712359 ], [ 16.43468475, 48.19745674 ], [ 16.43512142, 48.19781329 ], [ 16.43585128, 48.19793758 ], [ 16.43652922, 48.19804618 ], [ 16.43616027, 48.19836576 ], [ 16.43570125, 48.19869587 ], [ 16.43495414, 48.19873547 ], [ 16.43414227, 48.19880456 ], [ 16.43329436, 48.19836822 ], [ 16.4330668, 48.19810704 ], [ 16.4334239, 48.19744405 ], [ 16.43391141, 48.19710639 ], [ 16.43442925, 48.19712359 ] ] ] } },
{ "type": "Feature", "properties": { "LEV1": "Verkehr", "LEV2": "weitere verkehrliche Nutzungen", "LEV3": "Parkplatz, Parkhaus", "FLAECHE": 4462.6094533200003 }, "geometry": { "type": "Polygon", "coordinates": [ [ [ 16.47814381, 48.17529397 ], [ 16.47813107, 48.17541911 ], [ 16.47797485, 48.17553352 ], [ 16.47651366, 48.17645952 ], [ 16.47451189, 48.17774918 ], [ 16.47376986, 48.17821316 ], [ 16.4736385, 48.17820941 ], [ 16.47441592, 48.17769884 ], [ 16.47624733, 48.176496 ], [ 16.47643008, 48.17637759 ], [ 16.47657564, 48.17628327 ], [ 16.47701629, 48.17604558 ], [ 16.47771899, 48.1755598 ], [ 16.47790782, 48.17543303 ], [ 16.47794024, 48.17538973 ], [ 16.47794067, 48.1753719 ], [ 16.47794169, 48.17532938 ], [ 16.47803407, 48.1753132 ], [ 16.47814381, 48.17529397 ] ] ] } },
{ "type": "Feature", "properties": { "LEV1": "Verkehr", "LEV2": "weitere verkehrliche Nutzungen", "LEV3": "Transport, Logistik inkl. Lager", "FLAECHE": 3195.3073124900002 }, "geometry": { "type": "Polygon", "coordinates": [ [ [ 16.42881882, 48.20717497 ], [ 16.42834692, 48.20750667 ], [ 16.42772625, 48.20715018 ], [ 16.42778404, 48.20710931 ], [ 16.42822683, 48.20679622 ], [ 16.42881882, 48.20717497 ] ] ] } },
{ "type": "Feature", "properties": { "LEV1": "Verkehr", "LEV2": "weitere verkehrliche Nutzungen", "LEV3": "Transport, Logistik inkl. Lager", "FLAECHE": 5225.7528494899998 }, "geometry": { "type": "Polygon", "coordinates": [ [ [ 16.46357497, 48.17761989 ], [ 16.46404117, 48.17745938 ], [ 16.46408199, 48.17754738 ], [ 16.46412952, 48.17768106 ], [ 16.46412695, 48.17778322 ], [ 16.46410785, 48.17788532 ], [ 16.46405542, 48.17800058 ], [ 16.4639695, 48.17811021 ], [ 16.46383649, 48.17820875 ], [ 16.4636701, 48.17829437 ], [ 16.46353695, 48.17833723 ], [ 16.46340659, 48.17836526 ], [ 16.46326893, 48.17838034 ], [ 16.46299008, 48.17839171 ], [ 16.46285419, 48.17841416 ], [ 16.46272368, 48.1784403 ], [ 16.46259131, 48.17847363 ], [ 16.46288775, 48.17822742 ], [ 16.46343506, 48.17786106 ], [ 16.46356897, 48.17774832 ], [ 16.46357497, 48.17761989 ] ] ] } },
{ "type": "Feature", "properties": { "LEV1": "Verkehr", "LEV2": "weitere verkehrliche Nutzungen", "LEV3": "Parkplatz, Parkhaus", "FLAECHE": 15114.87692246 }, "geometry": { "type": "Polygon", "coordinates": [ [ [ 16.40304362, 48.21670613 ], [ 16.40505293, 48.21565104 ], [ 16.40506352, 48.21564548 ], [ 16.40507903, 48.21567169 ], [ 16.4050957, 48.21566457 ], [ 16.40512211, 48.21568839 ], [ 16.40514973, 48.21571652 ], [ 16.40521471, 48.21580587 ], [ 16.40523387, 48.21584417 ], [ 16.40525453, 48.21589722 ], [ 16.40526687, 48.21596232 ], [ 16.40527043, 48.21600828 ], [ 16.40526605, 48.21605684 ], [ 16.40525469, 48.21611225 ], [ 16.40522411, 48.21618808 ], [ 16.40518452, 48.21626544 ], [ 16.40506607, 48.21644106 ], [ 16.40490324, 48.21664108 ], [ 16.40464965, 48.21689322 ], [ 16.4044698, 48.21704396 ], [ 16.40430337, 48.21716619 ], [ 16.40424555, 48.21719869 ], [ 16.40410922, 48.21728996 ], [ 16.40397287, 48.21736729 ], [ 16.40391504, 48.21739673 ], [ 16.40388729, 48.21740972 ], [ 16.40387569, 48.21741515 ], [ 16.40319902, 48.2168386 ], [ 16.40304362, 48.21670613 ] ] ] } },
{ "type": "Feature", "properties": { "LEV1": "Verkehr", "LEV2": "weitere verkehrliche Nutzungen", "LEV3": "Parkplatz, Parkhaus", "FLAECHE": 6569.8274274799996 }, "geometry": { "type": "Polygon", "coordinates": [ [ [ 16.4149415, 48.19505 ], [ 16.41521903, 48.19500697 ], [ 16.41705277, 48.19506196 ], [ 16.41817, 48.19519968 ], [ 16.41890156, 48.19528985 ], [ 16.41907091, 48.19540275 ], [ 16.41898836, 48.19539138 ], [ 16.41891072, 48.19538068 ], [ 16.41862097, 48.19536125 ], [ 16.41840712, 48.19534692 ], [ 16.41823643, 48.19533548 ], [ 16.41800523, 48.19531998 ], [ 16.41799218, 48.1953191 ], [ 16.41798363, 48.19531875 ], [ 16.41781132, 48.19531164 ], [ 16.4177158, 48.1953077 ], [ 16.41755413, 48.19530102 ], [ 16.41744805, 48.19529665 ], [ 16.41741827, 48.19529802 ], [ 16.41727336, 48.19530469 ], [ 16.41716448, 48.1953097 ], [ 16.41693412, 48.1953203 ], [ 16.41633991, 48.19528745 ], [ 16.41562233, 48.19524779 ], [ 16.41530504, 48.19523024 ], [ 16.4151684, 48.19522269 ], [ 16.41504476, 48.19521585 ], [ 16.41478376, 48.19517056 ], [ 16.41478664, 48.19516836 ], [ 16.41488791, 48.19509096 ], [ 16.4149415, 48.19505 ] ] ] } },
{ "type": "Feature", "properties": { "LEV1": "Verkehr", "LEV2": "weitere verkehrliche Nutzungen", "LEV3": "Bahnhof, Bahnanlage", "FLAECHE": 1540.19380002 }, "geometry": { "type": "Polygon", "coordinates": [ [ [ 16.39268433, 48.21834386 ], [ 16.39312172, 48.21837754 ], [ 16.39304386, 48.21879595 ], [ 16.39260485, 48.21876451 ], [ 16.39268433, 48.21834386 ] ] ] } },
{ "type": "Feature", "properties": { "LEV1": "Verkehr", "LEV2": "weitere verkehrliche Nutzungen", "LEV3": "Parkplatz, Parkhaus", "FLAECHE": 2226.4417171700002 }, "geometry": { "type": "Polygon", "coordinates": [ [ [ 16.43602242, 48.18813921 ], [ 16.43619425, 48.18832126 ], [ 16.43577415, 48.1884184 ], [ 16.43505709, 48.18850573 ], [ 16.43468346, 48.18830247 ], [ 16.43518711, 48.18829023 ], [ 16.43600468, 48.18814291 ], [ 16.43602242, 48.18813921 ] ] ] } },
{ "type": "Feature", "properties": { "LEV1": "Verkehr", "LEV2": "weitere verkehrliche Nutzungen", "LEV3": "Parkplatz, Parkhaus", "FLAECHE": 9809.1169248700007 }, "geometry": { "type": "Polygon", "coordinates": [ [ [ 16.41875484, 48.20719572 ], [ 16.41906339, 48.20766892 ], [ 16.41996447, 48.20905074 ], [ 16.41996984, 48.20905897 ], [ 16.4203906, 48.20965132 ], [ 16.42034925, 48.20979056 ], [ 16.42032033, 48.20987476 ], [ 16.42030663, 48.20989231 ], [ 16.4202386, 48.20992401 ], [ 16.42021434, 48.20989552 ], [ 16.41976496, 48.20915832 ], [ 16.41975667, 48.20915124 ], [ 16.41893918, 48.20845304 ], [ 16.41861582, 48.20817331 ], [ 16.4185151, 48.2079517 ], [ 16.41851029, 48.20772427 ], [ 16.41871858, 48.20731564 ], [ 16.41874946, 48.20718747 ], [ 16.41875484, 48.20719572 ] ] ] } },
{ "type": "Feature", "properties": { "LEV1": "Verkehr", "LEV2": "weitere verkehrliche Nutzungen", "LEV3": "Transport, Logistik inkl. Lager", "FLAECHE": 5258.8777989199998 }, "geometry": { "type": "Polygon", "coordinates": [ [ [ 16.38975441, 48.22810782 ], [ 16.38973443, 48.22816719 ], [ 16.38971138, 48.22818481 ], [ 16.38966014, 48.22817981 ], [ 16.38951422, 48.2285459 ], [ 16.38941156, 48.22874514 ], [ 16.38881014, 48.22863753 ], [ 16.3885041, 48.22861118 ], [ 16.3886517, 48.22800176 ], [ 16.38973775, 48.22810622 ], [ 16.38975441, 48.22810782 ] ] ] } },
{ "type": "Feature", "properties": { "LEV1": "Verkehr", "LEV2": "weitere verkehrliche Nutzungen", "LEV3": "Bahnhof, Bahnanlage", "FLAECHE": 21795.558664529999 }, "geometry": { "type": "Polygon", "coordinates": [ [ [ 16.47263893, 48.17884415 ], [ 16.47201655, 48.17926291 ], [ 16.47167786, 48.17943005 ], [ 16.47141104, 48.17951778 ], [ 16.46948601, 48.18077576 ], [ 16.4682599, 48.18156354 ], [ 16.4666136, 48.18260145 ], [ 16.4656783, 48.18329121 ], [ 16.46517954, 48.18362335 ], [ 16.46480881, 48.18400895 ], [ 16.46422721, 48.18437708 ], [ 16.4640906, 48.18446355 ], [ 16.4637517, 48.18468057 ], [ 16.46342368, 48.18483625 ], [ 16.46362956, 48.1846674 ], [ 16.46405034, 48.18433454 ], [ 16.46409685, 48.18432855 ], [ 16.46415006, 48.18430925 ], [ 16.46421204, 48.1842483 ], [ 16.46423411, 48.18420079 ], [ 16.4642317, 48.18415043 ], [ 16.46421165, 48.18409406 ], [ 16.46427573, 48.18401233 ], [ 16.46441294, 48.18386685 ], [ 16.46468026, 48.18367233 ], [ 16.46472746, 48.18363798 ], [ 16.46502405, 48.18339582 ], [ 16.46508842, 48.18337497 ], [ 16.46534095, 48.18320552 ], [ 16.46542936, 48.18312386 ], [ 16.46544129, 48.18311605 ], [ 16.46838923, 48.18118649 ], [ 16.46961659, 48.18036578 ], [ 16.47199354, 48.17890132 ], [ 16.47214052, 48.17885025 ], [ 16.47230052, 48.17874457 ], [ 16.47235776, 48.17870051 ], [ 16.47263893, 48.17884415 ] ] ] } },
{ "type": "Feature", "properties": { "LEV1": "Verkehr", "LEV2": "weitere verkehrliche Nutzungen", "LEV3": "Parkplatz, Parkhaus", "FLAECHE": 2838.6697875700002 }, "geometry": { "type": "Polygon", "coordinates": [ [ [ 16.40721968, 48.22434278 ], [ 16.40741747, 48.22446271 ], [ 16.40707132, 48.22468696 ], [ 16.4074628, 48.22491821 ], [ 16.40707203, 48.22519476 ], [ 16.40681725, 48.22505631 ], [ 16.40685228, 48.22502992 ], [ 16.4067545, 48.22497593 ], [ 16.40662136, 48.22490237 ], [ 16.40659321, 48.22488736 ], [ 16.4068977, 48.22458302 ], [ 16.40721968, 48.22434278 ] ] ] } },
{ "type": "Feature", "properties": { "LEV1": "Verkehr", "LEV2": "weitere verkehrliche Nutzungen", "LEV3": "Transport, Logistik inkl. Lager", "FLAECHE": 17967.82365522 }, "geometry": { "type": "Polygon", "coordinates": [ [ [ 16.45755272, 48.18660022 ], [ 16.45751006, 48.18657415 ], [ 16.45746648, 48.1865462 ], [ 16.45654868, 48.18711707 ], [ 16.45642395, 48.18712691 ], [ 16.45642541, 48.18710243 ], [ 16.45643883, 48.18687769 ], [ 16.45650192, 48.18659568 ], [ 16.45654942, 48.18650138 ], [ 16.45658009, 48.18644047 ], [ 16.45666698, 48.18632823 ], [ 16.45700841, 48.1860302 ], [ 16.4569571, 48.18599958 ], [ 16.45714395, 48.18584668 ], [ 16.45759214, 48.18548585 ], [ 16.45833434, 48.18499911 ], [ 16.45912539, 48.18553935 ], [ 16.45897453, 48.18564389 ], [ 16.45755272, 48.18660022 ] ] ] } },
{ "type": "Feature", "properties": { "LEV1": "Verkehr", "LEV2": "weitere verkehrliche Nutzungen", "LEV3": "Bahnhof, Bahnanlage", "FLAECHE": 22371.174124410001 }, "geometry": { "type": "Polygon", "coordinates": [ [ [ 16.44728007, 48.19600257 ], [ 16.44676947, 48.19635819 ], [ 16.44494315, 48.19761305 ], [ 16.44422209, 48.19809901 ], [ 16.44284065, 48.19903784 ], [ 16.442247, 48.19942267 ], [ 16.44158489, 48.1998188 ], [ 16.44151484, 48.19976869 ], [ 16.44135256, 48.19961595 ], [ 16.44153099, 48.19951066 ], [ 16.44168094, 48.19942436 ], [ 16.44230273, 48.1990494 ], [ 16.44256765, 48.19887775 ], [ 16.44364724, 48.19813795 ], [ 16.4447376, 48.19741971 ], [ 16.44487588, 48.19735321 ], [ 16.44982922, 48.19398071 ], [ 16.4503502, 48.19362596 ], [ 16.45052556, 48.19374196 ], [ 16.44957953, 48.19440096 ], [ 16.44898385, 48.19481588 ], [ 16.44728007, 48.19600257 ] ] ] } },
{ "type": "Feature", "properties": { "LEV1": "Verkehr", "LEV2": "weitere verkehrliche Nutzungen", "LEV3": "Parkplatz, Parkhaus", "FLAECHE": 5709.1765179900003 }, "geometry": { "type": "Polygon", "coordinates": [ [ [ 16.40468331, 48.21286951 ], [ 16.40458113, 48.21293517 ], [ 16.40407143, 48.21324367 ], [ 16.40390705, 48.21331475 ], [ 16.40387139, 48.21328066 ], [ 16.4034513, 48.21286472 ], [ 16.40328857, 48.2127342 ], [ 16.40393804, 48.2125189 ], [ 16.40432231, 48.21234973 ], [ 16.40468331, 48.21286951 ] ] ] } },
{ "type": "Feature", "properties": { "LEV1": "Verkehr", "LEV2": "weitere verkehrliche Nutzungen", "LEV3": "Parkplatz, Parkhaus", "FLAECHE": 3512.42127957 }, "geometry": { "type": "Polygon", "coordinates": [ [ [ 16.3947085, 48.21783086 ], [ 16.39465413, 48.21783448 ], [ 16.39407643, 48.21783541 ], [ 16.39406377, 48.21783155 ], [ 16.39405004, 48.21782391 ], [ 16.39403967, 48.21781366 ], [ 16.394027, 48.21779631 ], [ 16.39402389, 48.21778399 ], [ 16.39402575, 48.21776591 ], [ 16.39403125, 48.21775161 ], [ 16.39404981, 48.21773946 ], [ 16.3941305, 48.2176905 ], [ 16.39414986, 48.21768213 ], [ 16.39414447, 48.21767583 ], [ 16.39422773, 48.2176418 ], [ 16.39458877, 48.21750833 ], [ 16.39460315, 48.21749897 ], [ 16.39461592, 48.21748332 ], [ 16.39462977, 48.21747189 ], [ 16.39464658, 48.21746487 ], [ 16.39486291, 48.21741494 ], [ 16.39484595, 48.21741009 ], [ 16.3948404, 48.21738518 ], [ 16.39489744, 48.2173651 ], [ 16.3949272, 48.21738208 ], [ 16.39492432, 48.2173944 ], [ 16.39493097, 48.21738855 ], [ 16.39493741, 48.21736912 ], [ 16.39494735, 48.21735635 ], [ 16.39496403, 48.21734519 ], [ 16.39498528, 48.21733699 ], [ 16.39501514, 48.21733041 ], [ 16.39514941, 48.21730381 ], [ 16.39517256, 48.21730551 ], [ 16.39518131, 48.21730766 ], [ 16.39519154, 48.21731135 ], [ 16.39520555, 48.21731952 ], [ 16.39521309, 48.21732662 ], [ 16.3953659, 48.21750758 ], [ 16.3953575, 48.21751253 ], [ 16.39535824, 48.21752008 ], [ 16.39536646, 48.21753042 ], [ 16.39535208, 48.21754104 ], [ 16.39535209, 48.21755624 ], [ 16.39536852, 48.21756639 ], [ 16.3953918, 48.21756611 ], [ 16.39539707, 48.21757861 ], [ 16.39540595, 48.21758301 ], [ 16.39541323, 48.21758125 ], [ 16.39542573, 48.21757823 ], [ 16.3954551, 48.21761248 ], [ 16.39545579, 48.21761878 ], [ 16.39544866, 48.21762633 ], [ 16.3949102, 48.21781484 ], [ 16.39487804, 48.21782088 ], [ 16.39483809, 48.21783061 ], [ 16.3948179, 48.21783413 ], [ 16.39477081, 48.2178347 ], [ 16.39476286, 48.21783281 ], [ 16.39475451, 48.21782481 ], [ 16.3947085, 48.21783086 ] ] ] } },
{ "type": "Feature", "properties": { "LEV1": "Verkehr", "LEV2": "weitere verkehrliche Nutzungen", "LEV3": "Transport, Logistik inkl. Lager", "FLAECHE": 6131.4377325900005 }, "geometry": { "type": "Polygon", "coordinates": [ [ [ 16.3716048, 48.22306194 ], [ 16.37261652, 48.22394647 ], [ 16.37237908, 48.22409493 ], [ 16.37227943, 48.22401402 ], [ 16.37212422, 48.22397416 ], [ 16.37194041, 48.22408778 ], [ 16.37162544, 48.22387466 ], [ 16.37170493, 48.2238222 ], [ 16.3709257, 48.22340119 ], [ 16.3716048, 48.22306194 ] ] ] } },
{ "type": "Feature", "properties": { "LEV1": "Verkehr", "LEV2": "weitere verkehrliche Nutzungen", "LEV3": "Bahnhof, Bahnanlage", "FLAECHE": 30699.87520368 }, "geometry": { "type": "Polygon", "coordinates": [ [ [ 16.44167451, 48.2000323 ], [ 16.43663346, 48.20353199 ], [ 16.43479878, 48.20449708 ], [ 16.43411835, 48.20488401 ], [ 16.43402554, 48.20481622 ], [ 16.43397607, 48.20478008 ], [ 16.43958505, 48.20093857 ], [ 16.44038101, 48.2003264 ], [ 16.44058437, 48.20017828 ], [ 16.44086414, 48.19996075 ], [ 16.44094683, 48.19993972 ], [ 16.44097013, 48.19995202 ], [ 16.44118114, 48.19979255 ], [ 16.44120573, 48.19971321 ], [ 16.44167451, 48.2000323 ] ] ] } },
{ "type": "Feature", "properties": { "LEV1": "Verkehr", "LEV2": "weitere verkehrliche Nutzungen", "LEV3": "Transport, Logistik inkl. Lager", "FLAECHE": 17935.067835779999 }, "geometry": { "type": "Polygon", "coordinates": [ [ [ 16.48154233, 48.17322342 ], [ 16.48142358, 48.17322807 ], [ 16.48088859, 48.17327027 ], [ 16.48071063, 48.17325526 ], [ 16.48073382, 48.17316518 ], [ 16.48075019, 48.17296488 ], [ 16.48075986, 48.17277794 ], [ 16.48076932, 48.17259496 ], [ 16.4806687, 48.17214713 ], [ 16.48097678, 48.17230764 ], [ 16.48277609, 48.17157139 ], [ 16.4828425, 48.17166782 ], [ 16.48273359, 48.17209866 ], [ 16.48265425, 48.17228894 ], [ 16.48244749, 48.17278474 ], [ 16.48187257, 48.1732105 ], [ 16.48154233, 48.17322342 ] ] ] } },
{ "type": "Feature", "properties": { "LEV1": "Verkehr", "LEV2": "weitere verkehrliche Nutzungen", "LEV3": "Bahnhof, Bahnanlage", "FLAECHE": 3774.015409 }, "geometry": { "type": "Polygon", "coordinates": [ [ [ 16.39191667, 48.21779133 ], [ 16.39190424, 48.21786652 ], [ 16.39176915, 48.21863119 ], [ 16.39123741, 48.21858297 ], [ 16.39137525, 48.21776 ], [ 16.39137807, 48.21774312 ], [ 16.39191667, 48.21779133 ] ] ] } },
{ "type": "Feature", "properties": { "LEV1": "Verkehr", "LEV2": "weitere verkehrliche Nutzungen", "LEV3": "Parkplatz, Parkhaus", "FLAECHE": 5500.08363646 }, "geometry": { "type": "Polygon", "coordinates": [ [ [ 16.40004357, 48.21744922 ], [ 16.40007769, 48.21746713 ], [ 16.4001653, 48.2175131 ], [ 16.40026396, 48.21753085 ], [ 16.40026105, 48.217567 ], [ 16.40048253, 48.21759864 ], [ 16.4005389, 48.21765067 ], [ 16.4005489, 48.21768205 ], [ 16.40053467, 48.21771254 ], [ 16.40050913, 48.2177363 ], [ 16.40048008, 48.21775016 ], [ 16.40041941, 48.21775919 ], [ 16.40033259, 48.21774305 ], [ 16.39949651, 48.21774738 ], [ 16.39901946, 48.21774234 ], [ 16.39886354, 48.21778244 ], [ 16.39823753, 48.21778278 ], [ 16.39805867, 48.21777092 ], [ 16.39797265, 48.2177501 ], [ 16.39792782, 48.21772872 ], [ 16.39789561, 48.21769016 ], [ 16.39788588, 48.21765428 ], [ 16.39789, 48.21761821 ], [ 16.39790598, 48.2175897 ], [ 16.39793905, 48.21755757 ], [ 16.39798303, 48.21753732 ], [ 16.39806429, 48.21752162 ], [ 16.39866662, 48.21752418 ], [ 16.39864796, 48.21744864 ], [ 16.39950178, 48.21744851 ], [ 16.39950473, 48.21753036 ], [ 16.39998324, 48.21752248 ], [ 16.40003836, 48.21746136 ], [ 16.40004357, 48.21744922 ] ] ] } },
{ "type": "Feature", "properties": { "LEV1": "Verkehr", "LEV2": "weitere verkehrliche Nutzungen", "LEV3": "Parkplatz, Parkhaus", "FLAECHE": 7233.8980999599999 }, "geometry": { "type": "Polygon", "coordinates": [ [ [ 16.43029159, 48.20707877 ], [ 16.42909501, 48.20791683 ], [ 16.42901634, 48.20793452 ], [ 16.42852443, 48.20762483 ], [ 16.42978253, 48.2067325 ], [ 16.43029159, 48.20707877 ] ] ] } },
{ "type": "Feature", "properties": { "LEV1": "Verkehr", "LEV2": "weitere verkehrliche Nutzungen", "LEV3": "Bahnhof, Bahnanlage", "FLAECHE": 89508.006208799998 }, "geometry": { "type": "Polygon", "coordinates": [ [ [ 16.4545475, 48.19098849 ], [ 16.45426245, 48.19117287 ], [ 16.4534518, 48.1917499 ], [ 16.45282121, 48.19217267 ], [ 16.45227857, 48.19253647 ], [ 16.45221132, 48.19259734 ], [ 16.45062957, 48.19367143 ], [ 16.45061879, 48.19367875 ], [ 16.45044852, 48.19355883 ], [ 16.45125928, 48.19300668 ], [ 16.45179857, 48.19267375 ], [ 16.45424234, 48.19102208 ], [ 16.45504355, 48.19049973 ], [ 16.45541855, 48.19021732 ], [ 16.45555996, 48.1900756 ], [ 16.4556001, 48.19003538 ], [ 16.45573561, 48.18989098 ], [ 16.4558527, 48.18971727 ], [ 16.45598129, 48.1895265 ], [ 16.45620903, 48.18951902 ], [ 16.45631626, 48.18950412 ], [ 16.45642417, 48.18946389 ], [ 16.45654182, 48.1893903 ], [ 16.45682909, 48.18915617 ], [ 16.45708848, 48.18896614 ], [ 16.45777218, 48.18853878 ], [ 16.45852409, 48.18807177 ], [ 16.45912491, 48.18769665 ], [ 16.46041267, 48.18686834 ], [ 16.46299189, 48.18517694 ], [ 16.46342368, 48.18483625 ], [ 16.4637517, 48.18468057 ], [ 16.4640906, 48.18446355 ], [ 16.46422721, 48.18437708 ], [ 16.46480881, 48.18400895 ], [ 16.46517954, 48.18362335 ], [ 16.4656783, 48.18329121 ], [ 16.4666136, 48.18260145 ], [ 16.4682599, 48.18156354 ], [ 16.46948601, 48.18077576 ], [ 16.47141104, 48.17951778 ], [ 16.47167786, 48.17943005 ], [ 16.47201655, 48.17926291 ], [ 16.47263893, 48.17884415 ], [ 16.47326218, 48.17842479 ], [ 16.47358885, 48.17824202 ], [ 16.4736385, 48.17820941 ], [ 16.47376986, 48.17821316 ], [ 16.47451189, 48.17774918 ], [ 16.47651366, 48.17645952 ], [ 16.47797485, 48.17553352 ], [ 16.47813107, 48.17541911 ], [ 16.47814381, 48.17529397 ], [ 16.47815207, 48.17523904 ], [ 16.47815411, 48.17522543 ], [ 16.4782643, 48.17515326 ], [ 16.47852116, 48.17497298 ], [ 16.47866798, 48.17487343 ], [ 16.47965165, 48.17414537 ], [ 16.47981514, 48.17399776 ], [ 16.48014731, 48.17358923 ], [ 16.48028389, 48.17338959 ], [ 16.48037487, 48.17318065 ], [ 16.48041201, 48.17299885 ], [ 16.48038775, 48.17273835 ], [ 16.48031913, 48.1725306 ], [ 16.48028001, 48.17243757 ], [ 16.48020586, 48.17231508 ], [ 16.48004978, 48.17211905 ], [ 16.47994787, 48.17199118 ], [ 16.47996511, 48.17198647 ], [ 16.48009417, 48.17194407 ], [ 16.48021711, 48.17191792 ], [ 16.48038221, 48.1719134 ], [ 16.48043109, 48.17192969 ], [ 16.48051826, 48.17195873 ], [ 16.48061231, 48.17203218 ], [ 16.4806687, 48.17214713 ], [ 16.48076932, 48.17259496 ], [ 16.48075986, 48.17277794 ], [ 16.48075019, 48.17296488 ], [ 16.48073382, 48.17316518 ], [ 16.48071063, 48.17325526 ], [ 16.48066665, 48.17342607 ], [ 16.4805096, 48.17380794 ], [ 16.48029004, 48.17409546 ], [ 16.48009811, 48.17416756 ], [ 16.48009148, 48.17417388 ], [ 16.48000346, 48.17425776 ], [ 16.47999344, 48.17427166 ], [ 16.48004769, 48.17431502 ], [ 16.479262, 48.17486191 ], [ 16.47915006, 48.17493983 ], [ 16.47541338, 48.17738738 ], [ 16.47176772, 48.17977497 ], [ 16.46969966, 48.18112921 ], [ 16.46596167, 48.18356473 ], [ 16.46494559, 48.18423075 ], [ 16.46444989, 48.184552 ], [ 16.46435412, 48.18461429 ], [ 16.4637322, 48.1850188 ], [ 16.4612172, 48.1866545 ], [ 16.46105926, 48.18674299 ], [ 16.46089439, 48.18685883 ], [ 16.4608721, 48.18687449 ], [ 16.46051105, 48.18711145 ], [ 16.45995701, 48.18747506 ], [ 16.45967717, 48.18765707 ], [ 16.45948958, 48.18777909 ], [ 16.45878096, 48.188234 ], [ 16.45876659, 48.1882433 ], [ 16.45516182, 48.1905756 ], [ 16.45512252, 48.19060238 ], [ 16.45493508, 48.19073009 ], [ 16.45471209, 48.19088202 ], [ 16.4545475, 48.19098849 ] ] ] } },
{ "type": "Feature", "properties": { "LEV1": "Verkehr", "LEV2": "weitere verkehrliche Nutzungen", "LEV3": "Bahnhof, Bahnanlage", "FLAECHE": 59993.865321450001 }, "geometry": { "type": "Polygon", "coordinates": [ [ [ 16.44009814, 48.20034527 ], [ 16.43996856, 48.20046266 ], [ 16.43993015, 48.20049273 ], [ 16.43994776, 48.20044377 ], [ 16.43997269, 48.20037443 ], [ 16.44005048, 48.20012408 ], [ 16.44008424, 48.19992323 ], [ 16.4400797, 48.19980992 ], [ 16.44005944, 48.19963385 ], [ 16.44001647, 48.19947399 ], [ 16.439952, 48.1993209 ], [ 16.43990069, 48.19934482 ], [ 16.43983548, 48.19937523 ], [ 16.43966969, 48.1990813 ], [ 16.43963112, 48.19903277 ], [ 16.43927312, 48.19867714 ], [ 16.43843296, 48.1978926 ], [ 16.43842297, 48.19787076 ], [ 16.43841862, 48.19784693 ], [ 16.43842003, 48.19783916 ], [ 16.43842274, 48.19782435 ], [ 16.43855449, 48.19775698 ], [ 16.43856774, 48.19775021 ], [ 16.43850519, 48.19767804 ], [ 16.43847147, 48.19763914 ], [ 16.43835806, 48.19769896 ], [ 16.43830187, 48.19761334 ], [ 16.43808929, 48.19728937 ], [ 16.43784409, 48.19696035 ], [ 16.4363058, 48.19462696 ], [ 16.43610885, 48.19427001 ], [ 16.43621536, 48.19418691 ], [ 16.43603011, 48.19389542 ], [ 16.43582426, 48.19386664 ], [ 16.43498154, 48.19251687 ], [ 16.43509128, 48.19251127 ], [ 16.4350153, 48.19238076 ], [ 16.43485673, 48.19238657 ], [ 16.43300749, 48.18962289 ], [ 16.43281262, 48.18927124 ], [ 16.43283547, 48.18912067 ], [ 16.43281753, 48.18909416 ], [ 16.43279566, 48.18905218 ], [ 16.43273309, 48.18896356 ], [ 16.43265202, 48.18883673 ], [ 16.43253716, 48.18883467 ], [ 16.43245899, 48.18874597 ], [ 16.43201328, 48.18807129 ], [ 16.43155359, 48.18737543 ], [ 16.4314423, 48.18719332 ], [ 16.43145002, 48.18718716 ], [ 16.43151428, 48.18713588 ], [ 16.43160419, 48.18710424 ], [ 16.4314848, 48.18690802 ], [ 16.43146464, 48.18691145 ], [ 16.43142026, 48.18683928 ], [ 16.43133971, 48.18671504 ], [ 16.43109899, 48.18634374 ], [ 16.43123919, 48.18630388 ], [ 16.43125429, 48.18632878 ], [ 16.43171603, 48.18702291 ], [ 16.43175599, 48.18708298 ], [ 16.43178111, 48.18707631 ], [ 16.43182938, 48.1870635 ], [ 16.43193728, 48.18722762 ], [ 16.43202128, 48.18734186 ], [ 16.43209402, 48.1874749 ], [ 16.43299322, 48.18868724 ], [ 16.43285142, 48.18873422 ], [ 16.43300627, 48.18897484 ], [ 16.433088, 48.1890933 ], [ 16.43318952, 48.1890677 ], [ 16.43321718, 48.18906072 ], [ 16.4334865, 48.18937481 ], [ 16.43364119, 48.18961485 ], [ 16.43414972, 48.1904039 ], [ 16.43541636, 48.19236915 ], [ 16.43525108, 48.19237867 ], [ 16.4353498, 48.19251321 ], [ 16.4355237, 48.19250991 ], [ 16.43626014, 48.19362974 ], [ 16.4362929, 48.1937352 ], [ 16.43619634, 48.19381416 ], [ 16.43633553, 48.19402724 ], [ 16.43637712, 48.1940909 ], [ 16.43646844, 48.19408633 ], [ 16.43662568, 48.19422244 ], [ 16.43759554, 48.19568604 ], [ 16.43779835, 48.19594073 ], [ 16.43845462, 48.19694659 ], [ 16.43875002, 48.19738065 ], [ 16.43878529, 48.19743246 ], [ 16.43880653, 48.19745648 ], [ 16.43889341, 48.19755468 ], [ 16.43890988, 48.19759065 ], [ 16.43914968, 48.19790929 ], [ 16.4392463, 48.19800208 ], [ 16.43963139, 48.19835152 ], [ 16.43993089, 48.19861537 ], [ 16.44042283, 48.1990004 ], [ 16.44052948, 48.19907497 ], [ 16.44058253, 48.19904435 ], [ 16.44096749, 48.1993224 ], [ 16.44099234, 48.19929144 ], [ 16.44118958, 48.19935787 ], [ 16.44126081, 48.19937912 ], [ 16.44126684, 48.19940316 ], [ 16.44123715, 48.19949042 ], [ 16.44123442, 48.1995038 ], [ 16.44123053, 48.19952601 ], [ 16.44130766, 48.19958286 ], [ 16.44135256, 48.19961595 ], [ 16.44132531, 48.199634 ], [ 16.44122433, 48.19970089 ], [ 16.44120573, 48.19971321 ], [ 16.44115752, 48.19968007 ], [ 16.44107681, 48.19962457 ], [ 16.44105526, 48.19960889 ], [ 16.43965673, 48.19859145 ], [ 16.43952695, 48.19867017 ], [ 16.43981523, 48.19894357 ], [ 16.43996008, 48.1991269 ], [ 16.44010636, 48.19941932 ], [ 16.44018173, 48.19970326 ], [ 16.44018587, 48.19995471 ], [ 16.44014899, 48.20014342 ], [ 16.44009814, 48.20034527 ] ] ] } },
{ "type": "Feature", "properties": { "LEV1": "Verkehr", "LEV2": "weitere verkehrliche Nutzungen", "LEV3": "Bahnhof, Bahnanlage", "FLAECHE": 24570.927926920001 }, "geometry": { "type": "Polygon", "coordinates": [ [ [ 16.40124062, 48.22895508 ], [ 16.40107555, 48.22912883 ], [ 16.4013219, 48.22929018 ], [ 16.40134403, 48.22930467 ], [ 16.40018031, 48.23020088 ], [ 16.39942187, 48.23077011 ], [ 16.39736358, 48.23240924 ], [ 16.39667316, 48.23285216 ], [ 16.39633847, 48.23267518 ], [ 16.39943341, 48.23008689 ], [ 16.40102321, 48.22882894 ], [ 16.40124062, 48.22895508 ] ] ] } },
{ "type": "Feature", "properties": { "LEV1": "Verkehr", "LEV2": "weitere verkehrliche Nutzungen", "LEV3": "Bahnhof, Bahnanlage", "FLAECHE": 15863.02860001 }, "geometry": { "type": "Polygon", "coordinates": [ [ [ 16.40140788, 48.20648339 ], [ 16.40142125, 48.20641342 ], [ 16.40450122, 48.20668547 ], [ 16.40475694, 48.20675403 ], [ 16.40558661, 48.20751939 ], [ 16.40565712, 48.20762556 ], [ 16.40573728, 48.20780241 ], [ 16.40580405, 48.20802531 ], [ 16.40594064, 48.20854296 ], [ 16.40564132, 48.20857327 ], [ 16.40594853, 48.20890053 ], [ 16.40616644, 48.20906084 ], [ 16.40643103, 48.20930988 ], [ 16.4057218, 48.20968227 ], [ 16.40515559, 48.20916019 ], [ 16.40509907, 48.20905114 ], [ 16.40520308, 48.20845402 ], [ 16.40525542, 48.20845641 ], [ 16.40529062, 48.20802229 ], [ 16.40527045, 48.20782589 ], [ 16.40521131, 48.20757438 ], [ 16.4049037, 48.20713516 ], [ 16.40474233, 48.20699541 ], [ 16.40452569, 48.20687521 ], [ 16.40422741, 48.2067672 ], [ 16.40392743, 48.20670308 ], [ 16.4018456, 48.20653027 ], [ 16.40140788, 48.20648339 ] ] ] } },
{ "type": "Feature", "properties": { "LEV1": "Verkehr", "LEV2": "weitere verkehrliche Nutzungen", "LEV3": "Transport, Logistik inkl. Lager", "FLAECHE": 2350.41765 }, "geometry": { "type": "Polygon", "coordinates": [ [ [ 16.45041126, 48.19289834 ], [ 16.45049229, 48.1929247 ], [ 16.45064255, 48.19299587 ], [ 16.4507634, 48.19308299 ], [ 16.45077921, 48.19311597 ], [ 16.45042008, 48.19335807 ], [ 16.45039445, 48.19338328 ], [ 16.45031756, 48.19346654 ], [ 16.45004655, 48.19329243 ], [ 16.44999101, 48.19323565 ], [ 16.44996516, 48.19316571 ], [ 16.44997093, 48.19309699 ], [ 16.44999647, 48.19303222 ], [ 16.45006358, 48.1929674 ], [ 16.45015239, 48.19292369 ], [ 16.45028872, 48.19289451 ], [ 16.45041126, 48.19289834 ] ] ] } },
{ "type": "Feature", "properties": { "LEV1": "Verkehr", "LEV2": "weitere verkehrliche Nutzungen", "LEV3": "Bahnhof, Bahnanlage", "FLAECHE": 13985.34829894 }, "geometry": { "type": "Polygon", "coordinates": [ [ [ 16.45833434, 48.18499911 ], [ 16.45759214, 48.18548585 ], [ 16.45714395, 48.18584668 ], [ 16.4569571, 48.18599958 ], [ 16.45700841, 48.1860302 ], [ 16.45666698, 48.18632823 ], [ 16.45658009, 48.18644047 ], [ 16.45654942, 48.18650138 ], [ 16.45650192, 48.18659568 ], [ 16.45643883, 48.18687769 ], [ 16.45642541, 48.18710243 ], [ 16.45642395, 48.18712691 ], [ 16.45632584, 48.1871012 ], [ 16.45639761, 48.18656333 ], [ 16.45641983, 48.18646096 ], [ 16.45703777, 48.18576172 ], [ 16.45736406, 48.18543231 ], [ 16.45845187, 48.18473697 ], [ 16.45927546, 48.18418031 ], [ 16.46026023, 48.18316346 ], [ 16.46058665, 48.18290059 ], [ 16.46073059, 48.18297787 ], [ 16.46194872, 48.18199753 ], [ 16.46192338, 48.18197625 ], [ 16.46361209, 48.18060534 ], [ 16.46377651, 48.18069617 ], [ 16.46151583, 48.18255397 ], [ 16.46039665, 48.1834753 ], [ 16.45967331, 48.18403446 ], [ 16.45938558, 48.18423289 ], [ 16.45926986, 48.18431269 ], [ 16.4592052, 48.18435523 ], [ 16.45869813, 48.18468877 ], [ 16.45875429, 48.1847237 ], [ 16.45833434, 48.18499911 ] ] ] } },
{ "type": "Feature", "properties": { "LEV1": "Verkehr", "LEV2": "weitere verkehrliche Nutzungen", "LEV3": "Bahnhof, Bahnanlage", "FLAECHE": 16104.44437592 }, "geometry": { "type": "Polygon", "coordinates": [ [ [ 16.40659321, 48.22488736 ], [ 16.40635862, 48.22513446 ], [ 16.40624903, 48.22523172 ], [ 16.40602968, 48.2254264 ], [ 16.40574779, 48.22564153 ], [ 16.40565803, 48.22571009 ], [ 16.4054822, 48.22584959 ], [ 16.40526656, 48.22573038 ], [ 16.4054997, 48.22555379 ], [ 16.40591057, 48.22522988 ], [ 16.40611838, 48.22503972 ], [ 16.40658917, 48.22464625 ], [ 16.40672842, 48.22451019 ], [ 16.40698787, 48.22428772 ], [ 16.40739978, 48.22395544 ], [ 16.40805922, 48.22345366 ], [ 16.41285237, 48.21989501 ], [ 16.4130334, 48.22000451 ], [ 16.40971109, 48.22248379 ], [ 16.4074975, 48.22413549 ], [ 16.40721968, 48.22434278 ], [ 16.4068977, 48.22458302 ], [ 16.40659321, 48.22488736 ] ] ] } },
{ "type": "Feature", "properties": { "LEV1": "Verkehr", "LEV2": "weitere verkehrliche Nutzungen", "LEV3": "Transport, Logistik inkl. Lager", "FLAECHE": 32566.287403040002 }, "geometry": { "type": "Polygon", "coordinates": [ [ [ 16.46259131, 48.17847363 ], [ 16.46241853, 48.17852976 ], [ 16.46233534, 48.17860224 ], [ 16.46216346, 48.17870091 ], [ 16.46201657, 48.17879019 ], [ 16.46018547, 48.18032448 ], [ 16.45927513, 48.18106972 ], [ 16.45922934, 48.18110797 ], [ 16.45888486, 48.18093465 ], [ 16.45976478, 48.18017155 ], [ 16.45982251, 48.17996565 ], [ 16.46021266, 48.17962587 ], [ 16.45985886, 48.17950769 ], [ 16.46018776, 48.1791544 ], [ 16.46002102, 48.17910286 ], [ 16.45965821, 48.17920977 ], [ 16.45958177, 48.17917978 ], [ 16.45945065, 48.17912203 ], [ 16.45939085, 48.17907656 ], [ 16.4591709, 48.17897587 ], [ 16.45922965, 48.17889448 ], [ 16.45932996, 48.17886343 ], [ 16.46012969, 48.17862541 ], [ 16.46032497, 48.17856729 ], [ 16.46131276, 48.17828959 ], [ 16.46247644, 48.17796446 ], [ 16.46357497, 48.17761989 ], [ 16.46356897, 48.17774832 ], [ 16.46343506, 48.17786106 ], [ 16.46288775, 48.17822742 ], [ 16.46259131, 48.17847363 ] ] ] } },
{ "type": "Feature", "properties": { "LEV1": "Verkehr", "LEV2": "weitere verkehrliche Nutzungen", "LEV3": "Parkplatz, Parkhaus", "FLAECHE": 9605.5246811399993 }, "geometry": { "type": "Polygon", "coordinates": [ [ [ 16.42269207, 48.21374556 ], [ 16.42225139, 48.21349407 ], [ 16.4218034, 48.21379482 ], [ 16.42179478, 48.21380066 ], [ 16.4217009, 48.21373228 ], [ 16.42163072, 48.2136889 ], [ 16.42229263, 48.21321176 ], [ 16.42306056, 48.21265527 ], [ 16.42334621, 48.21244828 ], [ 16.4233522, 48.2124526 ], [ 16.42336789, 48.21245995 ], [ 16.42374456, 48.2126923 ], [ 16.42391871, 48.2128059 ], [ 16.4239617, 48.21283395 ], [ 16.42367148, 48.21304234 ], [ 16.4235464, 48.21313215 ], [ 16.42269207, 48.21374556 ] ] ] } },
{ "type": "Feature", "properties": { "LEV1": "Verkehr", "LEV2": "weitere verkehrliche Nutzungen", "LEV3": "Bahnhof, Bahnanlage", "FLAECHE": 12183.250442070001 }, "geometry": { "type": "Polygon", "coordinates": [ [ [ 16.39167862, 48.23184484 ], [ 16.39185585, 48.2320507 ], [ 16.39201256, 48.23220315 ], [ 16.39215779, 48.23235518 ], [ 16.3915811, 48.23282977 ], [ 16.39156943, 48.23282364 ], [ 16.39142141, 48.23274581 ], [ 16.39138074, 48.23272452 ], [ 16.39071298, 48.232375 ], [ 16.3900731, 48.23204696 ], [ 16.39083255, 48.23140366 ], [ 16.39167862, 48.23184484 ] ] ] } },
{ "type": "Feature", "properties": { "LEV1": "Verkehr", "LEV2": "weitere verkehrliche Nutzungen", "LEV3": "Transport, Logistik inkl. Lager", "FLAECHE": 39602.536927410001 }, "geometry": { "type": "Polygon", "coordinates": [ [ [ 16.46230793, 48.18420274 ], [ 16.46204609, 48.18437725 ], [ 16.46190532, 48.18429851 ], [ 16.46345886, 48.18302378 ], [ 16.46301005, 48.18277622 ], [ 16.46306668, 48.18270298 ], [ 16.46461978, 48.18127952 ], [ 16.46654458, 48.17915368 ], [ 16.46712181, 48.1787961 ], [ 16.46761897, 48.17918455 ], [ 16.46749391, 48.17929173 ], [ 16.4670883, 48.17974833 ], [ 16.4665758, 48.18031612 ], [ 16.46605981, 48.18089228 ], [ 16.46528937, 48.18167673 ], [ 16.46438862, 48.18252643 ], [ 16.46391928, 48.18295143 ], [ 16.46342907, 48.18337286 ], [ 16.4628719, 48.1838021 ], [ 16.46230793, 48.18420274 ] ] ] } },
{ "type": "Feature", "properties": { "LEV1": "Verkehr", "LEV2": "weitere verkehrliche Nutzungen", "LEV3": "Transport, Logistik inkl. Lager", "FLAECHE": 202435.39987441001 }, "geometry": { "type": "Polygon", "coordinates": [ [ [ 16.4637973, 48.18430326 ], [ 16.46367235, 48.18422449 ], [ 16.46364065, 48.1842045 ], [ 16.4628644, 48.18485063 ], [ 16.46166206, 48.18565226 ], [ 16.46198012, 48.18493848 ], [ 16.46215889, 48.18468206 ], [ 16.46228819, 48.18454288 ], [ 16.46250168, 48.18435118 ], [ 16.46363516, 48.18350825 ], [ 16.46464482, 48.1826427 ], [ 16.46564842, 48.18167938 ], [ 16.4672234, 48.17999559 ], [ 16.46729551, 48.17994188 ], [ 16.46778308, 48.17957874 ], [ 16.46806662, 48.1793999 ], [ 16.4684916, 48.17926838 ], [ 16.46894503, 48.17921713 ], [ 16.47022392, 48.17921224 ], [ 16.47087222, 48.17920976 ], [ 16.47087189, 48.17908556 ], [ 16.47021854, 48.17909101 ], [ 16.46871238, 48.17910354 ], [ 16.46871152, 48.17876962 ], [ 16.46943023, 48.17834692 ], [ 16.46965672, 48.17826852 ], [ 16.46992134, 48.17820659 ], [ 16.46991472, 48.17819152 ], [ 16.46987205, 48.17809424 ], [ 16.46984239, 48.17802662 ], [ 16.46983963, 48.17802035 ], [ 16.47031282, 48.17771385 ], [ 16.47045397, 48.17764425 ], [ 16.47056193, 48.17760839 ], [ 16.47082127, 48.17752223 ], [ 16.47140946, 48.17748791 ], [ 16.47208307, 48.17756994 ], [ 16.47207721, 48.17718009 ], [ 16.47207557, 48.17707074 ], [ 16.47207361, 48.17694096 ], [ 16.47168289, 48.17700096 ], [ 16.47130009, 48.17711005 ], [ 16.47124682, 48.17710247 ], [ 16.47208955, 48.17656062 ], [ 16.47240377, 48.17640287 ], [ 16.47310453, 48.17613133 ], [ 16.4730678, 48.17607094 ], [ 16.4743951, 48.17553902 ], [ 16.47460399, 48.17545143 ], [ 16.47578343, 48.17495683 ], [ 16.47839287, 48.17381587 ], [ 16.47850854, 48.17376529 ], [ 16.47839621, 48.173646 ], [ 16.479592, 48.1731197 ], [ 16.47975252, 48.17304905 ], [ 16.47969817, 48.17298697 ], [ 16.47952624, 48.1730478 ], [ 16.4795859, 48.17298613 ], [ 16.47964209, 48.17284 ], [ 16.47966821, 48.17222483 ], [ 16.47968708, 48.17214612 ], [ 16.47977603, 48.1720773 ], [ 16.47999998, 48.17235158 ], [ 16.48013161, 48.17259361 ], [ 16.48018722, 48.17281225 ], [ 16.48019083, 48.17295083 ], [ 16.48017512, 48.17310239 ], [ 16.48012049, 48.17327783 ], [ 16.48004271, 48.17339826 ], [ 16.47985105, 48.1736656 ], [ 16.47947198, 48.17403614 ], [ 16.47877114, 48.1745937 ], [ 16.47864296, 48.17457929 ], [ 16.47833373, 48.17473256 ], [ 16.47813181, 48.17474567 ], [ 16.47796341, 48.1747716 ], [ 16.47782908, 48.17486511 ], [ 16.47777654, 48.17502607 ], [ 16.47770461, 48.17512265 ], [ 16.47692181, 48.17561914 ], [ 16.47622058, 48.17605446 ], [ 16.47603154, 48.17620839 ], [ 16.47566217, 48.17645364 ], [ 16.47457061, 48.17715085 ], [ 16.47442062, 48.1771254 ], [ 16.47402571, 48.17682982 ], [ 16.47324839, 48.17602315 ], [ 16.47309475, 48.17609411 ], [ 16.47389958, 48.17692926 ], [ 16.47429058, 48.17722053 ], [ 16.47430858, 48.17731647 ], [ 16.47387915, 48.17758426 ], [ 16.47087281, 48.17758782 ], [ 16.47087234, 48.17771517 ], [ 16.47350218, 48.17770999 ], [ 16.47355481, 48.17777899 ], [ 16.47230222, 48.17857441 ], [ 16.46958088, 48.17857194 ], [ 16.46958039, 48.17869586 ], [ 16.47188273, 48.17869245 ], [ 16.47198443, 48.17876221 ], [ 16.4707303, 48.17954906 ], [ 16.46852705, 48.17956107 ], [ 16.46852591, 48.1796939 ], [ 16.47034043, 48.17968838 ], [ 16.47039427, 48.17975828 ], [ 16.46941941, 48.18034551 ], [ 16.46704343, 48.18192916 ], [ 16.46689161, 48.18202872 ], [ 16.46661261, 48.18221168 ], [ 16.46525862, 48.18308915 ], [ 16.46461867, 48.18353324 ], [ 16.46435218, 48.18376889 ], [ 16.46404178, 48.18403193 ], [ 16.46395392, 48.18406773 ], [ 16.46389426, 48.18408668 ], [ 16.46383466, 48.1841309 ], [ 16.46380969, 48.1842045 ], [ 16.4637973, 48.18430326 ] ] ] } },
{ "type": "Feature", "properties": { "LEV1": "Verkehr", "LEV2": "weitere verkehrliche Nutzungen", "LEV3": "Bahnhof, Bahnanlage", "FLAECHE": 6631.9461224500001 }, "geometry": { "type": "Polygon", "coordinates": [ [ [ 16.40520575, 48.22604356 ], [ 16.40504059, 48.22613594 ], [ 16.40482769, 48.22625503 ], [ 16.4047866, 48.22628043 ], [ 16.40466981, 48.22635261 ], [ 16.40447951, 48.22648207 ], [ 16.40398387, 48.22681374 ], [ 16.40352455, 48.22713848 ], [ 16.40344358, 48.22719573 ], [ 16.40258833, 48.22779095 ], [ 16.40226428, 48.22804951 ], [ 16.40196636, 48.22831984 ], [ 16.40150608, 48.22877138 ], [ 16.4012795, 48.22894112 ], [ 16.40108701, 48.22883043 ], [ 16.40110732, 48.22881225 ], [ 16.40107203, 48.22879177 ], [ 16.4028245, 48.22745051 ], [ 16.40352335, 48.22696321 ], [ 16.40450265, 48.22625325 ], [ 16.40454211, 48.22627346 ], [ 16.4050025, 48.22593126 ], [ 16.40520575, 48.22604356 ] ] ] } },
{ "type": "Feature", "properties": { "LEV1": "Verkehr", "LEV2": "weitere verkehrliche Nutzungen", "LEV3": "Bahnhof, Bahnanlage", "FLAECHE": 10738.642794290001 }, "geometry": { "type": "Polygon", "coordinates": [ [ [ 16.42025344, 48.21470437 ], [ 16.42001943, 48.21486927 ], [ 16.41895065, 48.21563867 ], [ 16.41807711, 48.2162675 ], [ 16.41579035, 48.21794679 ], [ 16.41569573, 48.21788856 ], [ 16.41561834, 48.21783908 ], [ 16.41586706, 48.21768863 ], [ 16.41684433, 48.21694088 ], [ 16.4187, 48.21559193 ], [ 16.41871269, 48.21558275 ], [ 16.41877833, 48.21553524 ], [ 16.42136278, 48.21366472 ], [ 16.42140037, 48.21368784 ], [ 16.42152751, 48.21376604 ], [ 16.42147966, 48.21380007 ], [ 16.42103583, 48.21412919 ], [ 16.42038851, 48.21460919 ], [ 16.42025344, 48.21470437 ] ] ] } },
{ "type": "Feature", "properties": { "LEV1": "Verkehr", "LEV2": "weitere verkehrliche Nutzungen", "LEV3": "Bahnhof, Bahnanlage", "FLAECHE": 4091.0157164399998 }, "geometry": { "type": "Polygon", "coordinates": [ [ [ 16.44471176, 48.20205046 ], [ 16.44460373, 48.20212375 ], [ 16.44203487, 48.20027759 ], [ 16.44167451, 48.2000323 ], [ 16.44120573, 48.19971321 ], [ 16.44122433, 48.19970089 ], [ 16.44132531, 48.199634 ], [ 16.44135256, 48.19961595 ], [ 16.44151484, 48.19976869 ], [ 16.44158489, 48.1998188 ], [ 16.44212769, 48.20020762 ], [ 16.44471176, 48.20205046 ] ] ] } },
{ "type": "Feature", "properties": { "LEV1": "Verkehr", "LEV2": "weitere verkehrliche Nutzungen", "LEV3": "Parkplatz, Parkhaus", "FLAECHE": 12974.51738868 }, "geometry": { "type": "Polygon", "coordinates": [ [ [ 16.4736385, 48.17820941 ], [ 16.47358885, 48.17824202 ], [ 16.47326218, 48.17842479 ], [ 16.47263893, 48.17884415 ], [ 16.47235776, 48.17870051 ], [ 16.47245431, 48.17862621 ], [ 16.47267293, 48.17851749 ], [ 16.47304005, 48.1782764 ], [ 16.47309517, 48.17826932 ], [ 16.47320795, 48.17820767 ], [ 16.47328116, 48.17807754 ], [ 16.47534501, 48.17676447 ], [ 16.47537923, 48.17678898 ], [ 16.47593873, 48.17642792 ], [ 16.47599023, 48.17639469 ], [ 16.47616862, 48.17633125 ], [ 16.47634952, 48.17619919 ], [ 16.47631001, 48.17615715 ], [ 16.47723039, 48.17556921 ], [ 16.47727243, 48.17555153 ], [ 16.47732498, 48.17554445 ], [ 16.47764618, 48.17555696 ], [ 16.47771899, 48.1755598 ], [ 16.47701629, 48.17604558 ], [ 16.47657564, 48.17628327 ], [ 16.47643008, 48.17637759 ], [ 16.47624733, 48.176496 ], [ 16.47441592, 48.17769884 ], [ 16.4736385, 48.17820941 ] ] ] } },
{ "type": "Feature", "properties": { "LEV1": "Verkehr", "LEV2": "weitere verkehrliche Nutzungen", "LEV3": "Parkplatz, Parkhaus", "FLAECHE": 11841.650138479999 }, "geometry": { "type": "Polygon", "coordinates": [ [ [ 16.41222798, 48.21293027 ], [ 16.41032468, 48.21390984 ], [ 16.40976351, 48.213447 ], [ 16.41165774, 48.21247892 ], [ 16.4117012, 48.21246008 ], [ 16.41179117, 48.21253729 ], [ 16.41211104, 48.21283358 ], [ 16.41222798, 48.21293027 ] ] ] } },
{ "type": "Feature", "properties": { "LEV1": "Verkehr", "LEV2": "weitere verkehrliche Nutzungen", "LEV3": "Parkplatz, Parkhaus", "FLAECHE": 26322.792168600001 }, "geometry": { "type": "Polygon", "coordinates": [ [ [ 16.41809118, 48.20383003 ], [ 16.41986365, 48.20499312 ], [ 16.41811902, 48.20594182 ], [ 16.41685393, 48.20447685 ], [ 16.41684707, 48.20446891 ], [ 16.4180812, 48.20382403 ], [ 16.41809118, 48.20383003 ] ] ] } },
{ "type": "Feature", "properties": { "LEV1": "Verkehr", "LEV2": "weitere verkehrliche Nutzungen", "LEV3": "Bahnhof, Bahnanlage", "FLAECHE": 12848.5318794 }, "geometry": { "type": "Polygon", "coordinates": [ [ [ 16.43165896, 48.20658012 ], [ 16.42584304, 48.21065956 ], [ 16.42334621, 48.21244828 ], [ 16.42324852, 48.21238449 ], [ 16.42321075, 48.21236049 ], [ 16.42699183, 48.20966796 ], [ 16.42888251, 48.20833294 ], [ 16.43027488, 48.20736009 ], [ 16.43096255, 48.20686328 ], [ 16.43149114, 48.20649587 ], [ 16.43165896, 48.20658012 ] ] ] } },
{ "type": "Feature", "properties": { "LEV1": "Verkehr", "LEV2": "weitere verkehrliche Nutzungen", "LEV3": "Bahnhof, Bahnanlage", "FLAECHE": 3749.7919175100001 }, "geometry": { "type": "Polygon", "coordinates": [ [ [ 16.43384328, 48.20513336 ], [ 16.43361535, 48.20528926 ], [ 16.43293754, 48.20575286 ], [ 16.43289419, 48.20573635 ], [ 16.43183729, 48.20647513 ], [ 16.43166827, 48.20638336 ], [ 16.43172002, 48.20634739 ], [ 16.4330373, 48.2054319 ], [ 16.43364729, 48.2050069 ], [ 16.43384328, 48.20513336 ] ] ] } }
]
}
